tree
version=v4
num_class=1
num_tree_per_iteration=1
label_index=0
max_feature_idx=84
objective=binary sigmoid:1
feature_names=Column_0 Column_1 Column_2 Column_3 Column_4 Column_5 Column_6 Column_7 Column_8 Column_9 Column_10 Column_11 Column_12 Column_13 Column_14 Column_15 Column_16 Column_17 Column_18 Column_19 Column_20 Column_21 Column_22 Column_23 Column_24 Column_25 Column_26 Column_27 Column_28 Column_29 Column_30 Column_31 Column_32 Column_33 Column_34 Column_35 Column_36 Column_37 Column_38 Column_39 Column_40 Column_41 Column_42 Column_43 Column_44 Column_45 Column_46 Column_47 Column_48 Column_49 Column_50 Column_51 Column_52 Column_53 Column_54 Column_55 Column_56 Column_57 Column_58 Column_59 Column_60 Column_61 Column_62 Column_63 Column_64 Column_65 Column_66 Column_67 Column_68 Column_69 Column_70 Column_71 Column_72 Column_73 Column_74 Column_75 Column_76 Column_77 Column_78 Column_79 Column_80 Column_81 Column_82 Column_83 Column_84
feature_infos=[62331.989999999998:66916] [62380.919999999998:66956.149999999994] [62275:66893.990000000005] [62332:66915.990000000005] [0.22696:1007.14067] [14294.396520300001:64698197.0763271] [87:52066] [0.027650000000000001:204.90919] [1790.0412371:13114223.9267905] [-0.0059241770313569475:0.0042702452001024405] [-0.0073214387284620264:0.007644611035227511] [-0.009247343794227203:0.0075240919199406342] [-0.01109004564138294:0.0094935628338455036] [-0.011238369574700258:0.011095098202243081] [-0.015773039645141096:0.011997613092904036] [-0.019835517300331285:0.019557854314202539] [-0.0059417945822256464:0.004261153576187466] [-0.009247343794227203:0.0075240919199406342] [-0.011238369574700258:0.011095098202243081] [-0.015773039645141096:0.011997613092904036] [-0.019835517300331285:0.019557854314202539] [-0.0090675419739902896:0.011095098202243081] [-0.015878280656420496:0.018360963369199679] [-0.018899113627969921:0.018140981754958263] [9.3377918030616343:90.928168556983081] [3.4100149805970688:96.539142802276928] [0:1] [0:1] [0:1] [-219.77447516825487:170.59258746409614] [-192.06809318233448:155.48656025443677] [-60.091132221837093:62.896013735405404] [62623.411521184367:67009.477793744343] [62480.744000000006:66868.381000000008] [62317.81712629534:66780.007292849463] [0.049185529646738238:1.7488505275761352] [-0.55207309756669809:1.5596917956348653] [62421.494297887584:66881.721536455385] [62476.292151883528:66840.112386916851] [62543.315651425561:66801.754929538351] [0:1] [5.7249139445977963:132.37210490121856] [9.5434964924448771:75.871772912777146] [3.072100255134643:100] [4507.5116699999953:8353.4259699999875] [4556.7448470001773:8319.879462444429] [-0.67885847983692282:0.76759963132296061] [0.029242489774720239:4.7266843545434609] [0.020932328988495778:12.591218455805418] [0.032703398042411583:17.745721897478703] [0.046768145789538453:26.543282999445381] [-0.99427969555130946:646.44355833627071] [0.0090016180123515879:0.98894173551935904] [0.011058264480640956:0.99099838198764845] [-0.98199676397529689:0.97788347103871809] [62534.935735687475:66822.542163311853] [-0.011303165505412393:0.0084991821690803028] [2.439941375554351e-05:0.0030705039592952565] [0.00010053389399083836:0.0014308827567592927] [8.0716311844037834e-05:0.0013149285623162762] [0.0001578413924282322:0.00084587962880450717] [4.5126050141819659e-05:0.0046886693376403648] [7.7094188156945886e-06:0.00049537924085562993] [0.0005396720941203253:0.003998139844036166] [0.0011111191640425144:0.006005848020420864] [0.0047354835725519082:0.007480119310016878] [0.058317958372354178:0.99719166054276698] [0.013873462722871965:0.96501340855201134] [-0.0035813691710356865:0.0032452539372263001] [-0.73428993028630052:0.99692842575705298] [-0.092534644255290385:0.95547180109100927] [-0.0035271093593185476:0.0041268051661211835] [1.5106509190515153e-07:0.015384213227662166] [0.0013052529892231446:27.356572421288323] [0.70851331047083754:175.12403299757136] [0:23] [0:59] [0:6] [-1:1] [-1:1] [-0.97492791218182362:0.97492791218182362] [-0.90096886790241903:1] [0:2] [1:2] [0:1]
tree_sizes=3321 3453 3440 3437 3436 3430 3446 3433 3449 3448 3430 3444 3453 3426 3439 3455 3443 3460 3437 3457 3461 3447 3461 3468 3354 3436 3436 3433 3444 3353 3432 3454 3454 3448 3442 3451 3439 3443 3447 3459 3459 3433 3445 3021 3447 3461 2508 3235 3469 3447 3361 3446 3459 3440 3452 3447 3452 3339 3130 3437 3456 3431 3258 3460 3336 3426 3449 3470 3465 3451 3452 2923 3479 3451 3453 3457 3484 3451 3453 3463 3031 3469 3475 3436 3482 3347 3448 3416 3474 3251 3139 3478 3459 3041 3463 3479 3465 3445 3453 2599 3468 1968 3486 2513 3465 3246 1958 3451 3355 3145 2402 3484 2418 3156 3498 3470 2195 2077 3455 2087 3466 3466 3490 2754 2816 3493 2084 3358 2175 2212 2716 2728 3451 2529 1984 3455 2749 3483 2182 2070 2206 3158 1761 1976 3142 3345 2306 1866 3466 3442 3461 3365 2062 1878 3488 3472 3481 3495 2100 1968 2928 2310 2087 3472 2381 3484 1982 3481 3464 2189 2383 3279 3474 2859 3382 3506 2955 2210 1884 1978 1883 3476 2404 3478 3061 3474 3484 3167 2318 1572 3494 3457 2837 3182 3510 3493 1966 3470 2837 2742 3203 2954 1881 1770 2181 2861 3070 3162 3189 3482 1962 3089 1335 3492 3388 2960 3487 1787 2527 3474 3502 3478 3519 1973 2764 2221 3509 2962 3524 3486 2301 3076 3491 2758 2514 3505 2220 3493 3506 3504 2108 3539 3497 3479 1781 2314 3486 3504 3518 2297 3508 3387 3518 3504 2099 3488 2745 3515 3103 3320 1993 3498 3322 3497 3506 2519 3106 2316 3499 2794 2438 2552 2205 1994 3523 3530 2441 2008 1997 3494 1983 3509 3516 2986 2550 3316 3523 2762 3505 3282 1777 3512 2441 3523 3525 3080 3507 2858 2216 1994

Tree=0
num_leaves=31
num_cat=0
split_feature=21 26 25 21 22 60 66 41 31 67 46 21 43 30 67 6 58 74 25 35 45 32 60 35 65 79 32 76 76 0
split_gain=1591.69 179.319 52.2164 41.9274 37.4933 37.0711 34.1007 30.3769 21.5695 19.8137 16.9946 16.1167 15.0502 17.7592 21.3758 17.0629 14.1193 21.3989 13.5456 13.4921 12.7941 11.5524 22.7995 11.3226 17.3482 14.0274 10.6828 17.5161 9.61124 8.11262
threshold=-0.00049736631271762855 0.42896558450203981 46.871143517903057 0.00098919180514622806 -0.0031850154030703122 0.00045994807529647338 0.97893108298088605 67.461488728363165 -38.043032538030594 0.89289831086945137 0.30704317782338775 0.00012546110965605542 35.98346005294249 32.4460724360315 0.89934356515274094 3302.5000000000005 0.00064964475126995499 20.259840954902 51.565668226030574 0.32450942653594878 6273.2064543581901 63461.876495531127 0.00034061327749607427 0.50003405913669097 0.0065439590823554118 0.78656609248549303 66505.66396374935 22.500000000000004 55.500000000000007 65052.115000000013
decision_type=2 2 2 2 2 2 2 2 2 2 2 2 2 2 2 2 2 2 2 2 2 2 2 2 2 2 2 2 2 2
left_child=2 3 8 7 6 -5 20 23 -1 -7 12 18 15 -14 -15 -4 -13 -18 -6 -11 -3 22 -10 25 -25 -2 28 -28 -23 -20
right_child=1 4 10 5 11 9 -8 -9 21 19 -12 16 13 14 -16 -17 17 -19 29 -21 -22 26 -24 24 -26 -27 27 -29 -30 -31
leaf_value=0.21349459699192927 0.13344184077721447 0.22855828767749389 0.27316354954086025 0.29243550937032858 0.18731572848231925 0.26073820701922928 0.29789589798867799 0.28354075867980477 0.10453390103301186 0.24693227088408382 0.24142149805702995 0.30316245342492165 0.1170249861076673 0.13344184077721449 0.24814108556872791 0.15052380517151598 0.23100613741389814 0.29123446316319124 0.2866539214214881 0.16355427801075881 0.13717189751840189 0.11396572883090847 0.2319429687944973 0.26641836360054633 0.14669131315997397 0.21785302483028599 0.10453390103301186 0.23606502686913361 0.15798631791851853 0.21582946904819178
leaf_weight=6.4243348836898795 24.214800715446476 7.6597838997840899 5.9301552772521955 24.214800715446472 5.4359756708145133 14.084118783473967 11.119041144847868 6.4243348836898795 7.4126940965652448 6.6714246869087246 8.401053309440611 228.06388837099075 20.014274060726166 8.6481431126594561 7.6597838997840872 5.4359756708145142 17.790465831756592 86.234341323375702 22.238082289695743 17.790465831756592 7.6597838997840881 233.25277423858643 6.6714246869087219 6.177245080471037 5.9301552772521973 6.1772450804710379 5.1888858675956708 4.9417960643768311 13.095759570598601 4.9417960643768302
leaf_count=26 98 31 24 98 22 57 45 26 30 27 34 923 81 35 31 22 72 349 90 72 31 944 27 25 24 25 21 20 53 20
internal_value=0.216628 0.272782 0.131855 0.216904 0.288738 0.243952 0.231243 0.182206 0.122946 0.213495 0.175849 0.292906 0.164297 0.148584 0.187316 0.21451 0.2962 0.280934 0.259367 0.186294 0.182865 0.120796 0.164886 0.166888 0.207777 0.150599 0.118375 0.168695 0.116306 0.273777
internal_weight=835.905 502.828 333.077 111.685 391.143 62.7608 26.4386 48.9238 276.988 38.546 56.0894 364.705 47.6883 36.3222 16.3079 11.3661 332.089 104.025 32.6159 24.4619 15.3196 270.563 14.0841 42.4994 12.1074 30.392 256.479 10.1307 246.349 27.1799
internal_count=3383 2035 1348 452 1583 254 107 198 1121 156 227 1476 193 147 66 46 1344 421 132 99 62 1095 57 172 49 123 1038 41 997 110
is_linear=0
shrinkage=1


Tree=1
num_leaves=31
num_cat=0
split_feature=21 26 12 21 21 67 56 20 21 35 43 31 26 22 74 10 22 23 62 21 59 9 22 76 66 22 35 28 43 61
split_gain=1434.74 164.448 67.5842 37.8489 34.5852 31.8775 31.6059 31.0473 25.5269 24.4532 22.2911 17.8203 21.2759 19.3242 26.973 16.3277 12.5413 15.7015 14.3462 9.3304 7.7782 7.58795 7.51325 7.44321 12.7068 7.05027 6.73866 5.53878 5.22238 5.0172
threshold=-0.00049736631271762855 0.42896558450203981 0.0013178886667242209 0.00098919180514622806 5.5198144730095329e-05 0.88092993332842051 0.003310491576669065 -0.00053959658071650585 -0.00029751453676046807 0.32450942653594878 25.248841250731704 -38.043032538030594 0.32380455808735104 -0.0050453738056315802 67.435784889104966 2.842564160199235e-05 -0.0024234837707569619 -0.0019744675647545003 9.094471894515489e-05 0.0030466994526507922 0.00067724508450198921 0.00023260707468586442 0.00043243047974428356 54.500000000000007 0.84578090005883644 0.0016837022465089337 0.7458595208572264 0.24129714084168472 63.048239725351074 0.00064213974097161242
decision_type=2 2 2 2 2 2 2 2 2 2 2 2 2 2 2 2 2 2 2 2 2 2 2 2 2 2 2 2 2 2
left_child=2 3 11 6 7 26 10 8 -3 27 -2 -1 23 -14 -15 -4 17 18 -6 -11 29 -17 -12 -13 -25 -22 -5 -7 -9 -18
right_child=1 4 15 5 16 9 -8 28 -10 19 22 12 13 14 -16 21 20 -19 -20 -21 25 -23 -24 24 -26 -27 -28 -29 -30 -31
leaf_value=-0.0029757104289931243 0.031599479479606007 0.044771269596755453 0.070310740514973699 0.08263851199239923 0.042677795044930002 0.014692680386412332 0.087818484072041639 0.031464302690426639 -0.093458495629217528 -0.047405943981875337 -0.087016639840776622 -0.098611032423409239 -0.096670932113248509 -0.061314595922334597 0.060173722720962247 -0.062388218639365493 0.085130833557427649 0.077053625068178783 -0.05691811197211815 0.029426387329703652 0.044055205683266832 0.02067122952923189 -0.041467192556699617 -0.10786824693887316 0.0025696717416753669 0.074717751819332254 0.017327648006225299 0.081330824851849726 0.083162088312003307 0.06733855985317376
leaf_weight=6.4264917075633994 7.653131201863288 5.6576872467994681 7.412043675780299 20.089255154132847 10.815311521291735 5.4090892821550351 4.9037068337202063 8.6229070723056811 8.1527318060398084 19.809428945183758 16.654325753450394 195.54255376756191 38.82316680252552 60.67236639559269 4.9408309757709494 6.1853146702051145 188.67702877521515 18.144205451011658 5.4315471053123465 4.936000630259513 29.667449846863747 4.9504456967115402 19.835839852690697 5.4702835977077466 4.9719036221504211 50.929053738713264 4.9159732460975638 7.3626516610383987 11.2691353559494 50.154627293348312
leaf_count=26 31 23 30 82 44 22 20 35 33 80 67 785 156 244 20 25 772 74 22 20 121 20 80 22 20 208 20 30 46 205
internal_value=1.84286e-05 0.0537632 -0.0799574 0.000273444 0.0691631 0.0260671 -0.0326069 0.0207652 -0.0368302 -0.00307996 -0.0459844 -0.0853879 -0.087094 -0.0687104 -0.0521662 0.0128095 0.0737732 0.0450843 0.00938152 -0.0320801 0.076862 -0.0254638 -0.0622562 -0.0964147 -0.0552848 0.0634309 0.0697985 0.0531082 0.0607519 0.0813945
internal_weight=834.486 499.091 335.395 111.569 387.522 62.5224 49.047 33.7025 13.8104 37.5172 44.1433 316.848 310.421 104.436 65.6132 18.5478 353.819 34.3911 16.2469 24.7454 319.428 11.1358 36.4902 205.985 10.4422 80.5965 25.0052 12.7717 19.892 238.832
internal_count=3383 2035 1348 452 1583 254 198 137 56 152 178 1273 1247 420 264 75 1446 140 66 100 1306 45 147 827 42 329 102 52 81 977
is_linear=0
shrinkage=0.05


Tree=2
num_leaves=31
num_cat=0
split_feature=21 26 12 21 22 64 67 56 35 30 43 31 26 22 43 10 21 41 22 25 79 42 76 66 10 1 35 76 42 72
split_gain=1297.86 151.277 60.5745 34.2269 32.2379 36.0826 29.1964 28.66 22.1571 21.7183 20.0171 15.9779 19.185 17.378 23.9687 14.8455 14.0486 11.5774 15.438 11.5038 9.62917 8.92742 8.00713 14.0763 7.19657 7.10903 6.2595 5.00527 4.92046 4.03007
threshold=-0.00049736631271762855 0.42896558450203981 0.0013178886667242209 0.00098919180514622806 -0.0031850154030703122 0.0033646480816741401 0.88092993332842051 0.003310491576669065 0.32450942653594878 -26.948121226043742 25.248841250731704 -38.043032538030594 0.33669436679612269 -0.0050453738056315802 35.98346005294249 2.842564160199235e-05 0.00012546110965605542 50.046671499618917 0.0012915180167083486 51.565668226030574 0.78656609248549303 43.178515139562457 54.500000000000007 0.84795197378675091 0.00092977701575636129 65119.845000000008 0.7458595208572264 14.500000000000002 27.521237388058704 0.0021778640660330283
decision_type=2 2 2 2 2 2 2 2 2 2 2 2 2 2 2 2 2 2 2 2 2 2 2 2 2 2 2 2 2 2
left_child=2 3 11 7 5 9 26 10 28 -3 -2 -1 22 27 -15 -4 19 -18 -19 -6 -12 -10 29 -24 -17 -21 -5 -14 -8 -13
right_child=1 4 15 6 16 -7 8 -9 21 -11 20 12 13 14 -16 24 17 18 -20 25 -22 -23 23 -25 -26 -27 -28 -29 -30 -31
leaf_value=-0.0028260168487109307 0.030131491611080675 0.028178718769018216 0.067386601217746644 0.079588299781716831 -0.027270259342278391 0.071504505237531421 0.078700808527623248 0.084639057083525079 -0.045354544867256485 -0.10179828568910483 -0.074561980348250512 -0.094576452691222695 -0.04709178538317451 -0.021130647081355744 -0.083406970521349488 -0.060005548269336989 0.080205636403624367 0.034248424528975877 0.073994428624569328 0.064670140311078539 -0.016916669260848911 0.029753838685607908 -0.10224410897337755 0.012657492379211273 0.02082060393509419 -0.0018238902377068632 0.016500493344977385 -0.098684551669360313 0.01598088824656942 -0.053768352492464311
leaf_weight=6.4285113811492911 7.6253993064165106 5.653540164232254 7.3485740721225765 19.822858363389972 5.4514713138341895 13.161174282431601 7.0486221611499769 4.8352182656526557 19.86620490252972 7.4477951973676699 26.684892565011978 193.70261691510677 5.4965338110923758 35.324587672948837 27.461638569831848 6.2061881273984891 216.97012893855572 37.493784517049789 70.124520152807236 21.821096539497379 9.9439403712749463 4.9401074796915045 5.7458710223436338 4.9719657003879547 4.9509780406951904 4.9272592514753333 4.9045813083648673 32.479945212602615 5.6205578595399857 6.2451206296682349
leaf_count=26 31 23 30 82 22 54 29 20 80 30 107 775 22 142 110 25 900 154 290 90 40 20 23 20 20 20 20 130 23 25
internal_value=3.34098e-05 0.0515859 -0.0757319 0.000271627 0.0664948 0.0130307 0.0249042 -0.0309411 -0.00292142 -0.0457101 -0.0435694 -0.0808517 -0.0824623 -0.0645183 -0.0483693 0.0122055 0.0704302 0.0735552 0.0601471 0.0389295 -0.0589125 -0.0303969 -0.091045 -0.0489417 -0.024139 0.0524214 0.0670751 -0.0912173 0.0508757 -0.0933019
internal_weight=830.706 494.343 336.363 111.292 383.051 26.2625 62.2029 49.0895 37.4755 13.1013 44.2542 317.857 311.428 100.763 62.7862 18.5057 356.788 324.588 107.618 32.1998 36.6288 24.8063 210.666 10.7178 11.1572 26.7484 24.7274 37.9765 12.6692 199.948
internal_count=3383 2035 1348 452 1583 107 254 198 152 53 178 1273 1247 404 252 75 1476 1344 444 132 147 100 843 43 45 110 102 152 52 800
is_linear=0
shrinkage=0.05


Tree=3
num_leaves=31
num_cat=0
split_feature=21 26 12 21 21 60 15 56 21 43 41 75 67 74 26 19 74 83 12 46 42 51 74 35 53 7 23 46 43 15
split_gain=1177.84 139.528 54.9947 31.0076 30.1751 29.7908 27.1876 26.0565 22.0152 18.0213 15.6066 16.1666 15.5209 14.5514 14.0935 14.2503 28.9509 25.7305 14.195 12.1365 11.0504 8.18604 6.21314 5.8425 5.51182 5.50407 5.32274 9.91399 4.56533 3.95694
threshold=-0.00049736631271762855 0.42896558450203981 0.0011398559646823572 0.00098919180514622806 5.5198144730095329e-05 0.00045994807529647338 -0.00053959658071650585 0.003310491576669065 -0.00029751453676046807 25.248841250731704 51.69997963337368 1.5000000000000002 0.89010990060111317 14.879607665506486 0.44560251251093425 -0.0052785334688699717 64.583339013423924 1.5000000000000002 -0.0052619755250616343 0.023546686208140041 38.054105356685973 2.1749866704505028 42.780200466166669 0.57871023689115109 0.39082420916382621 24.781015000000004 -0.0084124065747976911 -0.12436614813824252 63.048239725351074 0.0011567672256536101
decision_type=2 2 2 2 2 2 2 2 2 2 2 2 2 2 2 2 2 2 2 2 2 2 2 2 2 2 2 2 2 2
left_child=2 3 14 7 6 29 8 9 -3 -2 26 -12 23 -13 18 -16 17 -17 21 -14 24 -1 -11 -7 -4 -20 27 -6 -8 -5
right_child=1 4 20 5 10 12 28 -9 -10 22 11 13 19 -15 15 16 -18 -19 25 -21 -22 -23 -24 -25 -26 -27 -28 -29 -30 -31
leaf_value=0.01608576936630229 0.028740197145382632 0.041472433879247393 0.015895522805428323 0.039443982241102932 0.082957899845358063 0.083813944318486211 0.029212680228774018 0.081827955153813955 -0.087180279106647607 -0.064031542946169098 -0.036255096354444273 -0.003968829317796527 0.0069271186380993627 0.062715572834009622 -0.097843658086408214 0.0079047928102054538 0.070505375189839056 -0.077141449458558067 -0.087031770659502253 -0.061836188068060197 0.049405717434892776 -0.071372144274452695 -0.0039749136346672381 0.01434631329166935 -0.050824179842968303 -0.046012733935056546 0.077398192810480854 -0.0077818066636013835 0.077932244650413887 0.08288527488771251
leaf_weight=5.4732235670089704 7.5955797880887976 5.5882701724767676 5.1955331861972827 7.9115681499242809 6.932181254029274 5.0437303781509382 8.5549487322568911 4.7533131390810004 8.2113490402698499 31.704305663704872 4.8770789802074423 8.9609998464584333 13.57507383823395 93.964673578739166 16.731988474726677 11.711503341794012 4.9274001717567435 36.962592974305153 225.12067474424839 12.169023990631102 8.5848752558231336 5.23436239361763 4.9834801852703086 7.5686634927988052 7.6581782400608063 8.4864102154970151 224.44157736003399 5.3205569386482221 10.979891300201414 15.534958973526953
leaf_count=22 31 23 21 33 29 21 35 20 33 127 20 37 55 392 67 47 20 148 902 49 35 21 20 31 31 34 946 22 46 65
internal_value=4.5429e-05 0.049598 -0.0720042 0.000269925 0.0640688 0.0238265 0.0186441 -0.0294195 -0.0350813 -0.0413606 0.0684642 0.052695 -0.0033145 0.0569098 -0.0772837 -0.0575612 -0.0449869 -0.0566784 -0.0829614 -0.0255767 0.0054811 -0.0266677 -0.0558738 0.0421266 -0.0238557 -0.0855416 0.0756463 0.0435556 0.0565963 0.0682269
internal_weight=824.758 488.671 336.087 110.84 377.832 61.803 33.3345 49.0367 13.7996 44.2834 344.497 107.803 38.3565 102.926 314.648 70.3335 53.6015 48.6741 244.315 25.7441 21.4386 10.7076 36.6878 12.6124 12.8537 233.607 236.694 12.2527 19.5348 23.4465
internal_count=3383 2035 1348 452 1583 254 137 198 56 178 1446 449 156 429 1261 282 215 195 979 104 87 43 147 52 52 936 997 51 81 98
is_linear=0
shrinkage=0.05


Tree=4
num_leaves=31
num_cat=0
split_feature=21 26 12 21 21 60 15 56 21 43 41 76 67 74 15 26 45 64 10 66 15 46 79 23 50 35 23 46 43 7
split_gain=1071.55 129.005 49.9305 28.1227 28.091 27.4174 24.7942 23.7402 19.8307 16.3464 14.9018 14.534 14.1436 13.7382 24.0077 13.3446 16.0601 15.581 13.2488 12.8329 11.8068 10.7061 9.53312 7.12108 6.52423 6.41488 5.05314 9.19678 4.30175 4.17416
threshold=-0.00049736631271762855 0.42896558450203981 0.0013178886667242209 0.00098919180514622806 5.5198144730095329e-05 0.00045994807529647338 -0.00053959658071650585 0.003310491576669065 -0.00029751453676046807 23.425205650747099 51.69997963337368 56.500000000000007 0.89289831086945137 22.4126406109357 -0.0028801762278515826 0.33669436679612269 7786.7555779803797 0.0022949207670470684 2.842564160199235e-05 0.87717940476358192 -0.010367814933541218 0.023546686208140041 0.78656609248549303 0.003902657142705102 1.7113640303218542 0.57871023689115109 -0.0084124065747976911 -0.12436614813824252 63.048239725351074 24.781015000000004
decision_type=2 2 2 2 2 2 2 2 2 2 2 2 2 2 2 2 2 2 2 2 2 2 2 2 2 2 2 2 2 2
left_child=2 3 11 7 6 -5 8 9 -3 -2 26 15 25 14 -12 20 17 -17 -4 -13 -1 -14 -11 -15 -20 -7 27 -6 -8 -22
right_child=1 4 18 5 10 12 28 -9 -10 22 13 19 21 23 -16 16 -18 -19 24 -21 29 -23 -24 -25 -26 -27 -28 -29 -30 -31
leaf_value=-0.011659123608698835 0.033399113566320665 0.039687488443732322 0.064044226992226588 0.065835889519856014 0.080340044766346791 0.081281379006517607 0.027876692093339057 0.079327307208208658 -0.082615564171953315 -0.067364588789744204 -0.079171350329789433 -0.076875567158604011 0.0056742819788292388 0.043099519145008085 0.043927803605255888 -0.021715937232991048 0.023461399512936382 -0.074931694593970768 -0.056833330879294201 0.02842649756205011 -0.08603111942672878 -0.060443749689551331 -0.010802789026448054 0.072538603943607075 0.020125726016903774 0.010823781492293657 0.074963075373894655 -0.0073831054475426237 0.075414479991164282 -0.050682930588244982
leaf_weight=5.718145787715911 6.5796616673469535 5.5486391484737387 7.2451926767826107 23.092962458729744 6.8033995479345322 5.1960481703281394 8.5176584869623202 4.6603365987539283 8.2311356812715513 27.451664254069328 5.1194080412387875 5.2316332012414914 12.825776085257532 35.844762369990349 17.500618442893028 16.909652128815651 5.438213422894477 73.723943024873734 6.223898380994795 6.4731626361608505 194.23511373996735 11.714705079793928 10.223997399210928 48.115561380982399 4.9395198673009872 8.5401998311281186 220.25156217813492 5.327304393053053 10.784078404307364 8.7269392609596235
leaf_count=23 27 23 30 98 29 22 35 20 33 110 21 21 52 151 73 68 22 296 25 26 782 47 41 204 20 35 946 22 46 35
internal_value=5.55975e-05 0.047762 -0.0686592 0.000267945 0.0618407 0.0228097 0.0178623 -0.0280129 -0.0333684 -0.0393165 0.0661329 -0.0733158 -0.00314876 0.0506527 0.0160678 -0.0754158 -0.0599955 -0.0650031 0.0113914 -0.0186398 -0.082515 -0.025888 -0.0520155 0.0599703 -0.022781 0.037476 0.0732327 0.0418157 0.0544365 -0.0845112
internal_weight=817.195 482.329 334.865 110.285 372.044 61.3697 33.0815 48.9157 13.7798 44.2553 338.963 316.457 38.2767 106.58 22.62 304.752 96.0718 90.6336 18.4086 11.7048 208.68 24.5405 37.6757 83.9603 11.1634 13.7362 232.382 12.1307 19.3017 202.962
internal_count=3383 2035 1348 452 1583 254 137 198 56 178 1446 1273 156 449 94 1226 386 364 75 47 840 99 151 355 45 57 997 51 81 817
is_linear=0
shrinkage=0.05


Tree=5
num_leaves=31
num_cat=0
split_feature=25 25 25 75 23 43 26 12 63 23 15 44 26 76 67 25 62 61 65 12 45 60 1 59 37 13 41 77 60 42
split_gain=831.93 44.1041 43.5817 19.2258 19.125 18.5283 17.632 16.9464 16.8893 16.3897 16.0212 15.0278 14.091 13.7158 12.821 11.8979 10.9728 10.7878 10.2491 10.5506 9.18826 9.54817 8.85306 8.0575 12.8763 7.84893 7.75718 7.58199 6.80757 5.95597
threshold=48.796657285257787 34.110424620246157 60.98000186881908 20.500000000000004 -0.0023267352691172523 36.336448139153177 0.35196052686316842 0.0013178886667242209 0.001346853631017219 -0.0060925286689243454 -0.010367814933541218 6088.9681449999962 0.73381892183243214 14.500000000000002 0.91245911766610088 44.048087447859096 7.8875737471551945e-05 0.00071231897758677063 0.0073720994161372948 0.00063201568015414111 7714.8273295617955 0.00058538476398850364 65180.110000000008 0.00076594623916438696 64426.142644049083 0.0028009975042334605 64.661377366062467 4.5000000000000009 0.00033761373147595534 27.363841459187274
decision_type=2 2 2 2 2 2 2 2 2 2 2 2 2 2 2 2 2 2 2 2 2 2 2 2 2 2 2 2 2 2
left_child=1 10 4 5 12 8 7 16 28 14 13 -5 17 -1 22 -10 -6 -2 19 -7 23 -22 -4 -11 -25 29 -14 -12 -3 -8
right_child=2 3 9 11 6 18 25 -9 15 20 27 -13 26 -15 -16 -17 -18 -19 -20 -21 21 -23 -24 24 -26 -27 -28 -29 -30 -31
leaf_value=0.046364029437475661 -0.053487666713641739 -0.00022448838339930027 0.057951835316178694 0.071521813921675878 0.0094100245559271545 -0.062280071697154063 0.04211158410676627 0.058770069354052892 -0.040686395185009237 0.068602831991508448 -0.073809971476475056 -0.035927492935938388 0.050095171958148013 -0.055342233675686893 -0.03940908348070566 0.023044784946712433 -0.076650380320536199 0.019312586215713731 0.0065668027703776324 0.0012807914459408147 -0.014360349136583603 0.077476251525615353 -0.0012164023625976699 0.056781824772897851 -0.031138354002333498 -0.011873784696463887 -0.02286372119426729 -0.028012934725856642 0.082572116319398856 0.073794579081600573
leaf_weight=5.3682351410388938 15.620682984590532 4.8014623224735242 21.695390373468403 7.3591978847980482 7.6542351096868533 80.793387413024902 36.300668239593506 7.809187412261962 39.69725975394249 219.86210776865482 193.80849093198776 5.8335301280021667 12.787405505776407 8.6662355661392194 5.9663191735744467 8.9798540174961072 7.1765081435441971 7.5473717749118796 6.8009483218193045 7.102870672941207 7.4189132153987867 4.5759856700897217 8.921842232346533 20.780888751149181 5.2081008255481711 4.7166718691587439 5.0947865396738043 9.4795466661453229 5.1405126303434372 25.082848265767097
leaf_count=22 64 20 93 31 32 329 154 33 161 957 787 24 54 35 25 37 29 31 28 29 31 20 37 89 22 20 21 39 21 108
internal_value=6.40774e-05 -0.0532718 0.048322 -0.0339088 0.0241843 -0.0388926 0.0372384 -0.000844042 -0.0168002 0.0589624 -0.0681074 0.0240101 -0.00403537 -0.0164392 0.0276438 -0.0289294 -0.0322341 -0.0297718 -0.0525682 -0.0571437 0.0634059 0.0206748 0.0407102 0.0654907 0.0391629 0.050282 0.0293086 -0.0716744 0.0425856 0.0550581
internal_weight=808.051 383.832 424.22 166.509 129.79 153.316 88.7401 22.6399 58.6191 294.43 217.323 13.1927 41.0502 14.0345 36.5836 48.6771 14.8307 23.1681 94.6972 87.8963 257.846 11.9949 30.6172 245.851 25.989 66.1002 17.8822 203.288 9.94197 61.3835
internal_count=3383 1563 1820 680 546 625 376 94 239 1274 883 55 170 57 155 198 61 95 386 358 1119 51 130 1068 111 282 75 826 41 262
is_linear=0
shrinkage=0.05


Tree=6
num_leaves=31
num_cat=0
split_feature=21 26 12 21 60 25 43 76 64 66 31 55 9 67 32 10 18 18 23 35 79 49 66 21 43 57 45 10 35 46
split_gain=917.472 86.8144 70.3913 20.0023 23.913 18.3193 34.6764 18.5841 17.7041 14.9633 14.3652 13.61 12.7301 12.5693 12.1465 10.7694 10.6902 9.90338 9.48508 11.6712 9.44112 11.3936 15.6748 9.17556 8.6804 8.00927 7.66026 6.63885 6.17378 4.46975
threshold=-0.00022071183233329791 0.42896558450203981 0.0011398559646823572 0.00098919180514622806 0.00045994807529647338 37.498412738226527 35.701927360314741 26.500000000000004 0.0039015301314457283 0.42832500662411516 -38.043032538030594 63998.050727669535 -0.0010292714230716313 0.89289831086945137 66505.66396374935 -0.00010580990523922916 -0.0021667298419841825 0.0014288276402706359 -0.0028853042685283432 0.21214491174067648 0.78656609248549303 0.80883068003905445 0.97010960001910462 -0.00062000329375377905 56.369939859592769 0.00058745148377564239 6853.9643157010169 -0.00065100151265212725 0.57871023689115109 0.29179112562101434
decision_type=2 2 2 2 2 2 2 2 2 2 2 2 2 2 2 2 2 2 2 2 2 2 2 2 2 2 2 2 2 2
left_child=2 3 5 20 -5 10 7 8 -7 -3 -1 -4 -11 28 -12 -13 -9 -15 19 -14 21 -2 -23 29 -25 -17 -22 -20 -6 -8
right_child=1 9 11 4 13 6 23 16 -10 12 14 15 18 17 -16 25 -18 -19 27 -21 26 22 -24 24 -26 -27 -28 -29 -30 -31
leaf_value=0.0011418054796139673 -0.08005559358885625 -0.02793112411933503 0.06608751698193932 0.063382252430361941 0.080192767999051423 -0.083388501271079524 -0.081287361744600203 -0.025622669282258995 0.021270765733277755 -0.016634763222016909 -0.07814873658059486 0.047865264398660984 -0.025341649024181595 -0.0058561762320454222 -0.012840009033097802 1.3905615509647777e-05 0.054195369394049869 -0.082150276707122979 0.029180252157669929 0.052188952530534849 0.058822485175435105 -0.0621575908434783 0.059281152057132726 -0.061761425501076175 0.014567641576362964 -0.074055125431078922 -0.029261837716240705 0.068738694616602536 0.010847055453644465 -0.031604643000959484
leaf_weight=6.2259109616279593 11.137484818696977 4.7303804755210868 8.9325462281703967 22.629319459199905 5.1474665850400916 11.141138941049578 54.594484075903893 6.4283464998006847 6.3402166068553916 5.1196698844432822 206.99704028666019 6.2348002791404769 5.2549248784780493 19.083438515663151 7.3730668574571601 8.934943005442614 12.073993861675261 5.4733997285366049 11.066600665450094 63.63917487859726 4.8812334686517733 5.9468779712915403 4.8035639673471451 10.562629178166391 5.7537657916545859 6.1700380593538293 4.9929606169462204 254.86922693252563 8.5255551636219007 4.9363457709550849
leaf_count=25 45 20 38 98 22 45 222 26 26 22 846 26 22 77 30 37 49 22 48 275 20 24 20 43 24 25 20 1131 35 20
internal_value=7.08804e-05 0.0488354 -0.0587238 0.00585923 0.0226452 -0.0653709 -0.0488857 -0.00846323 -0.0454302 0.0603839 -0.0737281 0.0142692 0.0616128 -0.00146824 -0.0759025 -0.00742127 0.0264639 -0.0228611 0.0628092 0.0462753 -0.0263042 -0.0446137 -0.00789575 -0.0680631 -0.034845 -0.0302416 0.014282 0.0670925 0.0369536 -0.0771676
internal_weight=800.001 437.301 362.699 92.6213 60.8592 332.427 111.831 35.9837 17.4814 344.68 220.596 30.2723 339.95 38.2299 214.37 21.3398 18.5023 24.5568 334.83 68.8941 31.7621 21.8879 10.7504 75.8472 16.3164 15.105 9.87419 265.936 13.673 59.5308
internal_count=3383 1901 1482 383 254 1356 455 146 71 1518 901 126 1498 156 876 88 75 99 1476 297 129 89 44 309 67 62 40 1179 57 242
is_linear=0
shrinkage=0.05


Tree=7
num_leaves=31
num_cat=0
split_feature=21 25 12 21 59 27 70 57 58 30 29 31 25 43 76 32 10 21 62 64 43 46 59 45 39 10 47 29 73 32
split_gain=840.243 91.3113 37.4982 34.4536 22.213 17.0097 23.8553 18.05 15.3657 14.0886 18.4112 13.0458 11.5435 28.3303 23.6247 11.9242 11.4901 10.7387 17.8913 11.0235 9.49217 8.01266 7.42062 6.547 6.12276 6.10997 5.47092 4.92264 3.3994 3.35071
threshold=-0.00049736631271762855 48.796657285257787 0.0013178886667242209 0.0001006164242394192 0.00074900439360742351 0.6133228098623521 0.78955009865230341 0.0010073323600395185 0.00037023621752656579 -52.810105883216224 -32.432451691020098 -38.043032538030594 36.174403128117298 33.595077568198754 26.500000000000004 66505.66396374935 -0.00010580990523922916 0.00048725388130532737 0.0001220476199789493 0.0027881677797967843 36.336448139153177 0.29179112562101434 0.0007771820396211517 7948.7753892104074 64109.594927679842 -0.0010955994703285008 0.95753997593675699 81.736996811829172 3.0892791920254106 63535.359202719897
decision_type=2 2 2 2 2 2 2 2 2 2 2 2 2 2 2 2 2 2 2 2 2 2 2 2 2 2 2 2 2 2
left_child=2 3 11 20 17 6 -6 -8 -5 24 -11 -1 15 14 -14 29 -4 18 19 -3 -2 -15 -7 25 -10 -19 -18 -24 -22 -13
right_child=1 4 16 8 5 22 7 -9 9 10 -12 12 13 21 -16 -17 26 23 -20 -21 28 -23 27 -25 -26 -27 -28 -29 -30 -31
leaf_value=0.0048740968469691984 -0.00092393917725489601 -0.010447471623707004 0.070129134284304229 0.071449976624126735 0.07728584990483553 -0.0083641387906514559 -0.097292133651751767 0.016121069174009517 0.0056427745867553567 -0.063808741713949721 0.012001172732605614 -0.051384271015706875 -0.05843851024683016 -0.076184244871859749 0.023800248970457231 -0.0069748742580060105 -0.04618473632309833 0.0080081610719844789 -0.04023083476878167 0.064780404486666804 -0.04210153047011065 -0.015518926312185811 0.066450501257839772 0.0036648943230878084 0.074449131781358688 0.0657008436901486 0.019745859717717869 0.0092992769769381211 -0.085201943309972897 -0.078259199034883722
leaf_weight=6.4756931066513053 7.6246197372674969 5.9815209209918967 5.3553871214389828 11.608160570263861 5.4240929782390621 5.1128855347633353 7.7611031383275968 6.4022530615329742 4.8406693488359442 10.276062801480291 36.299881428480148 12.422882840037344 17.216085344552994 68.17477835714817 17.722479805350304 6.3822270631790152 7.1397533565759641 4.6708054691553107 6.4859322607517234 26.19858805835247 7.8946180194616344 5.9152327477931967 23.24749314785004 4.4680860936641684 9.7361808419227582 262.68921263515949 5.6257666796445847 4.4965612292289725 10.879397511482237 174.65997017920017
leaf_count=26 31 25 23 51 24 22 32 27 20 42 151 51 70 280 72 26 29 20 27 116 32 24 103 19 41 1188 23 20 44 724
internal_value=7.56107e-05 0.0434815 -0.0612463 0.000959467 0.0550991 0.0250013 -0.0118789 -0.046026 0.018712 0.00870121 -0.00472479 -0.0653462 -0.0668494 -0.0538384 -0.0167232 -0.0741819 0.00865887 0.0601828 0.035528 0.0507973 -0.0479709 -0.0713408 0.0469873 0.0636898 0.0516 0.0646929 -0.0171291 0.0571878 -0.0670779 -0.0764746
internal_weight=789.188 462.098 327.09 99.1596 362.939 52.4444 19.5874 14.1634 72.761 61.1528 46.5759 308.969 302.494 109.029 34.9386 193.465 18.1209 310.494 38.666 32.1801 26.3986 74.09 32.8569 271.828 14.5769 267.36 12.7655 27.7441 18.774 187.083
internal_count=3383 2035 1348 412 1623 228 83 59 305 254 193 1273 1247 446 142 801 75 1395 168 141 107 304 145 1227 61 1208 52 123 76 775
is_linear=0
shrinkage=0.05


Tree=8
num_leaves=31
num_cat=0
split_feature=21 26 12 22 22 66 47 70 31 27 26 45 45 65 77 21 58 74 45 10 22 43 21 79 59 8 22 61 79 75
split_gain=769.713 94.2097 34.7852 25.8835 25.8697 24.8484 18.3942 15.4819 12.1929 12.1208 12.004 13.399 11.2464 11.9322 10.8067 10.7602 11.2626 18.2179 10.4063 10.2715 8.98868 12.2918 8.28603 6.72934 6.03679 3.43183 3.47327 3.23875 2.73043 1.51204
threshold=-0.00049736631271762855 0.42896558450203981 0.0011398559646823572 -0.0031850154030703122 1.0000000180025095e-35 0.97893108298088605 0.56480506858623103 0.79380285515798021 -38.043032538030594 0.10030157267326685 0.32380455808735104 7786.7555779803797 6518.7046132940659 0.0068535490113274871 4.5000000000000009 0.00012546110965605542 0.00064964475126995499 20.259840954902 6273.2064543581901 -0.00010580990523922916 0.0030521787575662489 48.043433690856794 0.0018248003910221746 -0.78656609248549325 0.00064479168487806011 1645938.6688573502 0.0013033238190381937 0.00065932098654641186 -0.70710678118654757 4.5000000000000009
decision_type=2 2 2 2 2 2 2 2 2 2 2 2 2 2 2 2 2 2 2 2 2 2 2 2 2 2 2 2 2 2
left_child=2 4 8 5 12 18 28 22 -1 -9 25 14 13 -2 -12 20 27 -18 -3 -4 21 -5 -8 -21 29 26 -10 -17 -6 -14
right_child=1 3 19 15 6 -7 7 9 10 -11 11 -13 24 -15 -16 16 17 -19 -20 23 -22 -23 -24 -25 -26 -27 -28 -29 -30 -31
leaf_value=0.0046310708597475546 0.037553789938743698 0.0071178256954123123 0.05414466964274689 0.082320549743607307 0.036183957189174505 0.066553881641351981 0.0059723766048173478 -0.069029828915740818 -0.075198435609742903 -7.5835754479960931e-06 -0.059925561433095569 0.026019157830262638 -0.058263004342460845 -0.060572362885930368 0.0030553696016309695 0.070950982481665842 -2.4448807847634599e-05 0.057480092628158397 -0.076444974763764217 -0.064344655981365129 0.070349860959664431 -0.0092829426201704746 0.066638147049363633 0.0063153747693484585 -0.025949678652168736 -0.04175363757398904 -0.04761867901625022 0.053064354214105575 0.07657936913335435 -0.094158760763880633
leaf_weight=6.4747685492038718 8.4490497410297376 7.3408786356449145 6.7440856844186809 4.7493858486414018 6.5832165181636837 10.010994687676428 11.513211578130724 8.6413051486015302 174.33980247378349 24.098239988088608 87.335973873734474 5.3917682617902747 4.8756661266088503 4.8917774558067313 7.3871400505304328 167.65865030884743 16.763496220111847 77.212322473526001 7.5653567910194397 5.4607963114976892 9.5296736210584623 15.996772319078444 11.012255668640135 8.7984259426593745 9.0174543857574445 8.9835542738437635 12.215409755706785 29.807590544223785 11.474301397800444 7.3657063394784927
leaf_count=26 36 31 29 20 28 45 49 35 735 99 360 22 20 20 30 785 72 349 31 22 43 69 48 36 37 37 51 138 50 30
internal_value=7.96713e-05 0.0420195 -0.0589181 0.0547207 0.00122476 0.00562615 0.018041 0.00372581 -0.0632435 -0.0182254 -0.06473 -0.0506498 -0.0344116 0.00157316 -0.0550139 0.0585231 0.0614703 0.0472224 -0.0352928 0.00330179 0.0301523 0.0116877 0.0356307 -0.020745 -0.0569936 -0.071939 -0.0733925 0.068251 0.0618524 -0.0798617
internal_weight=777.689 454.557 323.132 346.635 107.922 24.9172 73.3225 55.265 302.128 32.7395 295.654 100.115 34.5997 13.3408 94.7231 321.718 291.442 93.9758 14.9062 21.0033 30.2758 20.7462 22.5255 14.2592 21.2588 195.539 186.555 197.466 18.0575 12.2414
internal_count=3383 2035 1348 1583 452 107 309 231 1261 134 1235 412 143 56 390 1476 1344 421 62 87 132 89 97 58 87 823 786 923 78 50
is_linear=0
shrinkage=0.05


Tree=9
num_leaves=31
num_cat=0
split_feature=21 26 12 22 22 66 23 42 62 22 66 63 55 26 43 24 64 61 69 66 61 35 61 22 12 15 7 49 42 57
split_gain=707.25 71.7879 54.656 21.5973 19.3068 27.8448 19.4545 17.0596 16.8918 16.7594 14.2755 11.7409 11.6047 11.0502 10.6423 20.6931 9.61942 14.9698 9.35177 9.18247 9.00196 8.09771 7.65965 9.10467 23.3812 8.44252 5.97271 5.40925 5.31931 5.0734
threshold=-0.00022071183233329791 0.42896558450203981 0.0011398559646823572 0.0019848828534145828 -0.0019335836723472497 0.65091669599371482 -0.0060925286689243454 25.64967736939381 5.3152378005558375e-05 1.0000000180025095e-35 0.93714901164671749 0.0014510575471842473 63998.050727669535 0.23435130571605292 35.98346005294249 37.213013670639576 0.0032659147551746719 0.00082122191484251242 0.9121942949047005 0.91006929366060907 0.000574802663104233 0.42678337801824634 0.00064213974097161242 0.0016730716379259605 0.0019038912157597345 -8.6675874845121279e-05 24.781015000000004 1.6056969201963025 43.178515139562457 0.00078092179686951684
decision_type=2 2 2 2 2 2 2 2 2 2 2 2 2 2 2 2 2 2 2 2 2 2 2 2 2 2 2 2 2 2
left_child=2 9 3 13 5 -3 7 -7 11 19 21 -5 -4 26 15 -15 28 -18 -14 -2 -20 -11 -6 24 -24 -25 -1 -16 -12 -21
right_child=1 4 12 8 22 6 -8 -9 -10 10 16 -13 18 14 27 -17 17 -19 20 29 -22 -23 23 25 -26 -27 -28 -29 -30 -31
leaf_value=-0.072557706649207965 -0.068340717578890181 -0.088468698126623113 0.061701167033766317 -0.021760120546758327 0.065177616946596947 -0.079478212846901042 0.068617329669658653 0.033376886428654814 -0.047100970816835737 0.076773846904618206 0.013309813440811358 0.087299446967810931 -0.04228812777779338 -0.059320943403332153 -0.074240906512413912 -0.0057871276909938051 -0.032185798806254044 0.057363493251568511 0.073079701628165891 0.012170101308182526 -0.017372184967783394 0.012390026276039157 0.071245489267271742 -0.003310370748374176 -0.028644460130970772 0.063398880506291264 -0.030004872617055939 -0.019708428511003823 0.078484035931688206 -0.042826222335314544
leaf_weight=160.14623655378819 9.2048135697841662 4.9099605679512015 8.5896822512149829 4.5751293301582354 200.48410414159298 5.1323764175176612 21.603998199105263 9.6349090039730054 14.9074629843235 13.169706374406816 8.5140673965215665 5.3578681498765945 10.003205403685572 47.919429704546928 45.161028578877449 28.960925444960594 22.895468816161159 5.8617934435605994 5.1130330711603147 11.925445124506952 5.953578993678093 7.7621062844991675 11.579315260052683 5.200023651123046 11.856714531779287 53.947125449776649 8.6938732564449293 5.0566045492887488 4.9514020681381217 6.4677686393260947
leaf_count=686 38 20 38 19 953 21 101 42 62 58 36 23 41 201 189 119 94 25 22 50 25 33 52 24 53 252 36 21 22 27
internal_value=8.43371e-05 0.0442415 -0.0522208 -0.0582251 0.0552403 0.0232963 0.0383841 -0.00584595 -0.0134447 0.00493223 0.0191361 0.0370667 0.012718 -0.0619838 -0.050848 -0.0391547 0.00239849 -0.0139323 -0.00725135 -0.0275715 0.0244187 0.0528985 0.0598988 0.0470837 0.0207093 0.057534 -0.0703666 -0.0687498 0.0372751 -0.00716874
internal_weight=765.539 415.101 350.438 320.779 324.349 41.2812 36.3713 14.7673 24.8405 90.7526 63.1545 9.933 29.6595 295.938 127.098 76.8804 42.2227 28.7573 21.0698 27.598 11.0666 20.9318 283.067 82.5832 23.436 59.1471 168.84 50.2176 13.4655 18.3932
internal_count=3383 1901 1482 1356 1518 184 164 63 104 383 268 42 126 1252 530 320 177 119 88 115 47 91 1334 381 105 276 722 210 58 77
is_linear=0
shrinkage=0.05


Tree=10
num_leaves=31
num_cat=0
split_feature=21 26 12 26 21 67 41 35 66 21 21 43 56 42 35 74 66 60 79 49 66 74 21 46 43 44 58 32 2 69
split_gain=649.534 67.4615 50.3039 15.7032 15.5545 19.8665 14.689 14.0337 13.4021 11.7486 14.0515 11.3935 26.7218 11.058 10.3636 9.34181 10.4342 8.76094 8.04853 10.1903 12.8695 6.92624 6.78601 11.3533 5.92142 5.91908 5.84478 5.60711 5.05437 4.97908
threshold=-0.00022071183233329791 0.42896558450203981 0.0011398559646823572 0.22320956270470024 0.00098919180514622806 0.85208363492657602 51.69997963337368 0.32219347461080095 0.61326914187903603 -0.00049736631271762855 -0.00029751453676046807 33.595077568198754 -0.0012485289470903565 38.054105356685973 0.7458595208572264 18.981139348043616 0.77535546732442862 0.00051025881461031137 0.78656609248549303 0.80883068003905445 0.97010960001910462 30.419771675561325 5.5198144730095329e-05 0.081478399773581761 39.399099280534379 6842.4248349999889 0.00081363204271805414 65104.415147417501 64423.660000000011 0.45270892393900203
decision_type=2 2 2 2 2 2 2 2 2 2 2 2 2 2 2 2 2 2 2 2 2 2 2 2 2 2 2 2 2 2
left_child=2 4 3 14 18 -6 22 -7 -8 11 24 12 -5 27 -1 16 -10 -9 19 -2 -21 -16 23 -3 -11 -20 -17 -4 -15 -13
right_child=1 6 13 9 5 7 8 17 15 10 -12 29 -14 28 21 26 -18 -19 25 20 -22 -23 -24 -25 -26 -27 -28 -29 -30 -31
leaf_value=-0.069780800189596551 -0.074796867924782781 -0.035317780377965013 0.0036622447300619977 -0.050404548352325086 0.073039881542593277 0.047773016882944011 -0.033681198157562479 0.020336590069375951 0.076753065100126194 0.073600258297029833 -0.069348289494127441 -0.021922008486727533 0.026934033955449046 0.076600655453786456 0.018286033428444121 0.063096800175979253 -0.0109962386185805 -0.033504837858670575 0.053541011749576095 -0.055275406696898927 0.055894092490772866 -0.052802581445853952 0.063200535146463385 0.073343889931461556 -0.0038789561219612907 -0.024483936049952762 0.035992577031903297 -0.060735001009587453 0.015602197603260346 -0.072247857120023226
leaf_weight=160.85071411728859 10.917167767882349 4.7028626352548581 10.963552296161653 60.887545526027679 13.517518371343611 13.05725486576557 6.0819277316331855 11.981127902865408 4.491498380899432 4.6935678422451002 5.0903450697660437 5.5064253509044638 13.677997618913649 6.6119442880153638 5.541073039174079 41.798011049628258 13.785741850733755 20.453671708703041 4.783650755882265 5.858970031142233 4.6850673407316208 8.9781555384397489 203.28081530332565 4.9174057096242905 5.1960053294897079 4.9416305720806122 37.947765722870827 4.8869213461875907 6.9821817725896835 45.744593262672424
leaf_count=700 45 20 46 257 63 56 26 52 20 20 21 23 56 30 23 196 60 83 20 24 20 39 997 23 22 20 176 20 30 195
internal_value=8.93395e-05 0.0428768 -0.0503232 -0.0561445 0.0047234 0.0198182 0.0537324 0.00400384 0.0383407 -0.0437083 -0.00185008 -0.0486921 -0.0362179 0.0121843 -0.066129 0.0428094 0.0105675 -0.0136163 -0.0238382 -0.0409371 -0.00587909 -0.0256725 0.0612586 0.0202247 0.0328925 0.0138948 0.050199 -0.0161923 0.0452708 -0.0668408
internal_weight=752.813 407.202 345.611 316.166 90.1961 59.0096 317.006 45.4921 104.105 140.796 14.9799 125.817 74.5655 29.4446 175.37 98.023 18.2772 32.4348 31.1865 21.4612 10.544 14.5192 212.901 9.62027 9.88957 9.72528 79.7458 15.8505 13.5941 51.251
internal_count=3383 1901 1482 1356 383 254 1518 191 478 594 63 531 313 126 762 452 80 135 129 89 44 62 1040 43 42 40 372 66 60 218
is_linear=0
shrinkage=0.05


Tree=11
num_leaves=31
num_cat=0
split_feature=21 26 12 22 63 22 47 64 66 35 31 26 22 43 45 65 58 22 12 41 21 35 46 30 35 58 55 30 7 22
split_gain=597.403 76.4065 27.6082 22.8121 22.6332 20.5718 15.7533 14.8536 13.9741 12.084 11.2986 11.5426 13.3329 19.7258 9.3086 10.1064 9.03666 7.56074 13.7022 12.7939 11.4422 7.50762 5.39286 4.92185 5.43348 4.4363 4.01747 3.2022 3.14999 3.20669
threshold=-0.00049736631271762855 0.42896558450203981 0.0013178886667242209 -0.0019335836723472497 0.0012987543289029373 1.0000000180025095e-35 0.56480506858623103 0.0041296828623044683 0.67657080579946682 0.7554115004665215 -38.043032538030594 0.32380455808735104 -0.0050453738056315802 35.98346005294249 6518.7046132940659 0.0068535490113274871 0.00059277915588390418 0.0015640107068409794 0.0036920140784720838 50.83801030304317 -0.00021426771200661052 0.32219347461080095 0.17117308345252666 46.741978864736758 0.27864375974423011 0.00085079796881710015 64310.84752390725 -13.012879620098294 24.781015000000004 0.0013033238190381937
decision_type=2 2 2 2 2 2 2 2 2 2 2 2 2 2 2 2 2 2 2 2 2 2 2 2 2 2 2 2 2 2
left_child=2 5 10 4 -3 14 -7 21 -6 -10 -1 28 27 -14 15 -2 -9 18 20 -20 -5 -8 -4 24 -16 -19 -27 -13 29 -12
right_child=1 3 22 17 8 6 7 16 9 -11 11 12 13 -15 23 -17 -18 25 19 -21 -22 -23 -24 -25 -26 26 -28 -29 -30 -31
leaf_value=0.0087778678904429693 0.035588054363523879 -0.09450466009340408 -0.020504917329840614 -0.019881006863768133 -0.052286238532387133 0.057971676139260492 0.061705660943399965 0.024512271480920542 0.053071160961745169 -0.024415977975501765 -0.068630918653809644 -0.074257636335581662 -0.0057630524956612935 -0.06213277200871159 -0.023997467005670802 -0.055374004907969933 -0.046112767530590626 0.064610988051986298 0.047203979850182307 -0.072726220096210312 0.054624693790460359 0.0089671142109409366 0.034600217181514868 -0.0098625825284599997 -0.08661626790757157 0.053676870595282325 0.0062973600203562689 -0.030082857824703008 -0.036106651232091509 -0.041654596413859733
leaf_weight=6.4690686315298072 8.3174271583557111 4.1546002924442282 8.6952731311321276 5.4762596935033789 4.7372898012399665 17.329447537660599 9.9014578610658663 6.1881091743707684 28.320759177207947 6.1184418350458136 165.50738434493542 31.417507395148277 35.509873077273369 27.568588346242905 5.2030994594097164 4.8250607699155799 16.896260321140289 156.625309497118 4.3079935163259488 4.5963602513074875 87.336436346173286 21.189499229192734 9.0724097043275815 5.28936544060707 10.365893214941023 16.773289725184444 6.1017530858516684 4.7185605615377417 8.7515234202146512 11.801731735467909
leaf_count=26 36 17 36 23 20 78 44 27 134 27 739 136 147 117 22 20 70 787 21 20 425 90 39 22 43 80 29 20 37 51
internal_value=9.22076e-05 0.0382157 -0.0528788 0.050232 0.0164617 0.00125195 0.0164766 0.00320323 0.0282295 0.0393049 -0.056564 -0.0580457 -0.0442727 -0.0303996 -0.0307658 0.00219274 -0.0271807 0.0554354 0.0445445 -0.0147031 0.0502286 0.0257626 0.00763248 -0.0515325 -0.0656893 0.061607 0.0410387 -0.0684894 -0.06539 -0.0668354
internal_weight=739.566 430.054 309.512 324.548 43.3311 105.506 71.5048 54.1753 39.1765 34.4392 291.744 285.275 99.2145 63.0785 34.0008 13.1425 23.0844 281.217 101.717 8.90435 92.8127 31.091 17.7677 20.8584 15.569 179.5 22.875 36.1361 186.061 177.309
internal_count=3383 2035 1348 1583 198 452 309 231 181 161 1273 1247 420 264 143 56 97 1385 489 41 448 134 75 87 65 896 109 156 827 790
is_linear=0
shrinkage=0.05


Tree=12
num_leaves=31
num_cat=0
split_feature=21 25 26 22 76 21 76 65 22 59 58 74 70 66 20 32 45 42 62 23 60 66 29 43 59 61 22 80 30 79
split_gain=550.64 62.6377 49.9716 21.067 13.065 12.9602 11.9219 10.8576 12.0928 16.9166 10.4582 14.5136 15.0752 10.2836 9.98274 9.73895 11.7121 10.6084 9.72511 9.61484 11.7774 9.12317 8.81943 15.7413 8.43505 7.60421 6.17549 5.78811 5.31463 5.00083
threshold=5.5198144730095329e-05 48.479131981515877 0.42896558450203981 -0.0021043783312049698 4.5000000000000009 -0.00049736631271762855 56.500000000000007 0.0051212294767676624 1.0000000180025095e-35 0.00072896618202947044 0.00064964475126995499 21.095729477384847 0.81016220731984301 0.87717940476358192 -0.0027747388715830264 63659.181881161428 5862.640649874219 47.238257475278104 0.00025626970376673889 -0.0084124065747976911 0.00051419551232168622 0.93714901164671749 -16.457362244411339 64.988351291702017 0.0009113936257827631 0.00032765303310241454 0.0019848828534145828 1.0000000180025095e-35 9.315136683468781 -0.12940952255126037
decision_type=2 2 2 2 2 2 2 2 2 2 2 2 2 2 2 2 2 2 2 2 2 2 2 2 2 2 2 2 2 2
left_child=1 6 7 4 -3 22 15 -2 14 21 19 12 -12 -8 -9 16 17 -1 26 20 -4 -10 -5 -24 -11 -7 -17 -16 -14 -6
right_child=2 3 10 5 29 25 13 8 9 24 11 -13 28 -15 27 18 -18 -19 -20 -21 -22 -23 23 -25 -26 -27 -28 -29 -30 -31
leaf_value=-0.064225951607565085 0.075269157059593139 0.033146535421803978 -0.046322865591468858 0.048650211857414284 -0.079339575619610636 -0.015634368414718502 -0.054913866697932835 0.013184992892036694 0.064867655333865556 -0.040350800813433563 -0.050176500289026232 0.048886038684119164 0.00063964024555955654 0.035981939074324273 -0.020904004123507777 -0.064028119810263892 0.039609787081863107 0.0083824217332537834 0.010927236157221442 0.062264953052562466 0.068534940734716443 0.013675189090507869 -0.071360593812976311 0.015778859258923382 0.034769498077805348 0.054180117596261096 -0.030551343502752584 -0.090984950021037278 0.074176839977987755 -0.031110662167904608
leaf_weight=18.259402036666877 5.6438252478837958 4.9402475208044079 4.6220893859863263 5.151499658823016 11.593157380819326 4.8454564511775997 5.9190020114183408 7.9703804552555111 15.514288902282713 14.893856182694437 8.3328592181205767 78.744335919618607 4.4723128378391248 6.5608347654342651 5.3998367339372617 219.45569114387035 4.9915442615747443 6.9435482025146475 4.6720688641071311 180.59241898357868 4.3158486932516098 19.82358980178833 9.6180401742458361 11.238419458270071 4.9885578304529181 19.996539443731308 14.698713749647139 6.4843310415744781 5.4523085951805115 10.020703569054598
leaf_count=80 26 21 20 21 49 21 26 34 72 61 36 384 20 27 23 984 21 29 20 939 22 86 41 48 21 94 63 27 25 42
internal_value=9.40022e-05 -0.0439494 0.0431365 -0.00411521 -0.040212 0.0147347 -0.0549026 0.00838688 0.00335894 0.0153918 0.0529258 0.0395733 -0.000592525 -0.0071286 -0.0301072 -0.0571188 -0.0303635 -0.044222 -0.0605014 0.0597596 0.00913835 0.0361501 -0.00993535 -0.0244058 -0.0215029 0.0405627 -0.0619267 -0.0591421 0.0410389 -0.0569795
internal_weight=726.156 358.905 367.251 77.4041 26.5541 50.85 281.501 80.7187 75.0748 55.2203 286.532 97.0018 18.2575 12.4798 19.8545 269.021 30.1945 25.203 238.826 189.53 8.93794 35.3379 26.008 20.8565 19.8824 24.842 234.154 11.8842 9.92462 21.6139
internal_count=3383 1587 1796 337 112 225 1250 350 324 240 1446 465 81 53 84 1197 130 109 1067 981 42 158 110 89 82 115 1047 50 45 91
is_linear=0
shrinkage=0.05


Tree=13
num_leaves=31
num_cat=0
split_feature=21 25 26 22 35 42 65 46 35 59 76 2 76 37 58 74 70 74 74 23 60 22 32 80 76 82 74 0 33 30
split_gain=507.013 58.1187 47.2575 23.6354 12.3197 17.9058 11.8293 13.7087 15.5383 11.4857 11.4016 13.4566 24.2639 15.5138 10.2936 13.5619 13.6157 9.94558 9.45452 9.18448 10.8422 8.81412 6.93472 6.71155 6.38647 8.64993 5.26674 5.07389 8.51429 5.01112
threshold=5.5198144730095329e-05 47.306705223436076 0.42896558450203981 -0.0024234837707569619 0.32219347461080095 42.68570108348478 0.0064789984715152545 -0.14621855272379822 0.38912488882503932 0.00049544445160105727 56.500000000000007 65579.695000000022 23.500000000000004 63061.162809835914 0.00064964475126995499 21.095729477384847 0.81016220731984301 54.937291480131869 40.943814527080455 -0.0084124065747976911 0.00051419551232168622 0.0019848828534145828 64108.079900913428 1.0000000180025095e-35 34.500000000000007 1.5000000000000002 56.983898412665248 63821.765000000007 63783.033000000003 9.315136683468781
decision_type=2 2 2 2 2 2 2 2 2 2 2 2 2 2 2 2 2 2 2 2 2 2 2 2 2 2 2 2 2 2
left_child=1 9 4 17 24 18 7 -5 -9 21 11 13 -13 -11 19 16 -16 -3 22 20 -4 -1 -6 -7 25 -2 -20 -17 -29 -18
right_child=2 3 14 6 5 23 -8 8 -10 10 -12 12 -14 -15 15 27 29 -19 26 -21 -22 -23 -24 -25 -26 -27 -28 28 -30 -31
leaf_value=-0.069126466812471019 0.056403767740997514 -0.06279208024330378 -0.043574146232541966 0.048977540881898436 -0.0085399586951593193 -0.0042504227919361627 0.043722078460838545 -0.057474335816881397 0.015342147867612616 0.0059816395074950065 0.017676992823747673 -0.05201452704104418 0.0879534092935991 -0.057257257000686138 -0.047121594881881397 0.066677057942866033 0.00060777231629685884 0.017570182111912965 0.055695211344187978 0.061026957872503299 0.067312631060708991 -0.0095353542956521133 -0.059357031915519179 0.060293508093655503 0.071261286790991488 -0.019562845604020596 -0.015273294158413532 -0.031474384559311279 0.044553004652104919 0.072459709416359236
leaf_weight=107.50942486524582 7.414210647344591 19.535408347845081 4.6667693555355054 9.211480647325514 11.180463194847109 6.280775964260104 19.312120512127876 14.606375247240068 14.69902729988098 10.505105018615721 6.9693245589733115 8.2624679505825025 4.9520384669303885 126.26025986671448 8.4268859773874301 23.724257037043571 4.4715008139610273 4.7950575500726691 4.7260834723710996 175.18075610697269 4.1780030280351639 6.5852946639060965 16.803433462977409 11.227414786815642 9.0171006172895414 7.5763422697782516 5.8505482971668243 3.9789668321609488 49.432209327816963 5.3061437904834747
leaf_count=493 34 84 20 40 47 27 89 63 65 44 29 38 21 573 36 120 20 20 21 939 22 28 70 51 42 33 25 20 244 25
internal_value=9.6229e-05 -0.0424484 0.0419024 -0.00560951 0.00803944 -0.00479368 0.0117855 -0.00422727 -0.020951 -0.0536151 -0.0448394 -0.0477444 0.000437421 -0.0523998 0.0516088 0.0382745 -0.000543217 -0.0469543 -0.0238332 0.058517 0.00880541 -0.065687 -0.039054 0.0371394 0.0380106 0.0180096 0.0164384 0.0474358 0.0388892 0.0396005
internal_weight=712.645 353.203 359.442 82.1595 80.0764 56.0687 57.829 38.5169 29.3054 271.044 156.949 149.98 13.2145 136.765 279.365 95.34 18.2045 24.3305 38.5605 184.026 8.84477 114.095 27.9839 17.5082 24.0077 14.9906 10.5766 77.1354 53.4112 9.77764
internal_count=3383 1587 1796 361 350 241 257 168 128 1226 705 676 59 617 1446 465 81 104 163 981 42 521 117 78 109 67 46 384 264 45
is_linear=0
shrinkage=0.05


Tree=14
num_leaves=31
num_cat=0
split_feature=21 26 12 22 61 66 22 21 76 32 79 42 58 60 10 66 69 41 57 74 22 10 44 76 9 58 29 0 69 15
split_gain=469.188 62.7742 23.26 20.5021 20.0159 18.3022 15.7101 15.5681 12.2706 12.9155 16.8315 13.4586 12.4751 12.1284 9.03548 8.81513 8.74357 8.44952 7.5044 8.61516 6.95662 6.78046 6.4238 6.0734 5.58735 4.3017 5.38596 9.28662 2.5138 1.66069
threshold=-0.00049736631271762855 0.41806360789967584 0.0011398559646823572 0.0015640107068409794 0.00093672717609884378 0.61326914187903603 1.0000000180025095e-35 0.00012546110965605542 56.500000000000007 63659.181881161428 0.60355339059327384 47.238257475278104 0.0011101755469536689 0.0006493666004854196 -0.00010580990523922916 0.87717940476358192 0.97231656060482519 33.210837252444371 0.0005432322759055349 36.064547723265044 0.0023600472199856175 -0.0012280529829644113 5415.4539099999938 53.500000000000007 0.00034840852542572526 0.00085079796881710015 76.106072790727936 63829.795000000006 0.8163641647875256 -0.0001192654265064763
decision_type=2 2 2 2 2 2 2 2 2 2 2 2 2 2 2 2 2 2 2 2 2 2 2 2 2 2 2 2 2 2
left_child=2 6 8 4 5 -3 17 -7 9 10 11 -1 20 16 -4 -10 23 28 -19 -20 -11 -15 -23 -8 -16 29 -27 -28 -2 -5
right_child=1 3 14 25 -6 7 13 -9 15 12 -12 -13 -14 21 24 -17 -18 18 19 -21 -22 22 -24 -25 -26 26 27 -29 -30 -31
leaf_value=-0.068057680154269842 -0.037954296941125155 -0.039547272637408176 0.051931251577271402 0.052123857562382338 -0.053213463205369474 0.0043664701284637873 0.039812748099761458 0.049424900010867259 -0.05275155550069352 -0.062060024969773066 0.055557586081883339 0.017291533873094986 0.0076470224453015767 -0.071041859873272065 -0.043058047300757539 0.03828750913481916 -0.030428068404587696 0.0293717400953185 -0.062064067242769472 0.017724387699588933 -0.025975935184561684 -0.045968089649893407 0.030012066569073566 -0.021676890608164183 0.022581876742403761 0.06079319328106484 0.059116791619848542 -0.035582600065709714 -0.087907598429986647 0.064413766141208167
leaf_weight=14.84351228177548 4.5310765802860242 7.5004008114337912 6.5210884809494045 36.966639384627342 6.5533729493618003 23.660734087228775 40.920701593160629 101.00533621013165 4.5813003331422788 213.94384150207043 5.635043889284133 6.7054964751005164 7.0666258931159964 5.080001354217532 8.9552408605813962 6.3368503600358963 6.0040141046047202 7.6401910036802319 8.9600954204797727 5.4355167448520652 14.246371075510977 4.7673320919275266 6.6794089674949646 4.4527336061000815 5.0816300809383383 11.704290032386782 5.125992149114607 5.2303732335567474 5.6701302826404572 107.19098176062107
leaf_count=68 20 33 29 199 29 106 186 527 21 1001 24 28 31 21 37 26 25 33 38 24 62 20 29 20 21 59 26 26 24 590
internal_value=9.84357e-05 0.0349922 -0.0479925 0.0462718 0.0320801 0.0363093 0.000645131 0.0408731 -0.0518499 -0.0540106 -0.0213801 -0.0414992 -0.057781 0.0142904 0.00329828 8.71482e-05 0.0262752 -0.0280973 -0.0106805 -0.0319374 -0.0598072 -0.0229673 -0.0016321 0.0337784 -0.0192951 0.0581156 0.0375539 0.0112899 -0.0657198 0.0612622
internal_weight=698.996 405.079 293.917 304.938 138.72 132.166 100.141 124.666 273.359 262.441 27.1841 21.549 235.257 67.9042 20.558 10.9182 51.3774 32.237 22.0358 14.3956 228.19 16.5267 11.4467 45.3734 14.0369 166.218 22.0607 10.3564 10.2012 144.158
internal_count=3383 2035 1348 1595 695 666 440 633 1261 1214 120 96 1094 301 87 47 231 139 95 62 1063 70 49 206 58 900 111 52 44 789
is_linear=0
shrinkage=0.05


Tree=15
num_leaves=31
num_cat=0
split_feature=21 25 12 13 41 22 62 59 63 2 22 13 14 21 43 70 22 42 21 58 10 59 23 65 13 79 34 32 72 44
split_gain=432.628 38.8962 38.0578 21.8113 16.1187 15.0147 14.846 13.5107 33.5521 14.2424 12.2435 11.2575 15.3572 13.9934 17.2347 9.82779 9.39881 8.54149 7.47712 16.3603 6.85771 6.85198 6.5346 5.45946 5.03434 4.92643 4.23601 3.71628 3.4976 3.41066
threshold=-0.00021426771200661052 55.47016741256224 0.0011398559646823572 0.0029899675421027898 51.69997963337368 0.0019848828534145828 5.3152378005558375e-05 0.00049544445160105727 0.0013599481605087607 65579.695000000022 -0.0016266788912107086 -0.0023599265411045063 -0.0062559353799319086 0.0009561723030520054 39.650528225809971 0.74785958589585277 1.0000000180025095e-35 38.054105356685973 0.0023615789589972462 0.00068789959993832434 -0.0015967527607351204 0.00076594623916438696 -0.0084124065747976911 0.0071270624802084641 0.00027501788107264785 -0.78656609248549325 63296.446500247228 64554.65379545169 0.00094849348179559118 7822.8004399999945
decision_type=2 2 2 2 2 2 2 2 2 2 2 2 2 2 2 2 2 2 2 2 2 2 2 2 2 2 2 2 2 2
left_child=2 3 5 11 22 7 15 23 -9 -10 -6 12 -2 14 -13 -7 -14 24 19 -12 -15 -20 -3 -1 -4 -19 -24 -8 -26 -28
right_child=1 4 17 -5 10 6 27 8 9 -11 18 13 16 20 -16 -17 -18 25 21 -21 -22 -23 26 -25 28 -27 29 -29 -30 -31
leaf_value=-0.0678734667530973 0.051197089003617663 0.010462549216768875 0.02947970099846586 -0.091327514856677464 -0.027379394642479512 -0.015787351512452572 -0.071815551002307645 0.064353458475763833 -0.051812679596696401 0.001583453487249931 -0.063625445418593038 0.058594133490558656 -0.063573437036672439 -0.0042388065406321358 -0.025843331878563892 0.08551937176824588 0.0094961923504659831 0.00092059426000642031 0.062838802010982936 0.033522088124409259 0.049884857818959905 0.020238406565378324 0.010630085525247105 -0.023027087920354752 -0.0080178530547359624 0.060930694091168684 0.061917322352993735 -0.020986756909263982 -0.064809921879112262 0.020075585446954047
leaf_weight=101.09614832699299 7.063513413071635 7.1821189671754828 4.5725339055061367 4.8400989174842826 8.2362006157636625 4.5039676725864428 6.0542102903127661 7.0916583687067023 136.74376045167446 13.74342894554138 5.0925202071666709 8.5607590824365634 11.420234739780428 6.766316905617713 20.55040442943573 5.1101482957601547 7.1600545197725287 5.450179010629653 31.497234880924225 29.087294101715088 43.33711114525795 13.478200405836104 4.3651259690523139 7.2746639847755423 6.178909093141554 9.1811148822307569 151.11501358449459 8.8568517416715604 4.8304067701101303 5.0325271785259238
leaf_count=486 32 36 20 20 36 20 26 29 640 63 24 40 48 29 91 23 32 26 166 142 214 67 24 34 26 43 860 39 20 27
internal_value=9.8834e-05 0.0373427 -0.0422664 0.0124457 0.0480496 -0.0478215 -0.0103874 -0.0512736 -0.0419277 -0.0469362 0.0306389 0.0172357 -0.0115583 0.026557 -0.00101269 0.0380598 -0.0354155 0.0111417 0.0366758 0.0190479 0.0425756 0.0500724 0.0571229 -0.064863 -0.0146198 0.0385768 0.0592107 -0.0416243 -0.0329357 0.0605688
internal_weight=685.473 364.785 320.688 109.698 255.086 290.475 24.5252 265.95 157.579 150.487 87.3915 104.858 25.6438 79.2146 29.1112 9.61412 18.5803 30.2131 79.1552 34.1798 50.1034 44.9754 167.695 108.371 15.5818 14.6313 160.513 14.9111 11.0093 156.148
internal_count=3383 1888 1495 506 1382 1360 108 1252 732 703 435 486 112 374 131 43 80 135 399 166 243 233 947 520 66 69 911 65 46 887
is_linear=0
shrinkage=0.05


Tree=16
num_leaves=31
num_cat=0
split_feature=21 26 22 61 25 21 69 22 47 64 31 27 41 11 45 65 39 46 76 46 20 77 60 46 30 23 39 42 55 30
split_gain=399.659 55.8503 19.4591 18.2733 17.5634 15.912 13.6243 13.3487 12.0349 11.9785 11.4487 9.89834 9.75189 8.41211 7.49473 8.54992 7.46692 7.24529 9.28884 8.85671 7.41194 6.76909 12.132 5.78523 4.63478 4.48752 4.34882 3.7744 3.74889 2.89763
threshold=-0.00049736631271762855 0.41806360789967584 0.0015640107068409794 0.00093672717609884378 44.300322895381925 0.00012546110965605542 0.96167471473632371 1.0000000180025095e-35 0.56480506858623103 0.0041296828623044683 -38.043032538030594 0.13011579079926289 48.870423878793709 0.0022367174510739001 6518.7046132940659 0.0062517310754882883 66398.659572285367 -0.1337830482111228 27.500000000000004 0.18117499927226086 0.0028122437887843081 4.5000000000000009 0.00034061327749607427 -0.22124826387074928 46.741978864736758 -0.0084124065747976911 64281.758968119611 25.081016598816007 63033.195732942804 73.773781104881849
decision_type=2 2 2 2 2 2 2 2 2 2 2 2 2 2 2 2 2 2 2 2 2 2 2 2 2 2 2 2 2 2
left_child=4 7 3 5 10 6 -3 14 -9 23 -1 -11 -7 17 15 -2 21 18 -6 26 -21 28 -23 -10 27 -4 -19 -16 -12 -27
right_child=1 2 25 -5 13 12 -8 8 9 11 16 -13 -14 -15 24 -17 -18 19 -20 20 -22 22 -24 -25 -26 29 -28 -29 -30 -31
leaf_value=0.014116856225541374 0.046795442626389031 -0.020150225644420802 0.015572734302003685 -0.051327497820257355 -0.032849566656389932 0.05522998180414268 0.071259025195404446 0.051731080002101942 0.072394988414883857 -0.066219006901161059 -0.013267941841933424 0.0016928595235410086 0.023541415360433221 0.031203041957326108 -0.022506396865655753 -0.036574330684356574 -0.0079239060251674702 -0.023258569057232961 0.060395492538124144 -0.03407277526600961 0.038247234709631484 -0.073994577543924939 0.037103351822329017 0.012550365744680273 -0.0049643064934838561 0.060072278088599523 -0.063684382058356442 -0.077951057869789647 -0.058880833669835368 0.037160750283838744
leaf_weight=6.385252818465232 6.0134115964174288 19.964945912361149 6.5903329253196707 6.5675564259290686 6.0053218454122526 62.648409098386765 5.1222148537635794 15.47954612970352 4.8460637331008938 9.1235557794570941 4.614349201321601 13.026052489876745 39.640955433249474 6.6414456814527503 4.485047876834872 6.2941129505634308 8.502888083457945 9.4749402254819888 4.8101546913385391 8.7236494570970518 5.9656489044427863 4.6536847651004773 5.2065878808498383 24.231088891625404 5.1190270930528632 134.82805559039116 22.333941653370857 9.7255384027957898 189.59779450297356 15.373373955488203
leaf_count=26 27 88 34 29 27 360 25 75 22 39 21 57 193 28 20 27 38 42 20 39 27 22 23 108 22 782 102 43 933 84
internal_value=0.00010115 0.0329819 0.0439995 0.0300042 -0.045118 0.0341977 -0.00148658 0.000410179 0.0130964 0.00142188 -0.0518509 -0.0262804 0.0429495 -0.0220669 -0.0263385 0.00415984 -0.0538324 -0.0282398 0.00862093 -0.0368136 -0.00470202 -0.0557452 -0.0153308 0.0225242 -0.0457573 0.0559554 -0.0516427 -0.060452 -0.0577971 0.0577272
internal_weight=671.995 389.079 290.736 133.944 282.916 127.377 25.0872 98.3434 66.7063 51.2268 218.961 22.1496 102.289 63.9551 31.6371 12.3075 212.575 57.3137 10.8155 46.4982 14.6893 204.072 9.86027 29.0772 19.3296 156.792 31.8089 14.2106 194.212 150.201
internal_count=3383 2035 1595 695 1348 666 113 440 301 226 1063 96 553 285 139 54 1037 257 47 210 66 999 45 130 85 900 144 63 954 866
is_linear=0
shrinkage=0.05


Tree=17
num_leaves=31
num_cat=0
split_feature=21 25 12 21 35 30 59 41 22 12 21 59 63 37 46 22 31 23 66 10 67 15 10 58 43 21 65 9 65 55
split_gain=368.586 49.8938 19.5035 16.062 15.7453 22.185 13.6668 12.1448 12.2278 20.7292 10.3694 10.0338 18.8953 16.0398 20.1585 12.0031 10.3371 8.86126 9.95254 8.35754 8.19257 7.83063 7.34728 7.30419 10.0102 5.68752 5.351 5.09078 4.86056 4.03096
threshold=-0.00049736631271762855 55.47016741256224 0.0013178886667242209 0.0001006164242394192 0.32219347461080095 -52.810105883216224 0.00072896618202947044 51.69997963337368 0.0016837022465089337 0.0035525632290731583 -0.00029751453676046807 0.00049544445160105727 0.0013599481605087607 65655.201459787946 -0.13989926014739729 0.0022715444826696411 -38.043032538030594 -0.0064936224518335464 0.89656981496529553 2.842564160199235e-05 0.90563545325990757 -0.00084223906910479973 0.00015375368935133252 0.00085079796881710015 78.378935440416726 0.0009561723030520054 0.0074439118419252475 0.00023260707468586442 0.0071270624802084641 64008.679990500437
decision_type=2 2 2 2 2 2 2 2 2 2 2 2 2 2 2 2 2 2 2 2 2 2 2 2 2 2 2 2 2 2
left_child=2 3 11 10 25 29 -7 17 9 22 20 15 -13 16 -15 28 -14 18 -3 -4 -2 -12 -9 -10 -25 -5 -19 -21 -1 -6
right_child=1 7 19 4 5 6 -8 8 23 -11 21 12 13 14 -16 -17 -18 26 -20 27 -22 -23 -24 24 -26 -27 -28 -29 -30 -31
leaf_value=-0.066635082935706705 0.045826520493726798 -0.039544616013407946 0.05249552667901547 0.0070588344600394596 0.014666316076749106 0.0058163367378123131 -0.051195793488162382 -0.02108617261269349 0.062097435066378263 -0.073977234193748326 -0.071839451088996226 0.035441853233686309 0.013399898873094413 0.074298747668064935 -0.044592475739046039 0.0069253645026436609 -0.051768872563869611 0.057873426498935045 0.050768166519544633 -0.049645155553363657 -0.03554521486977797 -0.0048330593364839846 0.038025480509263153 -0.0097140034347205709 0.056454377690382251 0.05427856943267672 0.0018721902653830846 0.019114261600751865 -0.022179273235635327 0.065832297900755746
leaf_weight=90.628216788172722 7.1666364669799822 5.3004895001649839 6.4789000898599651 8.3406747430562955 5.7531640529632595 25.182419061660767 18.043491661548615 6.729999557137492 29.377650707960129 6.3759538978338233 12.156593248248102 8.0461572259664518 6.3904110938310614 6.2655232697725287 8.2729102522134763 6.4285544902086249 127.32887187600136 147.28934262692928 7.1864971220493317 6.0791663080453855 5.4421576857566833 6.7986242026090613 24.014360070228577 11.079496011137964 11.807021617889403 27.085985034704208 4.3928138464689246 4.8311989009380341 6.5959943681955329 11.632285311818121
leaf_count=462 31 25 30 39 26 118 77 31 166 28 54 34 26 27 40 28 624 890 40 25 24 29 117 56 62 141 24 20 32 57
internal_value=0.00010133 0.0320109 -0.0437518 0.00651039 0.0166803 0.00120235 -0.0179818 0.0448441 0.0300139 0.0080703 -0.0244329 -0.0471811 -0.0391818 -0.0432317 0.00664521 -0.0592439 -0.0486545 0.0529186 0.0124321 0.00751365 0.0107052 -0.0478064 0.0250858 0.0455993 0.0244219 0.0431614 0.0562516 -0.0191979 -0.0636191 0.0489005
internal_weight=658.502 381.156 277.346 127.602 96.038 60.6114 43.2259 253.554 89.3845 37.1203 31.564 259.957 156.304 148.258 14.5384 103.653 133.719 164.169 12.487 17.3893 12.6088 18.9552 30.7444 52.2642 22.8865 35.4267 151.682 10.9104 97.2242 17.3854
internal_count=3383 2035 1348 596 458 278 195 1439 460 176 138 1273 751 717 67 522 650 979 65 75 55 83 148 284 118 180 914 45 494 83
is_linear=0
shrinkage=0.05


Tree=18
num_leaves=31
num_cat=0
split_feature=21 25 25 13 41 22 22 66 25 59 76 55 3 43 14 30 22 45 42 22 21 58 59 75 15 22 34 67 74 41
split_gain=340.663 33.1266 31.634 18.7384 15.3059 14.2776 10.5633 9.94089 11.3083 9.68301 11.9239 11.6061 11.5807 8.90728 9.86225 11.6414 9.26301 8.19149 7.70594 7.05297 6.91355 14.7164 6.57438 6.41724 5.32563 3.37748 3.44324 2.3552 6.39555 2.19607
threshold=-0.00021426771200661052 55.47016741256224 46.871143517903057 0.0029899675421027898 51.69997963337368 0.0013033238190381937 -0.0016266788912107086 0.61326914187903603 32.865219027604411 0.00049544445160105727 56.500000000000007 63033.195732942804 65595.180000000008 37.92393964207394 0.0028222177343882886 53.006135407004855 -0.0043401216098214448 6721.1710190209815 37.319548159921098 0.0019848828534145828 0.0023615789589972462 0.00068789959993832434 0.00076594623916438696 19.500000000000004 -0.0077722254991474107 -0.0042298893135263574 63201.476204032515 0.77142360283906142 18.575501129350958 38.687742472974257
decision_type=2 2 2 2 2 2 2 2 2 2 2 2 2 2 2 2 2 2 2 2 2 2 2 2 2 2 2 2 2 2
left_child=2 3 9 7 25 13 -6 -2 24 19 11 -11 -13 16 23 -16 -4 -7 -10 27 21 -8 -22 -15 -9 -3 -27 28 -1 -28
right_child=1 4 5 -5 6 17 20 8 18 10 -12 12 -14 14 15 -17 -18 -19 -20 -21 22 -23 -24 -25 -26 26 29 -29 -30 -31
leaf_value=-0.067536389534786578 -0.042405605087359549 0.01307090526319773 -0.04217231961797821 -0.085298285293520834 -0.026287404906158753 0.060780256900084997 -0.061694737220076637 0.038446093144125608 0.019808002478974233 0.027658231265289754 0.028241236429512869 -0.049938887544376614 0.001282525079912623 -0.06714656743233359 0.049481384557909257 -0.043645022480560396 0.044804417386841267 -0.011040609877879295 0.056854915464559702 -0.0087826420176711963 0.060045690471060634 0.030542128737288433 0.017230669248839727 -0.0027882478151004934 -0.021336891154092416 0.013278958803458783 0.061234303389452252 -0.066161715032285726 0.0084100672699730997 0.048103947918638215
leaf_weight=8.5424107462167722 6.8701571673154822 4.8512196242809287 4.7707332074642173 4.8139380663633338 8.2323141545057279 9.9495803415775317 5.1159963309764853 4.6151721924543407 51.199647724628448 5.7400498688220969 6.3506644964218131 115.03713329136372 12.205843299627302 18.518133655190471 6.3163325488567335 7.159773126244545 8.5424664169549924 6.6060741245746604 19.338259980082512 6.4513086676597586 29.05398716032505 27.950872927904129 12.968004211783407 4.8976896554231635 19.319350123405457 4.6827412396669379 95.357591897249222 77.560297891497612 4.103755295276641 47.810677453875542
leaf_count=45 32 25 21 20 36 52 24 21 249 24 27 577 57 86 27 33 37 31 99 28 166 142 67 21 85 27 606 409 20 289
internal_value=0.000102111 0.0342837 -0.038531 0.0110865 0.0447171 -0.00814374 0.0274799 0.0156649 0.0198879 -0.0471274 -0.0386917 -0.0418881 -0.0450254 -0.0214218 -0.0340734 3.88991e-06 0.0136366 0.0321221 0.0299646 -0.0592874 0.0333746 0.0162715 0.046833 -0.0536853 -0.00980924 0.0541225 0.0554695 -0.0628994 -0.0428913 0.0568495
internal_weight=644.932 342.18 302.752 106.157 236.023 66.7608 83.3212 101.343 94.4724 235.991 139.334 132.983 127.243 50.2051 36.8919 13.4761 13.3132 16.5557 70.5379 96.6578 75.0889 33.0669 42.022 23.4158 23.9345 152.702 147.851 90.2065 12.6462 143.168
internal_count=3383 1888 1495 506 1382 308 435 486 454 1187 685 658 634 225 167 60 58 83 348 502 399 166 233 107 106 947 922 474 65 895
is_linear=0
shrinkage=0.05


Tree=19
num_leaves=31
num_cat=0
split_feature=21 26 22 12 26 22 76 32 79 15 14 63 58 57 76 1 39 47 46 66 10 66 58 56 58 8 62 10 62 35
split_gain=314.614 47.998 18.0886 17.2524 14.8725 11.4316 11.0323 11.0291 14.2661 10.9781 11.685 10.8082 10.4999 9.43525 8.62625 8.59295 9.42432 8.42116 8.41215 7.11485 7.04323 6.92304 6.13275 5.14525 4.40271 4.46679 11.0302 4.04226 3.67341 6.85574
threshold=-0.00049736631271762855 0.41806360789967584 0.0015640107068409794 0.0014717103212895657 0.8475256896297938 1.0000000180025095e-35 56.500000000000007 63659.181881161428 0.60355339059327384 -0.00095220148197339139 -0.00074106365889364801 0.0011832919624862966 0.0011101755469536689 0.0011807031088649166 54.500000000000007 65163.615000000013 65305.786558440574 0.56480506858623103 0.29179112562101434 0.91006929366060907 2.842564160199235e-05 0.87717940476358192 0.0006930259250696229 0.0035254196382195056 0.00085079796881710015 997934.74756445014 0.00020068236850794141 0.00092977701575636129 5.3152378005558375e-05 0.85409686167445087
decision_type=2 2 2 2 2 2 2 2 2 2 2 2 2 2 2 2 2 2 2 2 2 2 2 2 2 2 2 2 2 2
left_child=3 5 4 6 9 19 7 8 22 10 -3 -7 18 -11 17 23 -17 -13 -9 -2 -5 -8 -1 -6 -4 26 -26 -22 -21 -30
right_child=1 2 24 20 15 11 21 12 -10 13 -12 14 -14 -15 -16 16 -18 -19 -20 28 27 -23 -24 -25 25 -27 -28 -29 29 -31
leaf_value=-0.060786092470813229 -0.062341718797771277 0.011062013799443942 0.056667026168268256 0.055038131955091635 0.053620372066168945 0.068587068017220532 -0.044566750905046942 -0.054093084049047495 0.05609004947121328 0.03842549931990849 -0.060539902917414061 0.051386701563889685 0.0099970662690581028 -0.042499750139236139 -0.058984796517875665 -0.059421242017747455 0.033789125065463395 0.000551512673379842 0.0064771590904516068 -0.038608932803371007 -0.043907092560822633 0.039061400343511056 -0.0048283583112080919 -0.0039158179790246307 -0.045979503283992938 0.052730119619825877 0.064699843026979426 0.018717267149337368 0.031185678254755031 -0.040581659291011409
leaf_weight=10.701227247715002 9.1334207653999346 13.860674902796747 123.24939377605915 5.4966228753328314 56.439010098576546 7.3886054307222357 4.0897079855203611 201.69705611467361 5.4677968472242346 25.959731087088588 9.6754554957151395 10.070206165313719 6.9749823659658423 4.182104915380477 4.916937142610549 3.9775456339120856 8.5219422131776792 42.651393070816994 5.8999718129634848 7.2948976755142239 5.5776088088750821 6.267048716545105 9.0264692902564985 4.1729521304368964 4.8503315597772616 11.083733275532721 4.2006283700466156 4.7894462794065475 9.1084076315164548 5.2432409822940818
leaf_count=55 42 67 789 26 332 41 21 1052 24 142 45 50 32 21 21 17 48 189 28 32 23 26 41 23 26 61 24 20 42 23
internal_value=0.00010159 0.0301771 0.0409599 -0.0412802 0.0272017 -0.000229975 -0.0444872 -0.0466696 -0.015375 0.00721624 -0.0183728 0.0116526 -0.0503443 0.0271973 0.00435426 0.041875 0.00412803 0.0102614 -0.0523717 -0.0253337 0.00928364 0.00603806 -0.0351825 0.0496592 0.0531258 0.0314487 0.00538773 -0.0149754 -0.00971868 0.00496615
internal_weight=631.969 365.981 270.174 265.988 126.789 95.8071 250.124 239.768 25.1955 53.678 23.5361 65.0271 214.572 30.1418 57.6385 73.1115 12.4995 52.7216 207.597 30.78 15.8637 10.3568 19.7277 60.612 143.384 20.1347 9.05096 10.3671 21.6465 14.3516
internal_count=3383 2035 1595 1348 695 440 1279 1232 120 275 112 301 1112 163 260 420 65 239 1080 139 69 47 96 355 900 111 50 43 97 65
is_linear=0
shrinkage=0.05


Tree=20
num_leaves=31
num_cat=0
split_feature=31 22 22 29 9 11 62 64 32 62 22 66 60 63 42 39 56 42 6 58 57 11 43 44 22 76 46 23 58 27
split_gain=207.357 53.3718 49.5344 20.3055 18.6025 16.0805 18.5506 14.1958 12.8726 12.5774 11.1686 11.0544 10.8806 14.1199 10.7694 10.2853 10.2513 9.86793 11.3046 9.00104 8.55262 8.43846 13.8702 7.02307 6.95374 6.6666 5.48121 5.18467 4.90623 6.8475
threshold=-1.0943239751751184 -0.0024568677308873794 0.00057446037133135352 -61.356720734034745 -0.00044210161642849183 -0.00097834384736938929 7.8875737471551945e-05 0.0030373061281831035 64026.582185257968 0.00021608670958179541 0.0015640107068409794 0.97533450885326067 0.00039574719462028284 0.0013268265850321216 44.987746935585356 63455.333435564469 8.3022540044992306e-05 43.178515139562457 2411.5000000000005 0.00065616190145233535 0.00089075182497779979 -0.00017317620274620579 48.91222967652218 7760.6527249999945 0.0013033238190381937 56.500000000000007 0.23793746482241865 -0.0018904499058456923 0.00085079796881710015 0.47821106198367008
decision_type=2 2 2 2 2 2 2 2 2 2 2 2 2 2 2 2 2 2 2 2 2 2 2 2 2 2 2 2 2 2
left_child=2 7 9 -4 17 20 27 12 -8 15 21 16 13 -2 -11 19 -9 18 -3 -1 -5 22 -6 -23 -20 26 -17 -7 -12 -30
right_child=1 4 3 5 10 6 8 11 -10 14 28 -13 -14 -15 -16 25 -18 -19 24 -21 -22 23 -24 -25 -26 -27 -28 -29 29 -31
leaf_value=-0.052081733595770965 -0.074856750411649006 0.045657138643738 0.084207614640914891 -0.040508978643477495 0.070717839215808126 -0.00077174502954964561 0.033765568730330327 -0.043146918788463488 -0.065679388747908393 0.056401133104087564 0.055291212283676228 0.061084389834357045 -0.068319337454679746 0.03052259310518704 -0.046033391735056238 -0.053801146471838458 0.042108791897147189 0.049544301490469927 -0.046843337411736671 0.026371699940770169 0.022519514475110206 0.039960365916791307 -0.031683490024286547 -0.014418981748837581 0.0044299625526887151 -0.002175617847970115 -0.0068163794453144771 0.052223845196529776 -0.027817213596244672 0.045028842246930753
leaf_weight=6.358968809247016 5.0161535590887096 8.0776125937700254 6.8119658529758444 30.840504467487335 4.5732638239860561 5.9351103901863089 5.0510477870702735 9.9808210432529467 9.1475542336702329 5.6351672261953336 113.38793776929379 7.465098410844802 16.557820364832878 8.6782476752996427 4.7109498828649521 166.68876683712006 5.4519018977880469 10.346843302249907 13.602620616555216 8.6011864542961103 6.5201683342456809 77.274299338459969 11.941285297274588 6.431616559624671 12.868384942412375 6.9695191979408255 6.4473911225795737 20.750861093401912 4.327288597822192 12.675400316715239
leaf_count=33 24 46 31 150 23 29 27 52 44 25 743 42 78 47 23 887 26 54 64 38 29 441 58 31 70 33 33 109 20 73
internal_value=0.000102999 0.0273061 -0.0306764 0.00141068 0.036156 -0.00579756 0.0158704 -0.0185681 -0.0303026 -0.0439631 0.0418886 0.0111335 -0.0410492 -0.00807705 0.0097591 -0.0468125 -0.0130287 0.00670986 -0.00611848 -0.00697574 -0.0295093 0.0293377 -0.00332617 0.0357821 -0.0219178 -0.0501214 -0.0520515 0.0404373 0.0515355 0.0264891
internal_weight=619.126 328.657 290.469 85.0572 275.507 78.2452 40.8846 53.15 14.1986 205.412 230.611 22.8978 30.2522 13.6944 10.3461 195.066 15.4327 44.8955 34.5486 14.9602 37.3607 100.22 16.5145 83.7059 26.471 180.106 173.136 26.686 130.391 17.0027
internal_count=3383 1892 1491 419 1623 388 209 269 71 1072 1389 120 149 71 48 1024 78 234 180 71 179 553 81 472 134 953 920 138 836 93
is_linear=0
shrinkage=0.05


Tree=21
num_leaves=31
num_cat=0
split_feature=21 25 26 69 31 29 56 41 22 74 43 35 12 29 25 43 76 32 69 65 27 12 65 27 76 84 58 29 61 15
split_gain=275.143 35.4503 31.8179 15.1299 14.5049 13.4958 15.6726 12.5585 11.3691 17.8666 16.0744 9.38837 10.1609 13.9342 9.1852 20.8884 11.2467 9.01828 8.43593 7.67116 7.52263 7.23007 6.41478 6.23393 5.53109 7.07814 4.60771 5.58798 4.38478 10.5454
threshold=5.5198144730095329e-05 47.306705223436076 0.42896558450203981 0.17852730739509329 -43.623419479371172 33.040958331839654 -0.0011076265657157754 51.69997963337368 0.0016837022465089337 22.4126406109357 67.231347173143618 0.32219347461080095 0.0012308487501486722 -61.356720734034745 36.174403128117298 33.169480594888945 49.500000000000007 66505.66396374935 0.87044008507316006 0.0059109101994093511 0.27009496917434511 0.00063201568015414111 0.0071270624802084641 0.8432536682542936 34.500000000000007 1.0000000180025095e-35 0.00085079796881710015 76.106072790727936 0.00061967541144401686 0.00037982529011670879
decision_type=2 2 2 2 2 2 2 2 2 2 2 2 2 2 2 2 2 2 2 2 2 2 2 2 2 2 2 2 2 2
left_child=1 4 11 -3 -1 6 -5 28 9 19 -11 24 13 -13 17 16 -16 -6 -15 -9 -7 -17 -8 -22 25 -2 -10 -28 -4 -30
right_child=2 3 7 5 14 20 22 8 26 10 -12 12 -14 18 15 21 -18 -19 -20 -21 23 -23 -24 -25 -26 -27 27 -29 29 -31
leaf_value=0.067269019974055752 0.045361383425935833 0.071958183082950156 0.055998929832323158 0.033911884113510711 -0.053953673505543025 -0.025319694115159087 -0.056616134618421105 -0.0050766928398327969 0.059893285422822622 0.049415395041917554 -0.045843616561503986 0.042924817778443342 0.032028211682459201 -0.00043136502844349952 -0.0095224892870236135 -0.055744062725099588 0.075105110076906179 0.0098131541967937785 -0.053018204583418188 -0.087003050796725406 0.044809769545731987 0.008945849037268248 0.0028889342309620291 -0.017325018143138495 0.065988168878055628 -0.026385083794554488 0.053784786261024953 -0.0019363729454522324 -0.020437596952487491 0.051690941511229029
leaf_weight=2.9363120943307868 7.8740843832492846 6.0887989401817313 120.00302919745445 7.6781296432018271 147.43655273318291 8.5610483139753359 25.247010082006458 5.9144684523344022 23.69663493335247 21.554822236299518 5.573701098561286 7.5071522444486609 13.338035210967062 12.419014126062391 20.495821818709377 43.608214989304543 4.8560794591903678 5.7613146752119055 19.762073427438736 5.527746707201004 16.801726073026661 4.7941012680530539 5.5192318111658087 5.3133284896612158 8.0896614342927915 6.1012857258319855 9.1341561824083346 8.8673863708972913 6.7475975453853634 20.351036459207535
leaf_count=12 39 30 823 35 819 42 121 27 153 117 26 33 68 54 96 230 21 26 86 23 83 22 25 25 42 28 53 50 38 136
internal_value=0.000102838 -0.0333992 0.0338968 -0.00360142 -0.0431477 -0.0102574 -0.029993 0.0432164 0.0273087 0.0077433 0.0298439 0.00567773 -0.00572679 -0.0184151 -0.0445763 -0.0300792 0.00668767 -0.0515556 -0.0327244 -0.0446554 0.0144759 -0.0493367 -0.0459414 0.0298814 0.0330849 0.0140387 0.0454067 0.0263371 0.0518968 0.0337308
internal_weight=607.56 305.098 302.462 75.2093 229.888 69.1205 38.4444 227.371 80.2689 38.5707 27.1285 75.0913 53.0263 39.6882 226.952 73.7542 25.3519 153.198 32.1811 11.4422 30.6761 48.4023 30.7662 22.1151 22.065 13.9754 41.6982 18.0015 147.102 27.0986
internal_count=3383 1587 1796 361 1226 331 181 1446 449 193 143 350 241 173 1214 369 117 845 140 50 150 252 146 108 109 67 256 103 997 174
is_linear=0
shrinkage=0.05


Tree=22
num_leaves=31
num_cat=0
split_feature=25 22 22 29 10 59 59 59 76 58 25 15 44 35 42 79 70 76 75 24 42 12 13 60 78 63 61 69 22 0
split_gain=212.074 27.3085 27.2054 19.8962 16.2147 14.6596 13.7632 12.9213 19.2027 15.8452 12.6626 12.9479 12.1111 12.9776 11.2188 10.3311 9.63281 9.42949 8.77499 7.86486 9.337 7.75413 7.02871 6.55867 6.06764 9.09213 9.38471 7.21041 5.90292 5.65784
threshold=48.796657285257787 0.00057446037133135352 -0.00087968793915249577 -61.356720734034745 -0.00034078814339161262 0.00092954459421685143 0.00074900439360742351 0.00088406992085341112 8.5000000000000018 0.00081363204271805414 35.797741557340544 -0.010367814933541218 7746.9908549999864 0.9377952399585906 35.365347980572729 -0.9159756150367534 0.83215237601692404 18.500000000000004 14.500000000000002 42.805697417368513 29.018732941950628 -0.0019557260888086177 -0.0022401199070709028 0.00071033107516300768 0.12940952255126045 0.0017351570101937725 0.00063246442234882855 1.0000000180025095e-35 0.0016837022465089337 64032.615000000005
decision_type=2 2 2 2 2 2 2 2 2 2 2 2 2 2 2 2 2 2 2 2 2 2 2 2 2 2 2 2 2 2
left_child=1 10 5 -3 29 12 24 8 -8 -10 11 16 13 15 19 -2 -1 18 -16 20 -12 -6 -19 -9 25 26 -4 -27 -23 -5
right_child=2 3 6 4 21 -7 7 23 9 -11 14 -13 -14 -15 17 -17 -18 22 -20 -21 -22 28 -24 -25 -26 27 -28 -29 -30 -31
leaf_value=0.055802554134745913 -0.020786642890885665 0.081434887229564504 0.035758371316217029 -0.0019061484769338913 -0.033863617216949297 -0.079805682339233519 0.066329618583413227 0.064042671425000072 0.028405177031761604 -0.076844163710981711 0.014124125091857787 -0.052636319618172903 -0.061060236540182555 -0.067102671946268275 -0.070221228381267473 0.033926207741312754 -0.033952783513827085 -0.0064150466370645753 0.025502122026081139 -0.051783624231185148 -0.058439139915308164 0.005595018052078027 0.062840338472422888 -0.016275892374414399 0.055064945470337724 -0.0061206929593546899 -0.0073145103911704482 0.053404556407132348 0.061649199245814301 -0.039916257536750349
leaf_weight=4.8381436169147474 10.932749748229979 6.1873618662357321 39.554574087262154 13.781304776668547 4.9968032538890865 5.1029008924961081 5.4329052567482021 11.260121017694471 5.3243234902620342 10.890484988689421 12.69386923313141 129.25335997343063 5.7040547728538504 4.3940292298793784 6.0548778623342532 40.926021754741669 7.822674348950386 6.8693964034318924 3.9599419385194778 30.83771125972271 6.8122495412826529 8.6141001880168933 7.850391671061514 3.2826847583055487 68.212180703878403 5.5217687338590613 18.589118093252182 64.674886345863342 10.327637046575544 33.80578638613224
leaf_count=23 54 29 257 65 26 24 31 68 28 51 65 733 28 19 31 220 40 32 20 162 35 45 38 17 468 28 109 418 51 168
internal_value=0.000104493 -0.0300157 0.0297126 -0.00458258 -0.0120236 0.00165266 0.0377975 0.00946188 -0.0150256 -0.0422843 -0.0391243 -0.0479095 0.00836175 0.0154012 -0.0225183 0.0223918 0.000345886 0.00505606 -0.0323714 -0.036066 -0.0112176 0.0215417 0.0305204 0.0459127 0.0430148 0.0366103 0.0219875 0.0487222 0.0361575 -0.0289085
internal_weight=594.508 294.706 299.803 77.713 71.5256 67.0598 232.743 36.1905 21.6477 16.2148 216.993 141.914 61.9569 56.2528 75.0784 51.8588 12.6608 24.7346 10.0148 50.3438 19.5061 23.9385 14.7198 14.5428 196.553 128.34 58.1437 70.1967 18.9417 47.5871
internal_count=3383 1563 1820 384 355 345 1475 195 110 79 1179 796 321 293 383 274 63 121 51 262 100 122 70 85 1280 812 366 446 96 233
is_linear=0
shrinkage=0.05


Tree=23
num_leaves=31
num_cat=0
split_feature=25 22 22 10 59 59 25 43 15 46 59 45 63 58 30 75 42 42 12 64 59 69 60 78 63 45 69 59 7 12
split_gain=195.271 25.5142 25.5137 15.2092 13.5553 12.9332 12.0259 13.2961 12.2957 12.2325 11.9704 11.9474 11.2171 11.5572 10.7753 8.88043 9.0433 7.78299 8.73985 6.74191 6.83793 6.48822 6.24608 5.99502 8.78358 11.8681 6.8853 4.84181 5.9192 4.69694
threshold=48.796657285257787 0.00057446037133135352 -0.00087968793915249577 -0.00034078814339161262 0.00092954459421685143 0.00074900439360742351 35.797741557340544 36.336448139153177 -0.010367814933541218 -0.18059623867914384 0.00088406992085341112 7714.8273295617955 0.0020642303337081078 0.00081926158865603456 -42.129442006898351 13.500000000000002 21.954532334182641 34.661823495631332 -0.00053206790131626869 0.0044419319311075683 0.00087900822780740426 0.75006481877021358 0.00071033107516300768 0.12940952255126045 0.0017351570101937725 7621.4321808038767 1.0000000180025095e-35 0.00085068300962581704 1.2798200000000002 0.00030567843900219943
decision_type=2 2 2 2 2 2 2 2 2 2 2 2 2 2 2 2 2 2 2 2 2 2 2 2 2 2 2 2 2 2
left_child=1 6 4 14 11 23 8 19 9 -1 12 15 -7 -14 -3 16 -2 -9 -19 20 -8 -17 -12 24 25 -4 -26 28 -16 -25
right_child=2 3 5 -5 -6 10 7 17 -10 -11 22 -13 13 -15 27 21 -18 18 -20 -21 -22 -23 -24 29 26 -27 -28 -29 -30 -31
leaf_value=0.066500441477489527 -0.059934286253393948 0.048965856315162919 0.027032699390326261 0.02628250346200342 -0.077792629408325736 0.03602699763078792 0.0048370055456933196 -0.050141116851764339 -0.051382992148006582 -0.036192069077856777 0.063193138315081818 -0.062553117515785628 0.023864144363031609 -0.071867242049025851 0.0097160929804728756 0.059265624419558065 0.0098769355642704965 -0.048211306276208094 0.054119136394545631 0.059432970465726764 -0.063686533675002419 0.01307158396326445 -0.015397441754225675 0.013753802555291081 -0.0058005590333993452 -0.066279900701785924 0.052376089146068665 0.023362240862314657 -0.041608523479508192 0.05854395774820649
leaf_weight=4.4996375739574423 6.1551983207464245 5.0317867994308463 53.869905576109886 26.518251568078995 4.9764079749584189 7.3108465522527721 22.147939860820777 34.661489799618721 125.87228265404701 8.1564601510763151 10.851281493902205 5.4675680398941031 4.7134178280830374 9.521344915032385 6.7028505355119696 13.221931964159014 18.83124066889286 4.1180795133113861 4.229715168476103 4.5533524304628363 4.3568885922431937 17.881832882761955 3.2961137592792502 6.4920211732387534 5.5348455756902686 3.6376294493675223 62.698047190904617 4.1481141597032538 34.696483850479126 59.478328481316566
leaf_count=21 30 23 348 136 24 42 107 188 733 42 68 27 25 43 36 71 100 22 21 23 22 93 17 40 28 18 418 18 171 428
internal_value=0.000104355 -0.0290282 0.0288162 -0.00438773 0.00158259 0.0367843 -0.037964 -0.0217008 -0.0466595 0.000318322 0.00914946 0.00799938 -0.014314 -0.0401686 -0.0204679 0.0148767 -0.00732047 -0.0397029 0.00363815 0.00322858 -0.00642696 0.0327083 0.0448828 0.0419293 0.0355249 0.0211302 0.047657 -0.0281385 -0.0332987 0.0541362
internal_weight=583.631 289.693 293.938 77.0975 66.5342 227.404 212.596 74.0675 138.528 12.6561 35.693 61.5578 21.5456 14.2348 50.5792 56.0902 24.9864 43.0093 8.34779 31.0582 26.5048 31.1038 14.1474 191.711 125.74 57.5075 68.2329 45.5474 41.3993 65.9703
internal_count=3383 1563 1820 384 345 1475 1179 383 796 63 195 321 110 68 248 294 130 231 43 152 129 164 85 1280 812 366 446 225 207 468
is_linear=0
shrinkage=0.05


Tree=24
num_leaves=30
num_cat=0
split_feature=21 12 10 22 12 11 69 41 69 68 41 29 59 74 12 22 74 45 37 22 65 74 79 60 44 11 66 27 52
split_gain=229.624 29.1602 22.9544 11.7286 11.1998 10.1518 9.9253 11.3902 11.2769 10.2312 8.95748 8.86067 8.75515 9.82903 8.53894 7.60178 19.2162 7.60136 7.55297 7.2214 6.90147 6.3056 5.99817 5.38573 4.99379 4.1795 2.56906 0.990916 0.682258
threshold=0.00012546110965605542 0.00072101425771287097 -0.00063819534795345179 -0.0072730673542571447 -0.0021931522948612776 0.00046324521717577843 0.91408276861656568 54.275733247488567 0.17852730739509329 -0.00011639672728702698 48.870423878793709 -63.722337220522597 0.00073712086724301976 13.780997836637285 -0.0052619755250616343 -0.0050453738056315802 60.96188361453305 6225.0617615052106 64419.207519958196 0.0013033238190381937 0.0071270624802084641 44.714815347900306 -0.78656609248549325 0.00061076601016209773 7822.8004399999945 -0.0012910286638038169 0.94816263383365118 0.6133228098623521 0.71248112316282086
decision_type=2 2 2 2 2 2 2 2 2 2 2 2 2 2 2 2 2 2 2 2 2 2 2 2 2 2 2 2 2
left_child=1 5 11 -4 -5 14 8 27 -3 -10 24 -2 13 -13 17 28 -17 -1 -9 -11 23 -12 -14 26 -6 -15 -7 -8 -16
right_child=2 6 3 4 10 20 7 18 9 19 21 12 22 25 15 16 -18 -19 -20 -21 -22 -23 -24 -25 -26 -27 -28 -29 -30
leaf_value=0.049873664072260571 0.054906546749575784 0.065415263294684445 -0.046919882706646779 -0.026640780013606803 0.052233323293547719 -0.021500080537570167 0.087339774025249672 0.035103137185905096 0.02138516853099276 -0.073662566810152333 0.01930200458561341 -0.040283621123422972 -0.0084706131064850223 -0.0011314251092506844 -0.061651230618633049 -0.042576118773797834 0.029605843737006511 -0.040432450703284495 -0.045297605970281249 -0.0036911940933330879 0.041813060671900465 0.046428274132725524 -0.075554623489033079 0.023347979972347253 -0.0026837797321653352 0.047422078952716558 -0.061481404829157815 0.055350084007118917 -0.038950568725689208
leaf_weight=4.729401692748068 6.3615683913230887 3.734168857336047 3.9067341834306708 6.0562871545553199 129.27347526699305 12.883861616253862 4.4521243721246737 6.1319005042314512 7.2556600570678773 10.856291398406027 54.128296762704849 7.4301959127187756 6.7417309731245041 7.4272513985633877 48.371950805187225 145.33221518993378 9.8450333923101407 4.5934673100709915 5.5784244388341904 5.5840683132410041 5.262191414833068 35.456537902355194 6.5885148197412473 5.2471448779106131 4.2765103727579108 10.99136360734701 5.8387482017278662 5.305694192647934 3.5529882460832587
leaf_count=22 30 22 17 28 946 63 21 29 35 49 310 34 31 33 291 824 46 25 28 30 27 219 28 25 27 62 30 31 20
internal_value=0.000103368 -0.0306764 0.0326414 0.0389846 0.0404489 -0.0376952 0.004585 0.0300481 -0.0153436 -0.0280701 0.0422699 0.000173628 -0.00871345 0.00826014 -0.0414307 -0.0435379 -0.0379966 0.00537897 -0.00319721 -0.0498964 -0.0100383 0.0300382 -0.0416271 -0.0214215 0.0504748 0.027843 -0.0339685 0.0699458 -0.0600979
internal_weight=573.194 294.555 278.638 233.098 229.191 245.657 48.8983 21.4681 27.4302 23.696 223.135 45.5406 39.1791 25.8488 216.425 207.102 155.177 9.32287 11.7103 16.4404 29.2319 89.5848 13.3302 23.9698 133.55 18.4186 18.7226 9.75782 51.9249
internal_count=3383 1618 1765 1547 1530 1373 245 109 136 114 1502 218 188 129 1228 1181 870 47 57 79 145 529 59 118 973 95 93 52 311
is_linear=0
shrinkage=0.05


Tree=25
num_leaves=31
num_cat=0
split_feature=25 22 22 58 26 10 26 43 29 1 22 74 42 22 79 35 13 64 60 44 7 15 70 63 71 42 73 7 56 22
split_gain=165.963 23.2969 23.2572 15.0019 12.3114 11.8789 10.158 9.68084 17.041 8.9995 8.92409 12.3159 11.6481 10.972 8.88785 7.41806 7.17817 13.2869 8.73986 6.9294 6.11198 5.94558 10.4281 5.88076 5.70671 5.60425 6.39771 5.55761 4.95161 5.13225
threshold=48.796657285257787 0.0015640107068409794 0.0013033238190381937 0.00085079796881710015 0.8475256896297938 -0.00037356735593679907 0.18358771706271351 78.378935440416726 76.106072790727936 65073.670000000006 -0.0050453738056315802 58.401615938404923 50.901888208522671 -0.0021043783312049698 -0.9159756150367534 0.72453656890209228 0.0033454193489722566 0.0024696748733382227 0.00066330153360476967 6603.954969999977 1.3595950000000003 -0.0092080600980893861 0.83657107027417055 0.0017435681661288097 -0.00032057666341855912 23.659675920540597 4.4872298828981618 8.7529400000000006 0.0035254196382195056 -0.0027402213866828391
decision_type=2 2 2 2 2 2 2 2 2 2 2 2 2 2 2 2 2 2 2 2 2 2 2 2 2 2 2 2 2 2
left_child=2 4 6 -3 14 20 15 8 -5 28 21 12 -12 -13 -2 -1 18 -18 -16 -11 -4 22 -8 -17 -25 -7 -27 -22 29 -6
right_child=1 3 5 7 9 25 10 -9 -10 19 11 13 -14 -15 16 23 17 -19 -20 -21 27 -23 -24 24 -26 26 -28 -29 -30 -31
leaf_value=-0.047822745182529526 -0.056757347877818491 0.049671489830408005 0.0456004833518317 0.037067619542051143 0.0067456330180231247 0.086286185665557874 0.050933511462900032 0.042563857124539785 -0.068041589866554689 0.035694975218298945 -0.027191333298415506 0.094406126115914202 0.042994377609981003 -0.013565347506664788 0.020028393198454272 -0.056324481499469385 -0.092709529078044292 0.020811352725828382 -0.038309430091566531 -0.029604120526799095 -0.039750056209244787 -0.054671176737215277 -0.047115704470029544 -0.027633572359402808 0.054774598536381072 0.050758833712889029 -0.027636136736559593 0.011715571277640762 -0.01758180923122114 0.047695360888244623
leaf_weight=107.33552518486977 6.8007243126630774 112.91582101583481 3.7859996855258968 7.4004121273756054 9.2719445973634702 4.7619550675153723 4.1977436393499357 11.716368958353995 8.0515872091054899 6.5644670128822353 60.797558724880219 4.7298883646726608 6.5481766909360877 4.6820660233497602 42.872964657843113 4.1013730168342581 5.0252308845520002 5.291979156434536 7.5508562475442877 10.660666555166243 15.931281149387361 27.899678394198418 7.6607423424720764 3.909925013780593 4.5403136759996405 6.9638409763574582 4.1554209589958191 7.8206103593111029 3.9365500211715689 43.780202649533749
leaf_count=656 33 849 20 44 52 25 20 69 38 40 323 21 31 24 239 25 22 28 38 54 77 165 42 20 21 35 22 36 23 291
internal_value=0.000102764 0.0271846 -0.0271743 0.0416454 0.0128942 0.00646086 -0.0333519 0.00828783 -0.0177017 0.0269514 -0.0228386 -0.0128797 -0.020367 0.0406947 -0.00255156 -0.0435696 0.00351746 -0.0344816 0.0112924 -0.00471875 -0.0133998 -0.0420654 -0.0124076 -0.007199 0.0166443 0.0408991 0.0214616 -0.0228043 0.0365238 0.0405386
internal_weight=561.662 281.84 279.822 140.084 141.756 43.4191 236.403 27.1684 15.452 74.2138 116.516 76.7577 67.3457 9.41195 67.5418 119.887 60.741 10.3172 50.4238 17.2251 27.5379 39.7582 11.8585 12.5516 8.45024 15.8812 11.1193 23.7519 56.9887 53.0521
internal_count=3383 1820 1563 1000 820 215 1348 151 82 460 626 399 354 45 360 722 327 50 277 94 133 227 62 66 41 82 57 113 366 343
is_linear=0
shrinkage=0.05


Tree=26
num_leaves=31
num_cat=0
split_feature=21 25 26 43 56 31 41 22 74 34 59 67 32 74 44 13 67 21 69 30 29 60 67 42 60 74 30 61 21 21
split_gain=201.84 26.5199 21.6852 13.5074 18.566 13.4066 10.131 11.6704 16.2557 14.8759 9.62922 10.1606 9.42526 8.82936 8.06278 16.2807 7.71653 8.04277 7.54406 6.57358 10.5819 8.08063 6.15739 6.00409 5.78532 5.57378 5.38294 5.37861 15.4047 21.9382
threshold=0.00012546110965605542 37.498412738226527 0.42896558450203981 35.98346005294249 0.0009686077140524603 -43.623419479371172 48.870423878793709 0.0012915180167083486 30.419771675561325 64603.270797300676 0.00092954459421685143 0.87981945531421701 64542.994554408629 28.680961977443602 7795.3037999999933 -0.0026163984291723281 0.85208363492657602 0.00098919180514622806 0.39159955960861925 -52.810105883216224 -32.432451691020098 0.00066008573481713859 0.90653516630912512 24.731131805032934 0.00061413851054741085 21.291319563658206 -29.380133323064651 0.00065932098654641186 0.0033246318340278695 0.0044132062177242313
decision_type=2 2 2 2 2 2 2 2 2 2 2 2 2 2 2 2 2 2 2 2 2 2 2 2 2 2 2 2 2 2
left_child=1 5 16 10 18 -1 27 8 9 -8 11 25 22 -14 -7 -16 17 -2 -5 -18 -21 -22 -6 -10 -13 -3 -20 -4 -29 -30
right_child=2 3 6 4 12 14 7 -9 23 -11 -12 24 13 -15 15 -17 19 -19 26 20 21 -23 -24 -25 -26 -27 -28 28 29 -31
leaf_value=0.063205320880121971 -0.0098259318915954533 -0.054016927640295767 0.053751032269003102 0.007816778775697357 -0.0031804044571566723 -0.048849744712604524 -0.065980868770684861 0.044271087625021285 0.0045346067258746374 0.029141605508283725 -0.05705376240898357 0.027253304726301043 0.014778884678389871 -0.039481944850610351 0.070080632270869192 -0.064409997530339116 0.051780564597475535 0.064368745688354337 -0.014131625499473919 -0.072186844969978167 0.010367505793673808 -0.048901540576419857 0.060566714931971834 0.057080218482850047 0.088078326517062933 0.013955277892466157 -0.057172816710644815 0.060104553792044449 -0.13671482790057696 0.058712689513967714
leaf_weight=2.8736740052700034 5.6785041391849509 4.5153167992830303 98.451060004532337 6.6210189163684836 6.7025213390588751 137.48108650743961 10.690920293331148 43.941635757684708 9.3515869826078433 6.6771726310253134 4.2195190340280524 10.699904054403307 13.582011789083483 16.734385922551155 4.3156542927026749 4.701871380209921 5.1868687868118277 10.237927369773386 8.933477655053137 5.5848570615053168 36.244106456637383 6.8353744298219672 8.7115180790424329 12.985295027494429 6.1599334031343451 9.0826460719108564 38.87744314968586 9.8580383285880071 2.990028887987136 2.7631296887993813
leaf_count=12 27 23 794 35 37 855 47 308 52 34 22 49 68 82 21 28 23 63 47 25 170 31 52 77 28 44 215 73 19 22
internal_value=0.000102912 -0.0292363 0.0312778 -0.0131609 -0.0224724 -0.0437477 0.0397349 0.026518 0.00687059 -0.029411 0.0137344 0.0235412 0.00101316 -0.0151726 -0.0458456 -4.47731e-05 0.00731188 0.0378983 -0.0422036 -0.00172835 -0.00743157 0.000963351 0.0328474 0.0350814 0.0494764 -0.00861546 -0.0491306 0.0494275 0.0221612 -0.0428548
internal_weight=551.688 284.212 267.477 134.84 100.162 149.372 197.709 83.6466 39.705 17.3681 34.6773 30.4578 45.7304 30.3164 146.499 9.01753 69.7676 15.9164 54.4319 53.8512 48.6643 43.0795 15.414 22.3369 16.8598 13.598 47.8109 114.062 15.6112 5.75316
internal_count=3383 1618 1765 702 536 916 1426 518 210 81 166 144 239 150 904 49 339 90 297 249 226 201 89 129 77 67 262 908 114 41
is_linear=0
shrinkage=0.05


Tree=27
num_leaves=31
num_cat=0
split_feature=21 25 26 43 12 41 76 74 21 56 1 7 15 25 35 42 62 62 68 64 76 41 46 76 68 46 61 21 59 64
split_gain=186.518 25.1075 20.648 12.3622 17.4099 9.90822 9.56348 9.29966 8.52522 8.49549 8.41375 8.36397 7.57682 8.29081 7.3584 8.98476 9.3786 9.19754 7.51323 7.287 7.95692 6.42027 5.71664 5.35555 6.11011 5.35407 5.2582 14.2778 18.1208 5.00941
threshold=0.00012546110965605542 37.498412738226527 0.42896558450203981 35.98346005294249 0.0007481000861333521 48.870423878793709 37.500000000000007 22.4126406109357 0.0023615789589972462 0.0006434687292954114 64766.540000000008 24.781015000000004 0.0049023276405077984 56.431414033495308 0.32219347461080095 32.096069038693209 5.0826612121839745e-05 0.00014487682995048711 0.00027024296628663796 0.0042422492493868818 26.500000000000004 52.852368620568363 -0.18346086146416285 54.500000000000007 -0.00021380803283399527 -0.16534200138201263 0.00065932098654641186 0.0033246318340278695 0.00049802092795908084 0.001797634533846784
decision_type=2 2 2 2 2 2 2 2 2 2 2 2 2 2 2 2 2 2 2 2 2 2 2 2 2 2 2 2 2 2
left_child=1 11 14 6 12 26 19 8 10 -6 -7 23 25 -14 -2 18 -17 -18 -16 20 -3 -11 -13 -1 -25 -5 -4 -28 -29 -9
right_child=2 3 5 4 9 7 -8 29 -10 21 -12 22 13 -15 15 16 17 -19 -20 -21 -22 -23 -24 24 -26 -27 27 28 -30 -31
leaf_value=-0.049107715673806472 0.031717906377679551 -0.045155335171260344 0.053078703350105783 -0.0066373577428927924 -0.035454760831908391 -0.06816614379429968 0.050913552869087213 -0.033096704838328432 0.034428941976784887 0.03425423856841444 0.017103997056436306 0.037919892869670735 -0.042260035181169608 0.059839266330151575 -0.052915351298412988 -0.043111501862823115 0.05227566488618033 -0.014010976537737566 0.011581015316729311 0.051052514152866803 0.022189955654869416 -0.010442342523849589 -0.037423834961354437 0.035086224527461712 -0.039720925011050456 -0.055059310630331607 0.059524234591931319 -0.11814178816090271 0.058617950789077104 0.038358064770318806
leaf_weight=123.21018785238266 20.994724243879318 11.398559868335729 94.805785402655602 6.6561235189437857 11.375484392046927 6.6706573218107241 11.271523118019102 2.5589935332536689 8.539075516164301 18.382907420396805 5.1082515344023705 5.1707051247358322 4.3452679514884931 3.6657428741455078 12.590434178709986 5.7109702676534679 14.619964726269247 8.1505277156829816 7.0403223484754553 4.6026654094457617 7.1292731612920752 14.271675318479536 4.9066105484962446 4.1303436905145636 8.0489228069782239 40.107864320278168 9.4663549214601499 3.2676480188965789 2.6065315157175064 59.112063117325306
leaf_count=797 109 58 794 35 55 29 51 14 57 101 26 25 25 19 55 27 79 38 31 24 33 71 28 21 45 230 73 20 21 392
internal_value=0.000105309 -0.0283485 0.0304577 -0.0126651 -0.0216529 0.038888 0.0131487 0.0257276 -0.00361011 0.0017567 -0.0311864 -0.0427102 -0.0404704 0.00445939 0.00701924 -0.00375851 0.0141799 0.0285489 -0.0297845 -0.0052541 -0.0192417 0.0147196 0.00123529 -0.0459812 -0.0143516 -0.0481672 0.0486842 0.0215261 -0.0397087 0.0353931
internal_weight=539.916 278.674 261.242 133.207 98.8051 192.135 34.402 81.989 20.318 44.0301 11.7789 145.467 54.775 8.01101 69.1069 48.1122 28.4815 22.7705 19.6308 23.1305 18.5278 32.6546 10.0773 135.389 12.1793 46.764 110.146 15.3405 5.87418 61.6711
internal_count=3383 1618 1765 702 536 1426 166 518 112 227 55 916 309 44 339 230 144 117 86 115 91 172 53 863 66 265 908 114 41 406
is_linear=0
shrinkage=0.05


Tree=28
num_leaves=31
num_cat=0
split_feature=21 25 10 31 31 43 12 62 76 35 29 44 76 56 56 31 45 20 25 21 14 74 72 59 6 45 65 46 41 21
split_gain=172.287 23.6804 18.2852 12.6472 12.1218 11.3337 16.2393 10.5462 8.67257 8.33031 11.2585 7.74157 16.9077 7.70814 7.41661 7.07156 7.32177 7.04413 7.62138 6.93996 8.25376 6.24776 5.92344 5.88177 5.28501 5.26622 9.59 5.12378 4.56472 4.30749
threshold=0.00012546110965605542 37.498412738226527 -0.00063819534795345179 -5.7213464415453785 -43.623419479371172 35.98346005294249 0.0007481000861333521 9.7398674043374953e-05 37.500000000000007 0.31725945972551572 -63.722337220522597 7795.3037999999933 24.500000000000004 0.0006434687292954114 0.0016141943438798666 47.02557552918578 8032.903588076626 0.0049023276405077984 56.431414033495308 -0.00047586584289599493 -0.0011942608836074673 27.329060526690345 0.00047177294550227551 0.00072896618202947044 2088.0000000000005 5913.5739615224147 0.0063063437085811936 -0.16534200138201263 67.802155963238548 -0.0015361486470858441
decision_type=2 2 2 2 2 2 2 2 2 2 2 2 2 2 2 2 2 2 2 2 2 2 2 2 2 2 2 2 2 2
left_child=1 4 9 7 -1 8 17 22 19 -2 -11 25 -13 -8 23 16 24 27 -19 20 -3 -15 -4 -12 -5 26 -6 -7 -16 -10
right_child=2 5 3 15 11 6 13 -9 29 10 14 12 -14 21 28 -17 -18 18 -20 -21 -22 -23 -24 -25 -26 -27 -28 -29 -30 -31
leaf_value=0.060613115318860968 0.044630257057197198 -0.043277317900502932 -0.018635650185818066 0.055920803015716516 -0.0062351906998471809 -0.006317577069265121 -0.033838248691761177 -0.039339606674142324 0.021755660153489936 0.052450536989600241 -0.020127056727392477 -0.062693350568021181 0.07677959467697483 0.037777094075260829 0.045066014436749666 -0.023431828286118974 -0.035543858951078047 -0.040920694504901552 0.057837140214990229 0.055432563494139511 0.024633541879347409 -0.0062231151576465984 0.053025367998958475 -0.07718273545501525 0.037221894162892712 -0.053058747510180165 -0.057713635069683737 -0.053819524003737809 -0.022210638131212081 0.084357873347394974
leaf_weight=2.8391799330711356 8.5560857430100423 11.808242589235308 4.2806236892938641 53.704838909208775 19.090392604470253 6.6437132954597464 11.324290126562117 9.5940909087657911 6.4072301238775253 5.9459101706743231 12.36374363303185 4.6991513818502408 4.0419462025165558 14.973949410021303 5.1064575240015966 4.2943431362509719 3.035019025206565 4.2651804387569419 3.6045771688222885 3.9313261061906841 7.203668385744094 17.492599114775658 8.8364500403404218 7.1172369420528403 127.49978275597095 93.918805629014969 17.196688935160637 39.008291229605675 4.9803498387336731 4.8110717236995679
leaf_count=12 42 59 20 453 113 35 55 46 30 29 60 30 19 83 33 25 14 25 19 22 34 89 50 31 939 634 108 230 23 21
internal_value=0.00010555 -0.0274871 0.0296376 0.0357493 -0.0416607 -0.0122018 -0.0208998 0.00050002 0.0125753 0.000341818 -0.0103283 -0.0437505 0.00179994 0.00168117 -0.0229528 0.0399954 0.0414738 -0.0393753 0.00431326 -0.00504086 -0.0175457 0.0140703 0.0296395 -0.0409719 0.0427638 -0.0468084 -0.0306312 -0.0469066 0.0118482 0.0486032
internal_weight=528.575 273.26 255.315 211.245 141.786 131.474 97.3126 22.7112 34.1615 44.0698 35.5137 138.947 8.7411 43.7908 29.5678 188.534 184.24 53.5218 7.86976 22.9432 19.0119 32.4665 13.1171 19.481 181.205 130.206 36.2871 45.652 10.0868 11.2183
internal_count=3383 1618 1765 1547 916 702 536 116 166 218 176 904 49 227 147 1431 1406 309 44 115 93 172 70 91 1392 855 221 265 56 51
is_linear=0
shrinkage=0.05


Tree=29
num_leaves=30
num_cat=0
split_feature=21 10 22 63 77 31 59 9 28 66 59 59 76 76 47 47 22 13 21 12 64 65 45 22 76 58 21 32 13
split_gain=159.752 21.1904 14.9537 15.0309 10.1379 9.76849 9.21613 8.00433 7.83893 7.82433 7.1779 9.57799 10.3136 6.30999 9.59073 6.10746 6.06752 8.53696 6.71174 5.84156 5.83921 5.04781 5.3368 4.42809 4.10004 3.78799 2.3542 1.84147 0.242452
threshold=-0.00049736631271762855 -0.00028992657374216074 -0.0019335836723472497 0.0012987543289029373 5.5000000000000009 -43.623419479371172 0.00081665126350355009 0.00023260707468586442 0.19235649005782354 0.88440098977853909 0.00074900439360742351 0.00088406992085341112 8.5000000000000018 25.500000000000004 0.56480506858623103 0.76700961398745982 0.0012915180167083486 0.0026720013191664509 0.00065107709692036064 0.0011398559646823572 0.0059522451697042022 0.0074750484714247055 7629.5802155025513 0.0035970709009989226 31.500000000000004 0.0011101755469536689 0.0011828189076550368 64645.897001858139 0.0025862181119407084
decision_type=2 2 2 2 2 2 2 2 2 2 2 2 2 2 2 2 2 2 2 2 2 2 2 2 2 2 2 2 2
left_child=4 8 3 -3 5 -1 9 20 15 -5 21 12 -12 19 -15 -2 17 18 -10 -9 25 22 -4 28 -25 -7 -17 -13 -18
right_child=1 2 10 6 -6 7 -8 13 16 -11 11 27 -14 14 -16 26 23 -19 -20 -21 -22 -23 -24 24 -26 -27 -28 -29 -30
leaf_value=0.057962258673037115 0.016615421992122553 -0.080654433236716019 0.046388190574935151 -0.022280700987666845 0.028061315292013857 -0.044233859257704254 -0.060134688988701571 -0.05201043088840808 -0.018967404398320162 0.039935452999679044 0.063472444388032942 0.061892161694971151 -0.027046240715268944 0.037097266584887094 -0.023815797226920832 -0.063297833438178644 0.063292880764670531 -0.070439708315945398 0.02613905716049833 0.012883672485956175 0.026610289582126169 -0.026657511274372065 0.013286235911398245 -0.0049528684511141903 0.042365986144180995 -0.0050428570645334276 -0.01765485398575857 0.015621648256548951 0.044624735871442139
leaf_weight=2.8210317641496649 5.4822683185339001 4.724600374698638 135.47367157042027 6.6658530756831231 6.6907399445772162 148.2304617986083 3.604415386915206 17.083561941981319 15.14527255296707 20.890074141323566 4.0349455624818864 8.9056805074214918 14.296681039035319 9.8199504911899584 18.897861108183861 7.8486760556697828 6.113064609467985 4.1527581661939612 18.106554768979549 4.3510651439428321 3.1084809452295294 2.6153903082013121 13.378732755780218 11.078964628279211 7.8013555631041518 6.4331999272108069 4.4138802587985992 2.8347355574369422 2.4308699145913124
leaf_count=12 26 23 1098 38 37 972 17 99 76 129 27 61 75 50 107 38 44 19 96 19 19 16 84 60 49 33 21 20 18
internal_value=0.000101722 0.0237539 0.0319432 0.00245017 -0.0325314 -0.0344551 0.0150507 -0.035709 0.00219068 0.0248852 0.0377731 0.0154599 -0.00712231 -0.018309 -0.0029868 -0.0272553 0.0102506 -0.00284717 0.00559433 -0.0388374 -0.04124 0.0422031 0.043413 0.0281149 0.0145993 -0.0426037 -0.0468687 0.0507201 0.0579815
internal_weight=517.435 299.998 217.425 35.8849 217.436 210.746 31.1603 207.925 82.5737 27.5559 181.54 30.072 18.3316 50.1524 28.7178 17.7448 64.8288 37.4046 33.2518 21.4346 157.772 151.468 148.852 27.4243 18.8803 154.664 12.2626 11.7404 8.54393
internal_count=3383 2035 1588 207 1348 1311 184 1299 447 167 1381 183 102 275 157 85 362 191 172 118 1024 1198 1182 171 109 1005 59 81 62
is_linear=0
shrinkage=0.05


Tree=30
num_leaves=31
num_cat=0
split_feature=21 26 22 59 63 2 76 33 59 46 29 22 70 66 19 72 11 7 62 67 67 7 45 62 45 23 47 35 42 6
split_gain=147.392 21.4041 15.0197 11.3761 16.8762 13.2395 22.1463 10.7491 9.89674 14.2607 13.1336 9.00344 9.77081 7.69537 7.55165 7.14912 6.85772 6.51538 6.47898 9.2985 6.01528 5.5937 6.22678 4.86675 8.95729 4.80123 4.72658 4.71481 3.89911 3.80026
threshold=-0.00021426771200661052 0.74910623960198419 0.0013033238190381937 0.00049544445160105727 0.0013599481605087607 65549.840000000011 25.500000000000004 64749.231750000006 0.00073712086724301976 0.017182536083267651 -31.53889985309797 -0.00067788921431788374 0.7831378371234321 0.9169959557759495 0.0029081226693861155 0.0008032515520713841 -0.0011152381803989917 8.5983500000000017 0.00012294704986611527 0.88309215197174618 0.84293177308888778 1.3595950000000003 6721.1710190209815 2.0570965754130934e-05 6821.5980289811678 -0.0035236844140260066 0.82272402859067773 0.58246403453205353 42.936442190554523 4558.5000000000009
decision_type=2 2 2 2 2 2 2 2 2 2 2 2 2 2 2 2 2 2 2 2 2 2 2 2 2 2 2 2 2 2
left_child=2 8 3 14 -5 7 -7 -6 10 13 28 12 -12 -10 23 -11 27 -17 29 -20 -13 -18 -23 24 -1 -21 -24 -4 -2 -3
right_child=1 18 16 4 5 6 -8 -9 9 15 11 20 -14 -15 -16 17 21 -19 19 25 -22 22 26 -25 -26 -27 -28 -29 -30 -31
leaf_value=0.014821967592593761 -0.047489069704653747 0.050509740512571358 -0.056163058028249446 0.057715032301222192 -0.02380581106864477 -0.02550074459035593 0.1101499879247716 -0.057806247746540231 -0.030048967209806793 -0.08143380087573597 -0.036154843034895412 0.060372749752230892 0.042748267546163551 0.051610729820145355 0.030095985668061122 -0.045211649539021986 0.077248970560832075 0.023559015069714705 -0.040461450993505732 -0.017776503160809518 0.026119009680233771 0.034018764885529261 0.014270620652830477 -0.057079720288833014 -0.075632075356604711 0.046295401112754549 -0.063789009984875134 0.011442289405973966 0.0070144271456739765 0.031071524891453223
leaf_weight=6.8071552067995054 8.2646893709897977 77.508754596114159 6.4675275981426221 5.9869147092103949 77.707975566387177 9.4017418622970563 4.4249133020639411 33.167536810040474 4.0919088274240485 6.4891199991107014 10.187712967395784 17.70776180177927 6.3811375349760047 9.7819233238697034 2.9391386955976477 8.7878277599811536 3.5285831019282368 5.6638136431574813 5.6579714789986637 3.6830372884869638 46.403468273580074 10.228699073195459 3.8177873343229285 62.750566765666008 4.5772592350840569 14.18481252342462 3.9411862939596176 4.2893227487802505 5.442083165049552 37.218250647187233
leaf_count=38 40 676 37 26 469 54 20 218 21 30 52 141 38 51 15 41 18 30 28 22 303 59 20 452 27 109 20 22 26 280
internal_value=0.000101101 0.0256285 -0.0283422 -0.0332717 -0.0242867 -0.0282236 0.0179113 -0.0339768 0.0109968 -0.0117887 0.0194012 0.0270888 -0.005767 0.0275262 -0.0485068 -0.0378359 0.00339194 -0.0182594 0.0393024 0.0153997 0.03558 0.0196886 0.00839717 -0.0516231 -0.0215463 0.0330885 -0.0253799 -0.0292052 -0.0258492 0.0442038
internal_weight=507.491 267.454 240.036 207.763 130.689 124.702 13.8267 110.876 129.201 34.8146 94.3869 80.6801 16.5689 13.8738 77.0741 20.9408 32.2731 14.4516 138.253 23.5258 64.1112 21.5163 17.9877 74.135 11.3844 17.8678 7.75897 10.7569 13.7068 114.727
internal_count=3383 1888 1495 1319 787 761 74 687 773 173 600 534 90 72 532 101 176 71 1115 159 444 117 99 517 65 131 40 59 66 956
is_linear=0
shrinkage=0.05


Tree=31
num_leaves=31
num_cat=0
split_feature=21 25 26 67 6 21 22 69 69 21 68 12 74 69 18 55 76 63 12 68 45 61 22 36 60 22 44 32 70 35
split_gain=136.428 21.3133 18.0584 12.4111 10.924 10.7183 10.5126 10.3096 8.3055 10.4032 9.39981 7.77939 7.50627 7.05108 6.22564 6.14785 9.3585 6.006 6.77906 5.93299 5.83442 5.21309 5.71383 6.90517 4.83651 4.77244 4.59435 4.31826 5.3722 4.74729
threshold=0.00012546110965605542 37.498412738226527 0.85257020940999828 0.85021479816920265 1988.0000000000002 0.0009561723030520054 0.0022715444826696411 0.19597416834977269 0.91727364138350798 -0.0034922542918503492 -0.00033483429821645755 -0.0052619755250616343 46.072740409518609 0.97231656060482519 -0.00086360592320888763 66198.665755888112 25.500000000000004 0.0013268265850321216 -0.00016488880147902393 0.0004350143943251395 6225.0617615052106 0.00061967541144401686 0.0012915180167083486 0.85445317204284377 0.00046941413208945865 0.00043243047974428356 8099.3514499999901 63844.486571380177 0.74307325059101625 0.72453656890209228
decision_type=2 2 2 2 2 2 2 2 2 2 2 2 2 2 2 2 2 2 2 2 2 2 2 2 2 2 2 2 2 2
left_child=1 11 3 5 14 25 7 24 10 -10 -9 20 13 -6 -5 27 -17 -8 -19 -14 -1 26 23 -23 -3 -2 -4 28 -13 -29
right_child=2 6 21 4 12 -7 17 8 9 -11 -12 15 19 -15 -16 16 -18 18 -20 -21 -22 22 -24 -25 -26 -27 -28 29 -30 -31
leaf_value=0.048605947153324537 -0.038269281866023012 -0.0050039018004359795 0.054215494907795793 -0.016869673699257775 -0.0037145172981916195 0.057258607075229243 -0.023898666070400587 0.014701413573639001 -0.052031150842428799 0.011571522978392685 -0.039841404807203801 -0.060899691169808423 0.030424518454602062 -0.052026369348167949 0.05517093102306167 -0.062350905254509731 0.040393542266249874 -0.0071941312663350993 0.067821204106591898 -0.031807160968499983 -0.03558103276897976 0.033911290542722995 0.04439304813702135 -0.037153024053915622 0.075515672399000325 0.032824634971206884 -0.021689639944668361 -0.055300246113577901 -0.0066954253733499851 -0.025836896409283289
leaf_weight=4.2474956810474378 5.0012203603982908 3.3401389420032492 63.216870956122875 3.7304339706897762 47.190997533500195 26.490036398172379 4.6686131879687336 9.2717199847102147 8.1963278055191022 29.819526962935925 53.361803747713566 6.8577723205089596 23.414842985570434 8.9914484322071058 15.294165477156637 3.8239872232079488 5.2716440930962563 4.593127667903901 8.7470881789922679 4.5788929015398017 3.9924500435590744 7.8674530610442144 20.892024531960487 6.0446136817336082 4.2226839959621429 4.4707494154572487 2.0584375709295264 77.0275694206357 13.709259934723375 16.621919572353363
leaf_count=21 26 22 592 19 268 223 26 49 47 159 298 49 144 43 130 26 28 25 56 25 25 49 173 34 20 29 10 578 81 108
internal_value=9.87657e-05 -0.0251382 0.0272905 0.0156411 0.00682671 0.040936 -0.0104604 -0.016347 -0.0205775 -0.0021414 -0.0317674 -0.0392211 -0.000906913 -0.0114464 0.0410449 -0.0423642 -0.0028023 0.0249112 0.0419929 0.0202454 0.00781535 0.0434891 0.0278611 0.00303476 0.039954 -0.00471311 0.0518218 -0.0455147 -0.024769 -0.0500708
internal_weight=497.015 257.773 239.242 139.163 103.201 35.962 126.221 108.212 100.649 38.0159 62.6335 131.552 84.1762 56.1824 19.0246 123.312 9.09563 18.0088 13.3402 27.9937 8.23995 100.079 34.8041 13.9121 7.56282 9.47197 65.2753 114.217 20.567 93.6495
internal_count=3383 1618 1765 907 629 278 702 595 553 206 347 916 480 311 149 870 54 107 81 169 46 858 256 83 42 55 602 816 130 686
is_linear=0
shrinkage=0.05


Tree=32
num_leaves=31
num_cat=0
split_feature=25 22 22 58 30 59 59 63 2 42 35 23 14 41 15 45 69 76 43 79 75 22 35 41 63 13 35 56 46 22
split_gain=95.9202 17.5139 17.2538 13.9268 10.6613 9.82451 9.69956 13.6039 12.7614 20.1145 9.59419 9.05377 11.0932 8.96719 7.68576 7.52765 11.0916 7.47836 12.7428 6.99361 5.6748 5.30248 4.90763 15.4613 17.3476 4.85064 4.81144 4.19882 3.81986 3.40878
threshold=48.796657285257787 0.0015640107068409794 0.00057446037133135352 0.00085079796881710015 -48.116144443741774 0.00093429952839152637 0.00049224556918325141 0.0013599481605087607 65579.695000000022 30.197659857469901 0.86796057356199252 0.008360614922835909 0.0045154915194057796 22.701418017615705 -0.010367814933541218 7714.8273295617955 0.47854807723830911 25.500000000000004 31.131972063812437 -0.9159756150367534 1.0000000180025095e-35 -0.0027402213866828391 0.36204923153076163 38.20421747400669 0.0018014540548392302 -0.00086360592320888763 0.64071063966710751 0.0037236034141643003 0.18117499927226086 -0.00065443271629711519
decision_type=2 2 2 2 2 2 2 2 2 2 2 2 2 2 2 2 2 2 2 2 2 2 2 2 2 2 2 2 2 2
left_child=2 5 6 22 -4 10 20 -8 14 -10 15 12 -5 -6 -9 19 -17 25 -19 -2 21 -1 23 -3 -25 -15 -13 -14 -12 -22
right_child=1 3 4 11 13 -7 7 8 9 -11 28 26 27 17 -16 16 -18 18 -20 -21 29 -23 -24 24 -26 -27 -28 -29 -30 -31
leaf_value=-0.047386441713558512 -0.0084530202690382122 0.053191661713170517 0.069652167126866893 0.032082961793227963 0.054740378471657629 -0.0657214617610756 0.049751152749731763 0.0011237429686539939 -0.042800648029802026 0.1024100743478509 -0.003496372620880451 -0.011342098848854993 -0.024545323041940504 -0.04798624816404079 -0.037696301120045045 0.032852421424018369 -0.068040735201495048 0.062789535235101487 -0.013190200553424221 0.025948088197427506 -0.057405520606479299 0.030709370086628031 0.054725425405915656 -0.078684581446040069 0.044321514652392813 -0.0065912938295680547 0.061088837739250147 -0.095053033010251003 -0.072350055108259648 -0.029316331972899963
leaf_weight=4.2471756711602211 17.85985603928566 24.908362403512001 4.9781899452209464 5.4259120896458652 5.4981980845332137 4.1957239732146254 6.3910969197750083 15.311140701174734 4.7852970361709577 4.7540026605129242 3.7491338551044446 3.3783589452505094 4.2544176429510099 16.436905018985275 76.227583363652229 4.8835634440183622 6.1601348072290421 7.3297119513154056 22.330348804593086 85.505144625902176 45.031701102852821 4.4517137482762319 55.254894211888313 5.7133180722594243 5.7521600499749184 12.427665412425993 7.1354294344782829 4.1920954138040543 4.3532855361700058 14.208950333297251
leaf_count=29 110 252 26 38 39 23 28 86 32 23 20 20 20 95 511 27 32 37 123 588 349 24 511 36 50 64 52 21 20 97
internal_value=9.93775e-05 0.0223636 -0.022011 0.0363998 -0.000829802 0.00951175 -0.0303432 -0.0209947 -0.0254679 0.0295665 0.0120883 0.0028196 -0.023703 -0.00631023 -0.0312031 0.0158119 -0.0234254 -0.0120457 0.00558621 0.0200041 -0.0451309 -0.0074204 0.0453369 0.0310748 -0.0169732 -0.0301636 0.0378149 -0.0595391 -0.0404902 -0.0506683
internal_weight=487.131 242.722 244.41 116.015 69.001 126.707 175.409 107.469 101.078 9.5393 122.511 24.3862 13.8724 64.0228 91.5387 114.409 11.0437 58.5246 29.6601 103.365 67.9395 8.69889 91.6287 36.3738 11.4655 28.8646 10.5138 8.44651 8.10242 59.2407
internal_count=3383 1820 1563 1000 384 820 1179 680 652 55 797 151 79 358 597 757 59 319 160 698 499 53 849 338 86 159 72 41 40 446
is_linear=0
shrinkage=0.05


Tree=33
num_leaves=31
num_cat=0
split_feature=21 26 26 22 22 45 60 59 46 23 12 63 22 70 55 76 80 45 79 69 61 62 76 61 76 22 43 0 44 59
split_gain=120.046 18.5625 13.4461 10.4312 9.70963 11.675 12.7126 9.44233 14.1759 12.3827 8.77004 7.94086 7.93367 10.1994 7.85216 7.8056 12.1916 7.75777 8.00106 6.84559 11.9293 6.40048 10.982 6.22889 5.55843 5.29475 5.63984 4.74124 4.27759 4.05148
threshold=-0.00021426771200661052 0.85257020940999828 0.18358771706271351 -0.0024234837707569619 -0.0023213081769061779 6821.5980289811678 0.00029435289247814656 0.00074900439360742351 0.017182536083267651 -0.00085485160263004667 0.00085459763115292031 0.002535158933755497 0.0012915180167083486 0.82134397461111186 66189.149214390854 54.500000000000007 1.0000000180025095e-35 5262.9371892108747 -0.5 0.94621774205023501 0.00082754915664326576 5.7720797997501679e-05 15.500000000000002 0.00061967541144401686 5.5000000000000009 0.0016730716379259605 36.758312065556581 63392.385000000002 8099.3514499999901 0.00057153767650798613
decision_type=2 2 2 2 2 2 2 2 2 2 2 2 2 2 2 2 2 2 2 2 2 2 2 2 2 2 2 2 2 2
left_child=2 7 10 14 -5 6 -6 9 11 17 15 -9 13 -11 21 27 -17 -2 -19 20 -10 -4 -23 28 -14 26 -25 -1 -3 -28
right_child=1 23 3 4 5 -7 -8 8 19 12 -12 -13 24 -15 -16 16 -18 18 -20 -21 -22 22 -24 25 -26 -27 29 -29 -30 -31
leaf_value=-0.005933637027327951 0.064128909548741689 0.052250644228050827 -0.058821752354726198 0.080751746393196697 -0.066921906241696902 -0.038265822541420413 0.018639749348892894 0.051734090592262839 -0.055672284418015208 -0.0024649390115713933 0.024356515590817814 -0.030162822193379409 -0.0091616408666459793 0.071181542311023083 0.042556774269686598 0.062029707946065854 -0.061958861795288624 -0.035860965464372556 0.010955303068655687 -0.063825291940095327 0.066058165472974259 0.017367739376867742 -0.039291110821607467 0.053690845015896715 0.049714789479484739 0.042163114529677047 0.027729338439055846 -0.051713081965491958 -0.021065705271060026 -0.03259000682415706
leaf_weight=6.0985684171318999 3.915914259850978 62.142879441380501 18.422312743961811 3.3909488916397086 4.9159065559506407 19.382263273000717 37.137431964278221 9.9757701456546766 4.715992137789728 24.880851402878765 4.9589753448963156 4.2085759490728369 4.426741585135459 5.7964553013443938 3.5247732922434798 4.1951640099287024 3.7591478452086449 16.446212694048882 20.504676058888435 11.170414701104162 3.5109058618545532 11.841783836483954 30.788253739476204 4.2152524366974857 42.454758912324905 18.716605618596077 4.1178529635071746 77.893182121217251 2.0552702099084845 8.592950761318205
leaf_count=39 23 611 130 15 30 115 197 56 24 145 26 22 32 35 19 20 27 86 132 54 22 67 199 28 368 165 29 611 10 46
internal_value=9.98649e-05 0.0238485 -0.0263289 -0.0157822 -0.00161358 -0.00615975 0.00863785 0.0128473 -0.0105545 0.0194833 -0.0404126 0.0274348 0.0312195 0.0114505 -0.0300055 -0.0439059 0.00343364 -0.00279001 -0.00988182 -0.0383342 -0.00372267 -0.0341948 -0.0235524 0.0405978 0.0441554 0.0238369 0.00357209 -0.0483891 0.0499035 -0.0130487
internal_weight=478.157 251.848 226.309 129.404 64.8266 61.4356 42.0533 152.007 33.5817 118.426 96.905 14.1843 77.5588 30.6773 64.5771 91.9461 7.95431 40.8668 36.9509 19.3973 8.2269 61.0524 42.63 99.8408 46.8815 35.6427 16.9261 83.9918 64.1981 12.7108
internal_count=3383 1888 1495 772 357 342 227 999 178 821 723 78 580 180 415 697 47 241 218 100 46 396 266 889 400 268 103 650 621 75
is_linear=0
shrinkage=0.05


Tree=34
num_leaves=31
num_cat=0
split_feature=25 23 22 29 10 22 59 63 2 42 26 13 22 30 34 74 15 46 58 39 74 35 62 43 75 29 43 66 66 47
split_gain=81.2168 16.3627 15.2063 13.7277 10.0825 9.75149 9.21316 12.3462 11.3177 17.8241 8.02921 9.09994 7.92756 9.03491 8.60224 7.7845 7.10534 7.10437 7.09381 12.0796 6.2551 6.00942 5.88909 5.52448 5.40138 5.33577 6.35501 5.57595 4.98514 4.39145
threshold=48.796657285257787 -0.0023267352691172523 0.00057446037133135352 -61.356720734034745 -0.00034078814339161262 0.0015640107068409794 0.00049224556918325141 0.0013599481605087607 65579.695000000022 30.197659857469901 0.91754007394276849 0.0047122201914582282 -0.0021043783312049698 -15.830620486315841 64011.046303234783 63.360940634124383 -0.010367814933541218 -0.098365230277966884 0.00098444849912422173 63455.333435564469 34.466962236311296 0.25736346802812265 7.6294604138172132e-05 78.378935440416726 1.0000000180025095e-35 22.126104248356572 36.758312065556581 0.96236709506863549 0.94164240780400987 0.57305042291063746
decision_type=2 2 2 2 2 2 2 2 2 2 2 2 2 2 2 2 2 2 2 2 2 2 2 2 2 2 2 2 2 2
left_child=2 12 6 -4 29 10 24 -8 16 -10 17 -12 25 -14 23 -16 -9 -3 -7 -20 -19 -6 -23 -15 28 26 -2 -27 -1 -5
right_child=1 5 3 4 21 18 7 8 9 -11 11 -13 13 14 15 -17 -18 20 19 -21 -22 22 -24 -25 -26 27 -28 -29 -30 -31
leaf_value=0.027008112789446523 0.0084007381877774581 0.05362076320715739 0.075805682609422012 0.01523210394209251 0.063735025154184208 0.044427357977708387 0.048096987399565416 0.0018364551527206921 -0.041347585130835987 0.097720626189690518 0.042900031214553977 -0.052792348326686091 0.051520716609003571 0.0006802245722954956 -0.052233269737747126 0.031614385141694207 -0.035822309371990442 -0.019635216146244139 0.058820693160573201 -0.078194579005701773 0.020360555289864302 0.026316254069212505 -0.040524858187775056 0.060241934290586635 -0.04920232289954566 0.05220550965905274 -0.066835911861802252 -0.032981316557620953 -0.050609603560741095 -0.028808499197545207
leaf_weight=4.8217059671878797 3.9825072437524822 6.0990802347660056 5.4131712466478339 6.7754539921879759 5.9242744818329838 82.694563396275043 6.3493360877037039 15.115394227206705 4.5640044584870321 4.6530567556619644 30.91040988266468 2.701549030840396 10.6947163939476 10.602397263050085 10.553304426372049 3.7524046301841727 73.100080050528049 25.322831697762012 3.1991067901253691 3.235582061111927 15.922327071428297 9.9553321376442891 4.9258776754140845 6.152117356657981 55.748792745172977 3.6635552048683158 9.506496846675871 4.0384568348526955 3.6231579259037971 34.39201620221138
leaf_count=31 23 41 29 42 40 806 28 86 32 23 251 14 81 75 58 26 511 154 26 16 102 53 29 54 446 22 51 20 22 191
internal_value=9.82246e-05 0.0210224 -0.0206188 -0.000553207 -0.00722295 0.0290825 -0.0286684 -0.0194589 -0.0238613 0.0288583 0.0165206 0.0352088 -0.000756712 0.0118842 -0.00176355 -0.0302399 -0.0293696 0.00325289 0.0404925 -0.0100753 -0.0041952 0.0211459 0.00419096 0.0225508 -0.0435574 -0.0256644 -0.044623 0.00753883 -0.00629275 -0.0215602
internal_weight=468.393 233.031 235.362 67.3861 61.973 170.085 167.976 103.782 97.4325 9.21706 80.9562 33.612 62.946 41.7549 31.0602 14.3057 88.2155 47.3442 89.1293 6.43469 41.2452 20.8055 14.8812 16.7545 64.1937 21.191 13.489 7.70201 8.44486 41.1675
internal_count=3383 1820 1563 384 355 1410 1179 680 652 55 562 265 410 294 213 84 597 297 848 42 256 122 82 129 499 116 74 42 53 233
is_linear=0
shrinkage=0.05


Tree=35
num_leaves=31
num_cat=0
split_feature=21 27 25 23 43 56 31 65 22 66 14 43 59 30 64 61 74 74 74 22 43 29 59 32 34 59 45 65 46 21
split_gain=105.882 13.2243 11.9652 11.9507 10.255 11.669 9.78822 9.63322 9.31468 8.83639 8.58814 10.3386 8.43079 7.72557 7.01084 6.69105 12.1007 6.43065 10.2746 12.2597 11.2914 6.22054 7.75253 6.1701 6.15862 6.52271 5.14592 9.48255 4.9785 4.40102
threshold=-0.00021426771200661052 0.46784151492196779 37.498412738226527 -0.0028853042685283432 35.98346005294249 0.0021821821879221639 -43.623419479371172 0.0074750484714247055 -0.0016266788912107086 0.88440098977853909 0.0036312860148958186 78.378935440416726 0.00058867723499158003 -76.422798010423392 0.0021648657863213047 0.00081681222841461685 33.660512465060073 40.106386352292901 27.074834792024408 -1.0000000180025095e-35 50.884075108087465 -21.524009705313798 0.00051101662578653965 66505.66396374935 63846.132524509369 0.00053657246486342393 5913.5739615224147 0.0063063437085811936 0.29179112562101434 -0.0015361486470858441
decision_type=2 2 2 2 2 2 2 2 2 2 2 2 2 2 2 2 2 2 2 2 2 2 2 2 2 2 2 2 2 2
left_child=2 14 6 8 13 28 -1 15 9 -3 -10 -12 -11 -4 -2 -5 -17 18 19 -16 -20 22 -15 26 -7 -26 27 -8 29 -6
right_child=1 3 4 7 5 24 23 -9 10 12 11 -13 -14 21 17 16 -18 -19 20 -21 -22 -23 -24 -25 25 -27 -28 -29 -30 -31
leaf_value=0.057035663539532315 0.05087406060186165 -0.079814619802374739 -0.055354924483175229 0.045147482219857149 -0.058024615879697594 0.061966044975723979 0.00093862768225107761 -0.066666857767037499 0.041270014911587598 0.0405260973484061 -0.070551115297056946 0.05684598041203618 -0.050668566283444377 -0.0097405787637772946 -0.036232935311021834 -0.033369230375013263 0.047002731579205773 0.026077173516368748 -0.0030940696668589947 0.02743646701266152 -0.090050535445872409 -0.026494848638682317 0.054860085699841354 0.013380382466292855 0.054382460223300205 -0.026432581080893858 -0.047838763424406315 -0.055401552178239624 6.518220610281514e-05 -0.026682620214251565
leaf_weight=2.7520456910133353 7.5436266809701911 4.7994243502616873 3.7536660134792355 104.4394773170352 20.921785362064835 4.6188300475478199 17.166933216154579 2.14692748337984 20.54226648807526 6.0305218324065191 4.3063069954514495 2.5270416885614395 4.3715282380580902 6.9222841560840704 11.407185964286322 8.1129015088081378 11.078000657260416 17.425449751317501 7.9838220626115781 22.421375349164013 7.0120188519358635 5.414668463170524 14.111910887062548 5.4765896201133719 3.3810217082500449 9.547058664262293 77.731443375349045 13.219541870057581 8.7026762887835485 24.10556743294001
leaf_count=12 45 23 20 1007 151 34 113 14 167 40 24 25 19 35 60 54 93 102 42 138 35 30 73 30 17 51 646 101 46 136
internal_value=9.8667e-05 0.0228512 -0.0251943 0.0305871 -0.0126467 -0.0229932 -0.0361386 0.0383378 0.00769069 -0.0236931 0.0251179 -0.0234384 0.00220096 0.0117708 0.00520223 0.0401613 0.0130257 1.74215e-06 -0.00930459 0.00596678 -0.0437547 0.0212974 0.0336002 -0.0383959 0.0124082 -0.00529739 -0.0410186 -0.023572 -0.0345544 -0.0412456
internal_weight=459.974 242.148 217.826 168.354 101.479 71.2769 116.347 125.777 42.5771 15.2015 27.3756 6.83335 10.4021 30.2025 73.7935 123.63 19.1909 66.2499 48.8244 33.8286 14.9958 26.4489 21.0342 113.595 17.5469 12.9281 108.118 30.3865 53.73 45.0274
internal_count=3383 1888 1495 1466 593 435 902 1168 298 82 216 49 59 158 422 1154 147 377 275 198 77 138 108 890 102 68 860 214 333 287
is_linear=0
shrinkage=0.05


Tree=36
num_leaves=31
num_cat=0
split_feature=21 26 22 6 46 76 32 45 60 1 70 43 48 42 31 66 74 63 61 23 15 45 77 62 21 21 47 15 29 12
split_gain=97.8443 18.8802 9.31916 9.42177 8.90176 9.27207 9.08415 14.126 8.58047 11.2151 8.16689 12.4937 7.63501 7.36586 6.88382 6.83006 8.28197 6.38111 5.59435 5.43253 4.74509 4.24976 4.0821 6.96778 3.63509 3.44639 3.1778 1.71969 1.48168 0.778457
threshold=-0.00049736631271762855 0.85257020940999828 0.0015640107068409794 2477.5000000000005 0.29179112562101434 56.500000000000007 63659.181881161428 5866.2551424753556 0.00056290543623116354 65631.000000000015 0.78895761735595304 77.293505482878956 1.1511705533246988 47.238257475278104 22.23395734401014 0.42832500662411516 44.183007226132922 0.0020407255168934557 0.00061967541144401686 0.0058526209172746766 -0.010367814933541218 8032.903588076626 3.5000000000000004 0.00012294704986611527 -6.2887596090244178e-05 1.0000000180025095e-35 1.1839249620946808 0.0068944268575719123 103.60716071835488 -0.00049880602618079795
decision_type=2 2 2 2 2 2 2 2 2 2 2 2 2 2 2 2 2 2 2 2 2 2 2 2 2 2 2 2 2 2
left_child=4 2 14 24 5 6 7 13 20 -10 26 -12 -6 -1 15 -2 -17 -7 21 22 -8 25 23 -20 -4 -3 -5 -27 -21 -26
right_child=1 18 3 10 12 17 8 -9 9 -11 11 -13 -14 -15 -16 16 -18 -19 19 28 -22 -23 -24 -25 29 27 -28 -29 -30 -31
leaf_value=-0.047367160313657564 -0.06538572975193678 0.010245132632583176 0.0041802656917123556 0.056222248489767479 -0.01825181516753057 -0.016341606694694536 0.0074847605735737623 0.085233886227041117 -0.027685783200105799 0.051001494168633359 -0.021606935910603628 0.048480345474212039 0.06789132783699868 0.023010109893541929 -0.065015872355443802 -0.0038911984180479129 0.034203901812801092 0.071381184921190957 0.034948501185855567 0.057785564489409018 -0.047322204477769074 -0.027549151632249125 -0.038942066077248746 -0.03362156445222287 0.030245734061185966 0.054203955413437158 0.0018718174697734047 0.005848414272754115 0.011152991396739892 0.056741437575360598
leaf_weight=10.094253718852999 3.6314365267753592 5.2873220667242995 4.5033633559942272 9.9890538752078992 6.2646047174930555 4.8634952977299672 4.117343842983245 3.8508903533220282 44.033493876457214 5.0473532378673545 25.556094966828823 8.4644430354237539 4.3641016557812691 5.8857391327619544 4.0484187975525847 63.31909541785717 18.416760474443436 3.6131633892655373 14.083610661327844 9.4534468352794629 96.725871816277504 1.8801381886005391 3.9470814466476432 5.027268983423709 3.2038589194417062 52.778451263904572 3.6803192123770705 1.9050140529870976 2.0777839869260779 20.575598962604996
leaf_count=73 20 33 26 83 34 30 25 18 312 29 152 69 22 29 20 363 112 17 118 87 759 9 26 28 20 582 29 19 18 221
internal_value=9.70813e-05 0.0198832 0.00963045 0.0225065 -0.0273337 -0.0299845 -0.0325329 -0.000730087 -0.0367396 -0.0195938 0.00894668 -0.00416895 0.0171182 -0.0214459 -0.00130981 0.00171136 0.00469241 0.0210501 0.0374661 0.0213626 -0.0450845 0.0464717 0.00734969 0.0169106 0.0453709 0.0487923 0.041589 0.0525194 0.049383 0.0531716
internal_weight=450.689 261.829 165.388 75.9727 188.86 178.232 169.755 19.8309 149.924 49.0808 47.6899 34.0205 10.6287 15.98 89.4157 85.3673 81.7359 8.47666 96.4401 34.5892 100.843 61.8509 23.058 19.1109 28.2828 59.9708 13.6694 54.6835 11.5312 23.7795
internal_count=3383 2035 1115 600 1348 1292 1245 120 1125 341 333 221 56 102 515 495 475 47 920 277 784 643 172 146 267 634 112 601 105 241
is_linear=0
shrinkage=0.05


Tree=37
num_leaves=31
num_cat=0
split_feature=21 10 22 59 63 69 2 23 27 21 22 66 30 35 29 56 56 46 41 31 69 65 13 12 22 76 33 6 20 23
split_gain=90.3847 12.2139 11.2962 9.48257 13.586 10.967 11.5186 9.18873 10.3533 10.7629 8.94639 8.83984 7.97842 7.67117 9.00708 7.66316 7.22742 6.35207 6.25086 6.16102 6.45882 5.71408 5.63459 6.02671 5.62644 5.30308 9.64147 8.25017 4.92305 2.6798
threshold=-0.00021426771200661052 -0.00065100151265212725 0.0013033238190381937 0.00049802092795908084 0.0013599481605087607 0.21877963667421782 65549.840000000011 -0.0023267352691172523 0.54136996290184969 0.00098919180514622806 -0.0016266788912107086 0.88440098977853909 88.153230794695375 0.31725945972551572 -71.951767141472359 0.0020507568458558241 0.0035254196382195056 -0.079030259568060243 53.059351903857795 47.02557552918578 0.47229396786267314 0.0071270624802084641 -0.00066276034453344168 -0.0018583747504437029 0.0035970709009989226 25.500000000000004 63517.152500000004 4491.5000000000009 0.003030416837555228 0.0020358065911946226
decision_type=2 2 2 2 2 2 2 2 2 2 2 2 2 2 2 2 2 2 2 2 2 2 2 2 2 2 2 2 2 2
left_child=2 13 3 15 -5 -6 -7 10 9 17 11 -3 -11 29 -15 21 24 -9 -13 20 -10 -1 -16 -24 -12 26 -4 28 -27 -2
right_child=1 7 25 4 5 6 -8 8 19 12 16 18 -14 14 22 -17 -18 -19 -20 -21 -22 -23 23 -25 -26 27 -28 -29 -30 -31
leaf_value=-0.052046785696487713 0.068497949742263572 -0.078385721559846383 0.039816562477816987 0.059921014752421037 0.041360612565106453 -0.032798417050395594 0.023575087313723139 0.024336997618557801 0.016140374261001296 0.043589654698915813 0.049559288407614539 0.036720609242643538 -0.038011381813552875 0.05172360803254742 -0.053313382186519903 0.038678770309089644 -0.034906713219546241 -0.049551017208645007 -0.03326793704924156 -0.044199043010034224 0.049767600578630375 0.0016001979072723764 0.071997632638928236 -0.016122420607550748 0.0027171505405697428 0.081908883703717891 -0.045147737046643995 -0.025858141698339745 0.0090628722112938639 0.012004573047526095
leaf_weight=56.570644095540047 4.3429934531450254 4.7317453175783184 5.067635431885722 5.1035727560520163 6.1484914869070044 93.971534639596939 10.028238601982592 4.3433042913675299 17.312766246497631 19.966762274503711 18.711148165166382 6.3627447411417943 3.5241836607456198 4.8433687835931769 9.6654106229543668 2.7020085006952277 4.4656375125050536 8.8066956326365453 6.398395836353302 2.0263020098209372 81.500422559678555 5.4409903138875952 2.1501229852438 19.883756540715698 9.7516158148646337 5.865342974662779 9.788161173462866 5.0196264311671248 3.8363345712423325 4.063012070953846
leaf_count=489 24 23 36 23 35 662 59 26 144 156 154 43 18 26 47 14 34 48 29 13 882 37 9 114 78 28 62 27 23 20
internal_value=9.88937e-05 0.0215382 -0.0237252 -0.0284315 -0.0198312 -0.0235264 -0.0273626 0.027139 0.0338351 0.0110725 0.00888133 -0.0200149 0.0313476 -0.00187523 -0.0117821 -0.0437482 0.0242322 -0.0251466 0.00162857 0.0421061 0.0438759 -0.0473397 -0.0214852 -0.00752344 0.0335107 0.0049111 -0.0161646 0.0261793 0.0531034 0.0411921
internal_weight=442.393 232.85 209.543 179.965 115.252 110.148 104 187.902 137.48 36.6409 50.4213 17.4929 23.4909 44.9487 36.5427 64.7136 32.9284 13.15 12.7611 100.839 98.8132 62.0116 31.6993 22.0339 28.4628 29.5771 14.8558 14.7213 9.70168 8.40601
internal_count=3383 1888 1495 1319 779 756 721 1648 1287 248 361 95 174 240 196 540 266 74 72 1039 1026 526 170 123 232 176 98 78 51 44
is_linear=0
shrinkage=0.05


Tree=38
num_leaves=31
num_cat=0
split_feature=21 26 26 76 65 80 70 32 23 16 42 46 15 15 46 67 61 74 23 48 15 12 42 21 37 44 21 55 21 15
split_gain=83.5098 17.3153 8.3784 8.47126 7.23169 6.41857 10.5872 6.15184 8.31394 7.66842 6.19597 5.97406 7.01283 8.3454 6.72431 5.74711 5.48789 5.46435 5.13767 5.11368 4.60671 4.37447 3.97942 5.62019 3.96214 3.59147 3.24038 2.58962 2.10296 1.73657
threshold=-0.00049736631271762855 0.85257020940999828 0.18358771706271351 54.500000000000007 0.0051212294767676624 -0.60785761079279388 0.80785732413713951 62995.780705169374 0.009808787735547388 0.00098957953304359514 46.412461253802924 -0.17488209069885416 -0.001678752437688724 -0.0100311240893291 0.21237758251363895 0.8955481515538618 0.00061967541144401686 56.10238736969545 0.0058526209172746766 1.0485535216378146 0.00032665394037079137 0.00085459763115292031 44.987746935585356 0.0024091447923335623 63414.354347682704 8099.3514499999901 1.0000000180025095e-35 66198.665755888112 -6.2887596090244178e-05 0.0068944268575719123
decision_type=2 2 2 2 2 2 2 2 2 2 2 2 2 2 2 2 2 2 2 2 2 2 2 2 2 2 2 2 2 2
left_child=2 4 3 21 28 6 -4 -6 9 -9 -10 12 13 -7 17 -5 25 -13 22 -16 -14 24 23 -18 -1 26 -3 -26 -2 -28
right_child=1 16 5 15 7 11 -8 8 10 -11 -12 14 20 -15 19 -17 18 -19 -20 -21 -22 -23 -24 -25 27 -27 29 -29 -30 -31
leaf_value=0.0016852242225912412 0.0068728647648057355 0.01022713851633408 -0.038578743013466671 -0.030595066337121286 -0.061318239202245453 0.044794781220389039 0.080853710413245655 0.0011801496795307168 0.062183548433081874 0.066532248308234551 -0.010877050589495882 -0.042867597357044318 0.058436256267345721 -0.039190800785406418 -0.019359910508627301 0.062326983657320145 -0.027736376593610185 -0.0053047559988312759 0.04827854038282136 0.053547206059222675 -0.0080291902875146339 0.012433372973996156 0.060735691318553865 0.025865739348020986 -0.051807731170140085 -0.020095211399820168 0.053489805316069373 -0.017559288296680867 0.059345932222630696 0.0040917672194283553
leaf_weight=4.1653688773512831 2.4493659138679513 5.197557531297206 3.3210325986146918 3.3148430213332167 3.3213334307074538 3.8131063506007221 4.2050843238830566 127.05767594277859 10.976705104112623 4.6531528159975997 3.9447858035564414 44.188368052244186 6.3619167283177358 13.187598094344141 6.0137892886996251 3.3412353098392487 10.094420135021215 12.398520641028879 10.825380802154539 4.0080451890826225 4.4169771745800972 3.4073180779814711 2.9271300733089438 9.4853478074073774 59.157744750380516 2.0169327408075324 48.717435605823994 6.0873972475528708 8.6613542661070788 1.8465879708528508
leaf_count=30 15 33 20 27 21 22 21 847 90 35 27 304 36 104 34 16 63 75 105 20 27 18 24 85 551 10 581 43 80 19
internal_value=9.93005e-05 0.0187101 -0.0257744 -0.0379433 0.008856 -0.016285 0.028152 0.00597209 0.00749626 0.00348894 0.0428686 -0.0198282 -0.00035002 -0.0203536 -0.0279517 0.0160502 0.0361301 -0.0346374 0.019974 0.00979793 0.0312 -0.0428787 0.00636001 -0.00176903 -0.0455939 0.0454506 0.0478214 -0.0486123 0.0477782 0.0516858
internal_weight=433.564 252.175 181.388 79.4739 161.064 101.914 7.52612 149.954 146.632 131.711 14.9215 94.3883 27.7796 17.0007 66.6087 6.65608 91.1108 56.5869 33.3323 10.0218 10.7789 72.8178 22.5069 19.5798 69.4105 57.7785 55.7616 65.2451 11.1107 50.564
internal_count=3383 2035 1348 685 1115 663 41 1020 999 882 117 622 189 126 433 43 920 379 277 54 63 642 172 148 624 643 633 594 95 600
is_linear=0
shrinkage=0.05


Tree=39
num_leaves=31
num_cat=0
split_feature=21 26 26 22 22 44 57 59 46 29 12 76 80 23 79 55 62 76 63 61 4 61 65 30 37 22 36 79 30 44
split_gain=77.0191 14.5149 11.1993 8.10427 7.9377 9.8889 8.32239 7.56016 12.8526 9.50598 7.05652 6.97725 10.2524 6.68754 7.88363 5.96748 6.35935 7.88854 5.96642 5.94883 5.53717 5.47208 11.2502 5.46312 5.22689 4.42847 4.8458 4.36339 4.18828 3.68194
threshold=-0.00021426771200661052 0.85257020940999828 0.18358771706271351 -0.0024234837707569619 -0.0023213081769061779 6883.7325499999906 0.00034510712480625999 0.00074900439360742351 0.017182536083267651 -32.432451691020098 0.00085459763115292031 54.500000000000007 1.0000000180025095e-35 -0.00085485160263004667 -0.9159756150367534 66189.149214390854 5.3547705835605351e-05 15.500000000000002 0.002535158933755497 0.00061967541144401686 19.940075000000004 0.00081058739642300541 0.0070194082357409489 -42.129442006898351 63414.354347682704 0.0016730716379259605 1.0138977893308658 -0.60355339059327384 7.893696030390962 8099.3514499999901
decision_type=2 2 2 2 2 2 2 2 2 2 2 2 2 2 2 2 2 2 2 2 2 2 2 2 2 2 2 2 2 2
left_child=2 7 10 15 -5 6 -6 9 18 23 11 24 -13 14 -11 16 -4 -18 -9 29 -15 28 -23 27 -1 26 -21 -2 -10 -3
right_child=1 19 3 4 5 -7 -8 8 21 13 -12 12 -14 20 -16 -17 17 -19 -20 25 -22 22 -24 -25 -26 -27 -28 -29 -30 -31
leaf_value=0.0039748491877756257 0.040579807912497691 0.049722292022832904 -0.059113454712488016 0.07537429497018934 0.057656242231487125 -0.038549845366597585 -0.0015926480628464645 0.048509500501310712 -0.015326789374035461 -0.047421914976766559 0.022724535726841529 0.058340980057318109 -0.060408483241571304 0.040208641930466887 0.015963563656030737 0.039820432041410475 0.013273363848185327 -0.034469969756794852 -0.025488749908172327 0.019256555751190386 0.0057622554268309751 -0.066067217189798813 0.055140097713942654 -0.056341145559337995 -0.048536627598815163 0.038166263004572883 -0.040867467318152134 -0.030958764056423643 -0.082452079128974565 -0.018966990954732286
leaf_weight=5.1054534539580336 4.3219351842999449 50.247363515198231 13.802571468055246 3.3285831511020652 7.1350627914071074 15.248164489865301 35.002480298280716 9.2359287664294261 3.4029516503214854 6.1120803281664875 4.7616074755787841 4.1476022228598586 3.2355168089270592 47.846241354942322 24.850457608699799 3.2636602669954291 12.474265366792677 28.235294178128242 3.8635196834802619 10.916233383119108 15.428464487195013 3.852672964334487 3.8054163530468941 6.214233584702014 65.999942988157272 15.964034162461756 4.8358789309859267 4.2056189179420462 7.3280348405241966 2.0297219008207312
leaf_count=35 23 611 116 15 40 100 202 56 20 33 26 20 27 426 167 19 76 204 22 74 120 19 25 33 615 165 29 19 36 10
internal_value=9.75711e-05 0.0202482 -0.0223224 -0.0124478 0.000308156 -0.00404596 0.00843984 0.0104162 -0.0111634 0.0166514 -0.036377 -0.0399625 0.0063012 0.0224921 0.00345112 -0.0258526 -0.0297844 -0.0198404 0.0266846 0.0366908 0.0318095 -0.0381244 -0.00583753 -0.020685 -0.0447662 0.0196073 0.000798555 0.00529842 -0.0611657 0.0470553
internal_weight=426.201 224.461 201.74 118.49 60.7143 57.3857 42.1375 140.468 31.4885 108.979 83.2501 78.4885 7.38312 94.2372 30.9625 57.7758 54.5121 40.7096 13.0994 83.9932 63.2747 18.3891 7.65809 14.7418 71.1054 31.7161 15.7521 8.52755 10.731 52.2771
internal_count=3383 1888 1495 772 357 342 242 999 178 821 723 697 47 746 200 415 396 280 78 889 546 100 44 75 650 268 103 42 56 621
is_linear=0
shrinkage=0.05


Tree=40
num_leaves=31
num_cat=0
split_feature=21 26 26 76 80 65 77 70 46 59 33 46 61 74 59 15 62 66 23 48 12 8 21 78 45 21 21 15 1 29
split_gain=71.3364 15.543 7.67208 7.58217 8.11732 6.76759 5.58941 10.5704 5.50914 7.03861 6.78043 6.1424 5.25776 5.14409 5.13848 5.2676 9.72796 5.10076 4.83398 4.5208 3.95771 3.99672 3.75414 4.68539 3.61801 3.23538 1.97668 1.79657 1.63708 1.63684
threshold=-0.00049736631271762855 0.85257020940999828 0.18358771706271351 53.500000000000007 1.0000000180025095e-35 0.0051212294767676624 4.5000000000000009 0.80623986731160791 -0.17488209069885416 0.00047061404740822009 65769.465500000006 0.21237758251363895 0.00061967541144401686 56.10238736969545 0.0010510818483354077 0.00091030302307681954 0.00011616468151288423 0.97481415847922948 0.0058526209172746766 1.0485535216378146 0.00085459763115292031 1645938.6688573502 0.0040550703100140648 -1.0000000180025095e-35 8032.903588076626 1.0000000180025095e-35 -6.2887596090244178e-05 0.0068944268575719123 63386.275000000009 108.31500128944391
decision_type=2 2 2 2 2 2 2 2 2 2 2 2 2 2 2 2 2 2 2 2 2 2 2 2 2 2 2 2 2 2
left_child=2 5 3 20 -5 26 8 -8 9 -4 -11 13 24 -10 15 17 -17 -7 22 -13 21 28 23 -14 25 -3 -2 -27 -1 -20
right_child=1 12 6 4 -6 14 7 -9 11 10 -12 19 18 -15 -16 16 -18 -19 29 -21 -22 -23 -24 -25 -26 27 -28 -29 -30 -31
leaf_value=-0.012425054445801975 0.0073161005457697929 0.0090338401415285523 -0.042417002036205458 0.050305971905471231 -0.056617778209342579 -0.0078181778791933092 -0.044218206097083074 0.077568723401778991 -0.041290663309169869 0.0030380865158628461 0.083553950710631028 -0.017970400733730286 -0.018733299152009785 -0.0045097515046932822 -0.059505130410176313 0.029668437695312078 -0.010473506485078953 0.028751059161249037 0.056569644233399163 0.050807233941065545 0.010646179377276601 -0.0011508053968320902 0.044026410251009944 0.046062621592547717 -0.023432661211943838 0.052800672779016358 0.05866738802503605 0.0015122509487000423 -0.050139057353429974 0.0044634954518510796
leaf_weight=3.0335814431309691 2.433876819908618 5.1335483342409125 7.1319925710558918 4.808066137135028 2.8138190656900406 63.949756696820259 3.0558248087763777 4.2730344459414482 42.578509882092476 17.053240500390533 3.0883038341999045 5.9529560655355436 13.654494874179365 12.238524548709391 2.9825237691402426 46.918315328657627 22.249991931021214 11.206483803689478 8.3571601063013059 3.9910796880722046 3.4159687012433997 4.8886352628469458 4.9257286489009848 3.506334193050864 1.9059266746044148 44.93835586309433 8.1468858048319799 1.7748806551098812 55.901908598840237 1.8388186022639263
leaf_count=25 15 33 63 25 28 389 19 22 304 112 14 34 90 75 18 396 144 73 88 20 18 33 49 33 9 582 80 19 556 17
internal_value=9.35335e-05 0.0175473 -0.0243425 -0.0364305 0.0108323 0.00823035 -0.0152352 0.0267887 -0.0185817 0.000268812 0.0153836 -0.0265204 0.0346454 -0.0330789 0.00545602 0.00679846 0.0167556 -0.00236537 0.0186958 0.00963379 -0.0417879 -0.0445942 0.00554995 -0.00549407 0.0442243 0.0467114 0.0468551 0.050852 -0.0481978 0.0471724
internal_weight=418.149 243.923 174.225 74.862 7.62189 157.888 99.3635 7.32886 92.0346 27.2735 20.1415 64.7611 86.0352 54.817 147.307 144.325 69.1683 75.1562 32.2825 9.94404 67.2401 63.8241 22.0866 17.1608 53.7527 51.8468 10.5808 46.7132 58.9355 10.196
internal_count=3383 2035 1348 685 53 1115 663 41 622 189 126 433 920 379 1020 1002 540 462 277 54 632 614 172 123 643 634 95 601 581 105
is_linear=0
shrinkage=0.05


Tree=41
num_leaves=31
num_cat=0
split_feature=21 25 26 67 21 43 6 56 25 6 43 45 2 43 44 69 76 44 30 28 79 46 47 70 61 68 22 22 45 62
split_gain=65.8673 13.5299 12.4919 10.7133 9.39616 9.33144 8.6763 8.50893 7.23142 6.99123 6.82167 8.15409 10.3788 6.95106 6.88814 6.11655 5.44285 5.36152 5.3544 4.95102 5.39174 4.94781 6.33222 5.99681 4.82723 5.03375 4.29732 4.20314 3.85132 3.34173
threshold=0.00012546110965605542 37.498412738226527 0.85257020940999828 0.85021479816920265 0.0009561723030520054 35.98346005294249 1988.0000000000002 0.0009686077140524603 34.580028852114019 5492.5000000000009 28.163875573529236 5821.0161885613188 63312.895000000011 15.222161668608083 7795.3037999999933 0.39159955960861925 36.500000000000007 6247.1331599999949 -29.380133323064651 0.12849753202315276 -0.9159756150367534 0.017182536083267651 0.74509754593170052 0.85636906272126245 0.00061967541144401686 -0.00087364430902364665 -0.0023999283770113062 -0.0024234837707569619 8032.903588076626 0.0002224096938931794
decision_type=2 2 2 2 2 2 2 2 2 2 2 2 2 2 2 2 2 2 2 2 2 2 2 2 2 2 2 2 2 2
left_child=1 10 3 4 -2 9 8 15 -5 16 11 12 13 -1 26 -7 17 -3 -17 -9 -21 23 -23 -8 28 -26 -13 -27 -4 -12
right_child=2 5 24 6 -6 7 21 19 -10 -11 29 14 -14 -15 -16 18 -18 -19 -20 20 -22 22 -24 -25 25 27 -28 -29 -30 -31
leaf_value=0.03834234282410981 -0.0068764562022976816 0.038015715686151842 0.050265048646664513 -0.034049937747470303 0.05505165924557022 0.017980325215897895 -0.0037425598200676417 -0.045293543624809945 0.053185346794825006 -0.04450934516451735 -0.049960426790451644 -0.047496320367467822 0.074003434990293243 -0.056702434392791046 0.028417892230136521 -0.0013928155556740623 0.056660037119047962 -0.019401804388899924 -0.04842927222135239 -0.035612571240852618 0.01683047781923671 0.0075902660864086624 -0.031542023586663102 0.042241798535189591 -0.037414549073129272 -0.010165957127214463 -0.012501249066224174 0.03926337956807037 -0.022115146819781467 0.013793773583105198
leaf_weight=3.1490281820297223 8.6069016531109828 8.0486196056008428 43.888091869652271 2.9264631494879714 21.242139764130116 5.4810192659497252 23.503228165209293 5.0340548306703559 12.621314767748116 3.9963190257549277 42.275339685380459 29.216107383370396 4.6519691348075858 4.9437227696180344 4.4547919183969489 7.6397490054368964 9.4903722703456861 8.2160449251532537 29.082526758313179 5.9207666516304007 28.458419047296047 17.518262796103954 25.220850683748722 10.152444601058958 3.260797984898093 5.486803360283381 12.536846004426481 19.895682066678997 1.9181731492280949 2.1604253426194182
leaf_count=19 55 46 593 15 223 35 137 31 134 23 405 277 31 33 29 47 48 49 215 35 173 119 158 66 25 33 111 198 9 11
internal_value=9.19632e-05 -0.0190421 0.0210313 0.0111683 0.0371948 -0.00695004 0.00271876 -0.0156884 0.0367656 0.0170217 -0.0320675 -0.020917 0.0144908 -0.0197189 -0.0306829 -0.0312899 0.0265693 0.00901143 -0.0386437 0.00101755 0.00779876 -0.00421041 -0.0155022 0.0101289 0.0371662 0.0210657 -0.0369886 0.0285785 0.0472341 -0.0468608
internal_weight=410.997 214.756 196.241 121.792 29.849 111.368 91.9426 81.6165 15.5478 29.7514 103.388 58.9525 12.7447 8.09275 46.2077 42.2033 25.755 16.2647 36.7223 39.4132 34.3792 76.3948 42.7391 33.6557 74.4495 28.6433 41.753 25.3825 45.8063 44.4358
internal_count=3383 1618 1765 907 278 702 629 536 149 166 916 500 83 52 417 297 143 95 262 239 208 480 277 203 858 256 388 231 602 416
is_linear=0
shrinkage=0.05


Tree=42
num_leaves=31
num_cat=0
split_feature=21 26 22 41 43 43 26 76 12 80 66 42 67 66 61 14 58 61 55 76 21 67 12 23 42 21 12 32 45 66
split_gain=61.2698 13.8571 7.57178 8.8796 8.05186 8.82438 7.06116 6.98235 6.78114 8.18595 6.34293 6.23094 5.89783 5.80755 5.08429 5.01485 8.8111 7.65655 6.85398 12.1165 6.07972 5.64321 5.23451 4.64509 3.75402 4.72727 3.70529 4.10069 3.28584 3.11408
threshold=-0.00049736631271762855 0.85257020940999828 0.0012915180167083486 38.20421747400669 77.293505482878956 70.974498922472961 0.18358771706271351 53.500000000000007 0.0022551130549257619 1.0000000180025095e-35 0.62358239748214805 49.821718429490915 0.90610744880863758 0.86792886345010067 0.00061967541144401686 -0.0050385432995643789 0.00072389599455074049 0.00075483615004096917 64397.023844088595 26.500000000000004 -0.0015361486470858441 0.88512215470969602 -0.0052619755250616343 0.0058526209172746766 44.987746935585356 0.0040550703100140648 0.00085459763115292031 63535.359202719897 8032.903588076626 0.98665987847137682
decision_type=2 2 2 2 2 2 2 2 2 2 2 2 2 2 2 2 2 2 2 2 2 2 2 2 2 2 2 2 2 2
left_child=6 2 8 11 5 -5 7 26 10 -10 -2 -4 -12 -9 28 22 17 20 21 -20 -17 -18 -8 24 25 -16 27 -1 -3 -6
right_child=1 14 3 4 29 -7 15 13 9 -11 12 -13 -14 -15 23 16 18 -19 19 -21 -22 -23 -24 -25 -26 -27 -28 -29 -30 -31
leaf_value=0.012386098389252351 -0.049220425724218926 0.045662133861146363 0.056289573628587476 0.0070635904418015127 0.054469700730624765 -0.058174921498265156 0.02327678002437877 -0.041257259484479926 -0.091630132758460381 0.012236019037060281 0.017772163727888132 -0.019441790865867909 -0.01229769923173714 0.048210419390450676 -0.017094931772567622 -0.038915332932229464 -0.0025432529665028623 0.04489569490697197 -0.065802419320047809 0.027651054455672199 -0.00094299559157026377 0.072844590759412089 -0.048220637682810201 0.046251611805256221 0.059773748279157837 0.041986560720145061 0.010440451305996929 -0.046347817059918701 -0.020883486711076982 -0.012966060086018161
leaf_weight=3.1355086266994467 5.6011272445321074 48.090503256767988 19.272848311811689 31.99968484044075 10.168632231652735 6.1853400617837897 3.0362828522920635 3.1202894523739806 4.4353097826242438 3.3146333247423172 42.061394862830639 3.1616415157914153 26.631683394312859 4.3321729972958565 14.525662072002897 31.442607916891575 3.8759645968675631 4.1183777004480353 5.4721312448382369 9.4719284400343877 15.857396855950354 6.9040144085884094 16.318834237754345 9.6454178206622583 2.6923535987734786 4.4146822690963736 3.39093093574047 56.917516395449638 1.9294379502534855 2.058502070605754
leaf_count=23 32 634 225 220 96 41 19 31 22 25 259 24 153 22 102 235 24 26 38 52 95 37 137 105 24 46 18 591 9 18
internal_value=9.00322e-05 0.0164909 0.00771678 0.0194489 0.00780353 -0.00350397 -0.0230512 -0.035032 -0.00270009 -0.0472068 0.0019426 0.0456169 0.00611435 0.010751 0.0332076 -0.014249 -0.00853958 -0.0204918 0.0153511 -0.00656921 -0.0261851 0.0457387 -0.0370047 0.0173952 0.00452899 -0.00332401 -0.0404099 -0.0432812 0.0430952 0.0431165
internal_weight=403.583 236.189 154.891 72.8466 50.4122 38.185 167.394 70.8964 82.0441 7.74994 74.2942 22.4345 68.6931 7.45246 81.2981 96.4975 77.1424 51.4184 25.724 14.9441 47.3 10.78 19.3551 31.2781 21.6327 18.9403 63.444 60.053 50.0199 12.2271
internal_count=3383 2035 1115 624 375 261 1348 685 491 47 444 249 412 53 920 663 507 356 151 90 330 61 156 277 172 148 632 614 643 114
is_linear=0
shrinkage=0.05


Tree=43
num_leaves=27
num_cat=0
split_feature=12 65 65 23 45 59 37 69 27 35 58 28 43 38 61 60 59 74 23 10 43 3 47 43 62 19
split_gain=42.276 12.5981 10.7694 11.3873 8.37648 8.19476 8.87412 7.76969 7.09826 10.3509 8.22323 7.16506 6.65933 6.49656 7.3598 6.08594 7.43262 5.60558 5.44376 7.4412 6.27358 3.63506 3.10313 2.40948 2.03999 0.272733
threshold=-3.1213030349752639e-05 0.0074177269372492456 0.0074750484714247055 -0.0060925286689243454 7714.8273295617955 0.00074900439360742351 64419.207519958196 0.92359203879146323 0.21172505186294685 0.75133402058278576 0.00025172388236828334 0.0322205972445435 36.758312065556581 66011.216358384627 0.0004508497551177374 0.00046941413208945865 0.00072110632398154147 60.96188361453305 -0.016135671453120001 -0.0021258453831592412 36.336448139153177 65936.145000000004 0.76187742584883733 16.574592246382789 8.0620116337157678e-05 -0.0084791720033203215
decision_type=2 2 2 2 2 2 2 2 2 2 2 2 2 2 2 2 2 2 2 2 2 2 2 2 2 2
left_child=1 8 3 12 5 7 -7 -5 9 10 -1 -11 24 -6 -15 17 -17 -14 23 -20 -21 -12 -13 -10 -2 -25
right_child=2 -3 -4 4 13 6 -8 -9 18 11 21 22 15 14 -16 16 -18 -19 19 20 -22 -23 -24 25 -26 -27
leaf_value=0.068586195147923176 0.060873048656745303 0.059982630921596419 -0.086822437375971326 0.025885592018561998 -0.07030593428569297 0.020923445390235725 -0.04348548143260015 0.0561383467730876 -0.007739724543958406 0.06189531885027532 -0.040581921434356377 0.013458519356816592 -0.046460774309311031 -0.037660400116048043 0.048763853334961617 0.041985515022278784 -0.02205201483324639 0.030642379856314263 0.057150753340561133 0.0030256771096332114 -0.024938163006639018 -0.004909294431013656 -0.053425388653610073 -0.071157174829069622 0.0066035318449171243 -0.051227513049733414
leaf_weight=1.8857034891843785 4.2824764028191558 5.2568672671914092 2.5017085000872603 86.55735606700182 3.6790065839886656 18.366576932370666 7.5444951951503745 28.117594894021749 3.1724349707365018 4.8728296086192113 72.118141688406467 3.7966279461979866 15.141113363206388 4.7104647606611234 5.1639603227376938 8.1788088604807871 10.159998074173926 2.7919915169477454 4.5615264028310767 48.901043813675642 34.003252476453781 7.9262443482875815 3.192367285490036 3.1718504950404167 2.9071421101689339 3.741656668484211
leaf_count=20 29 33 14 944 23 138 45 295 25 27 651 24 96 34 42 62 56 23 29 335 273 63 25 19 22 36
internal_value=8.846e-05 -0.0163787 0.0162674 0.0175726 0.0239461 0.0275652 0.00216958 0.0333034 -0.0184766 -0.028298 -0.0346182 0.0153559 -0.00503173 -0.0135936 0.0075363 -0.0137454 0.00650768 -0.0344566 -0.00903371 -0.00502282 -0.00844371 -0.0370495 -0.0170921 -0.0438164 0.038929 -0.060371
internal_weight=396.703 196.601 200.103 197.601 154.139 140.586 25.9111 114.675 191.344 93.7919 81.9301 11.8618 43.4615 13.5534 9.87443 36.2719 18.3388 17.9331 97.5518 87.4658 82.9043 80.0444 6.989 10.0859 7.18962 6.91351
internal_count=3383 1560 1823 1809 1521 1422 183 1239 1527 810 734 76 288 99 76 237 118 119 717 637 608 714 49 80 51 55
is_linear=0
shrinkage=0.05


Tree=44
num_leaves=31
num_cat=0
split_feature=22 36 27 22 66 32 59 45 44 2 67 6 5 63 23 28 57 36 65 47 44 3 11 68 6 59 10 47 76 47
split_gain=38.7104 16.4635 11.3439 8.62047 8.67574 9.38862 9.01327 8.43684 10.2558 9.14899 10.4706 7.85181 8.93477 6.28706 6.07729 5.84346 5.83376 5.77531 5.57477 4.79754 5.34792 4.43274 3.4465 3.33688 2.39129 7.13788 2.09042 1.75476 0.931812 0.41774
threshold=0.0012915180167083486 0.33759484524425615 0.6133228098623521 0.0012727370202528789 0.42832500662411516 64097.289056191687 0.00076014971480045451 5821.0161885613188 5776.8184549999778 63855.775000000009 0.90459431142806679 2210.0000000000005 466676.99811155006 0.0029261743740293133 -0.0084124065747976911 0.79404532424468843 0.00036948830181427107 0.044252478693026072 0.0064789984715152545 0.56714448201163681 5387.7513249999956 64216.56500000001 -0.00023387953017434124 0.00081046562419906387 6215.5000000000009 0.00050025867821753395 -0.00089017484298936622 0.41256325412765021 54.500000000000007 1.0087372870596907
decision_type=2 2 2 2 2 2 2 2 2 2 2 2 2 2 2 2 2 2 2 2 2 2 2 2 2 2 2 2 2 2
left_child=1 7 11 4 -3 13 -7 8 9 17 -11 18 -13 -6 -4 16 28 -1 27 -14 -21 -18 -20 24 26 -26 -16 -2 -9 -29
right_child=2 3 14 -5 5 6 -8 15 -10 10 -12 12 19 -15 23 -17 21 -19 22 20 -22 -23 -24 -25 25 -27 -28 29 -30 -31
leaf_value=0.0095830266559062995 0.025568594723659955 -0.079227923323145114 -0.025272732758362029 -0.064457523431629221 0.044864288165690477 0.0059205744376869887 -0.037349463751747192 -0.056667801514922247 0.09541647482984339 0.076524986478136353 -0.02721155032436743 -0.072396399862522706 0.057457659515551443 -0.028740977311002131 -0.0087806077251020142 0.0480062497006358 -0.041225351619773004 -0.046095516200821446 -0.041542385153396255 -0.047290798041274701 0.0062047110960658861 -0.016128396025678875 0.034331942480911336 -0.029628766271385942 -0.046387933322892254 0.045449861286723646 0.049275460087107578 0.079102481296955407 -0.022554810437056431 0.053899829397825727
leaf_weight=6.9635683670640054 2.9370340704917925 3.0179878696799269 3.6789891719818106 4.7004664093255988 20.71118696779013 83.785635244101286 14.053733833134173 21.496431417763237 2.5444791018962851 5.5076969489455205 4.3565694987773895 4.3091519176959983 3.7230537906289092 3.3737262561917296 1.6020160987973131 2.3464730754494658 27.392863266170025 14.062848329544066 2.8736556842923164 5.5461608022451392 29.636453382670879 49.186129406094551 3.1234735436737529 1.6353009194135655 2.8545699641108504 8.1747216098010522 48.241440828889615 5.1718181744217873 2.2073987126350394 2.4105443619191647
leaf_count=51 27 18 27 34 198 617 84 222 17 32 31 29 28 18 11 15 240 107 20 30 204 426 29 16 28 88 658 35 22 21
internal_value=8.6615e-05 -0.010735 0.0229219 0.00201553 0.00451632 0.00658924 -0.000294772 -0.0228837 -0.00107042 -0.00901808 0.0307096 0.0071242 -0.00408299 0.0345539 0.0371787 -0.0299902 -0.0318152 -0.0276558 0.0364474 0.00348333 -0.00222828 -0.0251058 -0.0020249 0.0408543 0.0427478 0.0216807 0.0474095 0.0583805 -0.0534911 0.0710902
internal_weight=391.626 265.707 125.918 129.643 124.942 121.924 97.8394 136.064 33.4352 30.8907 9.86427 59.7313 43.2148 24.0849 66.187 102.629 100.283 21.0264 16.5165 38.9057 35.1826 76.579 5.99713 62.508 60.8727 11.0293 49.8435 10.5194 23.7038 7.58236
internal_count=3383 2132 1251 969 935 917 701 1163 238 221 63 423 291 216 828 925 910 158 132 262 234 666 49 801 785 116 669 83 244 56
is_linear=0
shrinkage=0.05


Tree=45
num_leaves=31
num_cat=0
split_feature=21 26 26 67 21 6 59 60 59 60 24 25 43 67 61 68 35 28 12 14 38 57 44 39 41 74 84 15 73 27
split_gain=52.2431 11.3216 10.5237 8.99935 8.89762 7.52725 10.325 6.92049 6.81813 6.78003 5.94631 5.76195 8.37468 7.36105 4.7321 4.65826 4.64912 7.87881 6.60152 3.50197 3.37853 3.48848 3.25151 2.80668 2.639 2.55262 2.41802 2.0191 0.68811 0.591335
threshold=0.00012546110965605542 0.18358771706271351 0.85257020940999828 0.85021479816920265 0.0009561723030520054 1988.0000000000002 0.00042877896057281589 0.00029435289247814656 0.00094417061082029705 0.00065826313489943751 39.946815187789404 37.498412738226527 35.98346005294249 0.85381120058249815 0.00061967541144401686 -0.00087364430902364665 0.72453656890209228 0.025484742009869957 0.00085459763115292031 -0.00020835040512351408 63755.925178857244 0.00033600771074497859 8099.3514499999901 66471.293187482879 72.642767783723471 12.742850331356463 1.0000000180025095e-35 0.0068944268575719123 11.408781818552702 0.88565263661779603
decision_type=2 2 2 2 2 2 2 2 2 2 2 2 2 2 2 2 2 2 2 2 2 2 2 2 2 2 2 2 2 2
left_child=1 16 3 4 19 10 -7 -3 11 -8 -5 13 -13 -9 22 -16 18 -18 20 -2 21 -1 27 -22 -19 -17 -27 28 -4 -6
right_child=2 7 14 5 29 6 9 8 -10 -11 -12 12 -14 -15 15 25 17 24 -20 -21 23 -23 -24 -25 -26 26 -28 -29 -30 -31
leaf_value=0.030565381130717231 0.02237945012875886 -0.062999111268485508 0.052716346971047136 -0.026939657354372544 0.056652255734956303 -0.069838308425329759 0.0096638056114863591 0.021151245066770089 -0.052608292262951453 -0.028244750479272086 0.052282725599210371 0.028908087570476717 -0.0062039102956763289 -0.033495415304538111 -0.037804068531084631 -0.011199346010290609 0.060289884116382732 -0.061074027092001028 0.026239052648124064 -0.042103129688452937 -0.050724828439618654 -0.033482417323923576 -0.015688596023331121 -0.0076241618317606204 -5.8529987073666355e-05 0.0052987701637435521 0.044329752703327285 -0.0063515083056365747 0.016031897511931629 0.024200033815091164
leaf_weight=2.8920567706227294 4.5458388589322567 5.5338740348815909 35.770306132733822 2.9951598793268195 17.615753665566448 5.4945960044860831 53.957070961594582 8.1380320191383344 7.3169768825173369 15.094654887914656 11.322673629969357 24.377646647393703 55.979835826903582 25.384789608418941 3.2044686749577549 3.7864150181412723 3.4288137257099134 3.7188648134469986 3.7938201054930678 3.9223058149218577 46.197834424674511 8.0264855027198774 2.041985794901847 4.113469459116458 3.3853559195995331 5.4743402078747758 14.421667840331793 1.5775256194174279 1.3256772980093945 1.5252772495150555
leaf_count=24 28 43 552 16 203 37 356 61 59 87 133 135 363 213 25 27 19 33 22 27 526 72 10 27 21 49 155 19 21 20
internal_value=8.62737e-05 -0.0174525 0.0193603 0.0102523 0.0351867 0.00250544 -0.00387205 -0.00831911 -0.00582242 0.00137702 0.0357101 -0.00281635 0.00444784 -0.0202293 0.0350527 0.0187738 -0.032772 -0.00195589 -0.0377638 -0.00748782 -0.0417295 -0.0165177 0.0458026 -0.0472009 -0.0319985 0.0264293 0.0335905 0.0490494 0.0514054 0.0540663
internal_weight=386.364 202.288 184.076 116.473 27.6092 88.8642 74.5463 126.731 121.197 69.0517 14.3178 113.88 80.3575 33.5228 67.6024 26.8869 75.5567 10.533 65.0237 8.46814 61.2298 10.9185 40.7155 50.3113 7.10422 23.6824 19.896 38.6735 37.096 19.141
internal_count=3383 1618 1765 907 278 629 480 874 831 443 149 772 498 274 858 256 744 73 671 55 649 96 602 553 54 231 204 592 573 223
is_linear=0
shrinkage=0.05


Tree=46
num_leaves=22
num_cat=0
split_feature=12 65 65 23 45 59 63 37 62 61 63 65 36 45 42 42 58 58 33 61 76
split_gain=33.1168 11.3226 8.82645 9.94596 7.63359 7.32026 9.32454 7.91368 6.39912 7.54697 11.9076 6.51624 7.89434 6.19475 8.18564 7.98004 6.1811 6.12895 6.05856 6.62334 2.99104
threshold=-3.1213030349752639e-05 0.0074177269372492456 0.0074750484714247055 -0.0060925286689243454 7714.8273295617955 0.00074900439360742351 0.0012987543289029373 64419.207519958196 1.5471851391870461e-05 0.00065422959716122323 0.001346853631017219 0.0059109101994093511 0.10517311518782872 6721.1710190209815 33.590376509829987 30.723253101950068 0.00056567326620785149 0.00034652377874784659 66021.821500000005 0.0004508497551177374 12.500000000000002
decision_type=2 2 2 2 2 2 2 2 2 2 2 2 2 2 2 2 2 2 2 2 2
left_child=1 8 3 13 5 6 -5 -7 -1 11 -11 12 -10 14 15 -2 -12 -13 -6 -20 -16
right_child=2 -3 -4 4 18 7 -8 -9 9 10 16 17 -14 -15 20 -17 -18 -19 19 -21 -22
leaf_value=0.051682607427392308 2.0471674405394679e-05 0.058514603436294221 -0.07740832591452021 0.0095779288381020664 -0.068891365397754839 0.019575238401285278 0.041270876002810236 -0.041902969247109595 -0.037086206856565461 0.088059803983993587 0.05212188403239762 0.010257610848430968 -0.0024173359911680175 -0.049366787711447563 0.0005589808628323269 -0.078773537403742599 -0.013562078097978131 -0.043694107588831577 -0.036652125136635648 0.047146900157291893 0.062779772547785939
leaf_weight=3.3468126207590094 22.831741500645879 5.1266064941883078 2.5639989376068106 33.717141177505255 3.6574452817440024 17.769387349486355 74.462120682001114 7.4204225353896609 25.636233240365982 3.3995599076151839 3.8756372705101958 5.90378189459443 45.675507206469774 6.7214869707822791 2.7772330194711667 3.7396779321134082 47.222970478236675 48.574434332549572 4.5368049070239049 4.9098232053220272 6.3425072953104973
leaf_count=22 158 33 14 347 24 138 892 45 281 17 27 57 359 36 21 23 353 411 33 42 50
internal_value=8.5145e-05 -0.014776 0.0147376 0.0159884 0.0221624 0.0257403 0.0313929 0.00146497 -0.0168221 -0.0180938 -0.00255186 -0.0248273 -0.0148806 -0.00533343 0.00295909 -0.011069 -0.0085802 -0.0378474 -0.0142526 0.00690187 0.0438317
internal_weight=380.211 188.762 191.45 188.886 146.473 133.369 108.179 25.1898 183.635 180.288 54.4982 125.79 71.3117 42.4126 35.6912 26.5714 51.0986 54.4782 13.1041 9.44663 9.11974
internal_count=3383 1560 1823 1809 1521 1422 1239 183 1527 1505 397 1108 640 288 252 181 380 468 99 75 71
is_linear=0
shrinkage=0.05


Tree=47
num_leaves=29
num_cat=0
split_feature=21 26 76 26 32 23 9 67 42 77 60 0 59 60 61 23 8 12 31 42 21 45 21 32 15 29 11 56
split_gain=46.5831 10.7353 6.55091 6.70044 5.62461 6.61348 6.37399 6.45824 5.12348 4.88529 5.91245 5.52718 9.44346 5.89397 4.8627 4.16855 3.80288 3.9831 3.67466 3.50666 4.16752 2.97807 3.12996 2.11591 2.02928 1.93688 0.0860828 0.00311466
threshold=-0.00049736631271762855 0.85257020940999828 56.500000000000007 0.18358771706271351 62995.780705169374 0.009808787735547388 0.00099006932916734258 0.8249567824984062 46.412461253802924 4.5000000000000009 0.0003551179675929462 65584.115000000005 0.00046183546158899523 0.00082071777423181949 0.00061967541144401686 0.0058526209172746766 1604724.2031160002 0.00085459763115292031 -12.195708726247659 44.987746935585356 0.0040550703100140648 8032.903588076626 1.0000000180025095e-35 63535.359202719897 0.0068944268575719123 108.31500128944391 -0.0010176360488252099 0.0013961883716031845
decision_type=2 2 2 2 2 2 2 2 2 2 2 2 2 2 2 2 2 2 2 2 2 2 2 2 2 2 2 2
left_child=2 4 3 16 -2 6 7 -6 26 11 -11 13 -13 -5 21 19 17 23 -4 20 -16 22 -3 -1 -24 27 -7 -17
right_child=1 14 18 9 5 8 -8 -9 -10 10 -12 12 -14 -15 15 25 -18 -19 -20 -21 -22 -23 24 -25 -26 -27 -28 -29
leaf_value=0.0044364742071952455 -0.061084067159908162 0.0058062905524682079 0.056033824342275287 -0.026189954914784437 0.029024756372691935 0.068196323037766488 0.065295202909289085 -0.0020427971533815972 -0.0054985214773898387 -0.022644592289902579 0.07182555105869376 -0.040872712338429845 0.049728198063440067 0.047390880323853038 -0.017780365227817778 0.057008352294733167 0.0042946687209203553 0.018832467332242475 -0.014028716388508767 0.058818408024530047 0.040206184909281011 -0.02012345400934154 0.051133459593597941 -0.045351060869393153 -0.0072611236020477992 -0.0061344224022365839 0.057281669285072868 0.054708753892208785
leaf_weight=2.2304564937949172 2.9634673818945876 4.8002174943685523 4.1612798497080803 66.836096540093422 19.882501356303692 2.3454303890466681 4.2293887957930556 105.42903947085142 4.258668601512908 3.1643271222710601 3.4751096591353416 4.7874086126685125 7.2040871977806091 2.8370882198214522 14.146576546132573 2.1171551346778852 5.2978377863764754 2.7246205508708945 3.4010646343231192 2.4358870163559905 3.967625353485345 1.9039649665355671 35.726521264761686 49.34805041924119 1.5524225831031788 1.566471319645643 7.8618060089647761 4.8356186971068382
leaf_count=19 21 33 24 510 194 13 36 728 36 21 20 38 38 14 102 21 37 15 23 24 46 9 582 589 19 17 87 67
internal_value=8.44269e-05 0.0148882 -0.0208663 -0.0231871 0.00710159 0.00850476 0.00492411 0.00288652 0.0405692 -0.014444 0.0268015 -0.0177973 0.0135573 -0.0231937 0.0305535 0.0146857 -0.0361408 -0.0400857 0.0245241 0.00249472 -0.00507934 0.0410409 0.0438084 -0.0431981 0.0487017 0.0440927 0.0597897 0.055409
internal_weight=375.49 220.023 155.467 147.905 146.97 144.007 129.541 125.312 14.4659 88.3041 6.63944 81.6647 11.9915 69.6732 73.0525 29.0693 59.601 54.3031 7.56234 20.5501 18.1142 43.9831 42.0792 51.5785 37.2789 8.51925 10.2072 6.95277
internal_count=3383 2035 1348 1301 1115 1094 958 922 136 641 41 600 76 524 920 277 660 623 47 172 148 643 634 608 601 105 100 88
is_linear=0
shrinkage=0.05


Tree=48
num_leaves=31
num_cat=0
split_feature=21 26 31 26 14 58 50 76 65 46 62 62 22 22 61 63 30 62 23 56 77 1 64 23 39 42 22 65 65 69
split_gain=42.8142 10.1768 6.13406 6.20052 7.28807 9.58596 7.03598 6.56052 6.07891 5.11516 4.93837 6.68463 4.93563 7.20161 5.89427 5.57416 7.27521 4.6216 3.19448 4.60851 3.69679 3.23143 3.16699 3.08745 3.01155 2.73328 2.70831 2.5092 1.62797 1.59073
threshold=-0.00049736631271762855 0.85257020940999828 -43.623419479371172 0.22320956270470024 -0.0050385432995643789 0.00072389599455074049 1.7561978712045152 54.500000000000007 0.0051212294767676624 -0.11199222897440868 0.00012294704986611527 0.00014487682995048711 0.0015640107068409794 0.0035462936463661614 0.00090293549535649215 0.0012987543289029373 16.234506994817281 4.0285373412428221e-05 -0.0023267352691172523 0.0035254196382195056 5.5000000000000009 65180.110000000008 0.0059176677586091657 -0.0035236844140260066 66471.293187482879 26.588739391683614 -0.0019335836723472497 0.0053543650318465504 0.0051774834653111794 -0.095814748353967291
decision_type=2 2 2 2 2 2 2 2 2 2 2 2 2 2 2 2 2 2 2 2 2 2 2 2 2 2 2 2 2 2
left_child=2 8 -1 7 27 6 -6 22 26 -7 18 -12 15 28 -15 16 -10 -17 19 21 29 -3 24 -13 -4 -9 -2 -5 -14 -20
right_child=1 10 3 4 5 9 -8 25 12 -11 11 23 13 14 -16 17 -18 -19 20 -21 -22 -23 -24 -25 -26 -27 -28 -29 -30 -31
leaf_value=0.056581304061957528 0.00056525931083822021 0.039332438923199244 -0.043130851788697265 -0.0034151900652334339 -0.027368485570306397 0.04796342585526573 0.026381710225003709 -0.013038347104562321 -0.0080118702127998254 0.00044777037778826113 -0.052614122103502137 -0.018214148019666667 0.003845967439587321 -0.0014264938117751027 0.045125979529152795 0.030048433349921046 -0.084030638555717324 -0.0044129834815363998 0.0093850288092049601 -0.046254988098309045 -0.012623204053377536 -0.02021848374631274 0.025966533100208206 0.04864621002703861 -8.863367358526033e-06 0.058290735479971295 0.062196305227729468 -0.053723185872442208 0.057901766259045764 0.049818852644688195
leaf_weight=2.5562776476144782 2.4141552895307541 12.055348202586176 53.830806214362383 3.1011960431933394 38.592551484704018 9.8191793784499186 7.2288537248969069 2.9291910678148261 9.9169868752360326 13.384875133633612 3.9610581621527654 2.553386464715004 1.619610983878373 40.3049549870193 8.1795479878783208 12.061977185308931 4.6106035336852065 50.299966208636761 2.605587910860776 2.4252717159688464 2.7711460813879958 2.8087801411747924 1.8847841396927822 5.3327215649187565 4.37815898656845 2.4802471995353699 6.8131703138351423 12.345383338630198 9.9480125643312913 36.611715883016586
leaf_count=12 18 143 646 24 281 57 44 28 74 83 27 17 15 328 69 79 24 299 18 21 36 18 15 65 29 12 77 117 132 575
internal_value=8.50526e-05 0.0143385 -0.0202202 -0.0215293 -0.0125767 -0.00562916 -0.0188888 -0.0330745 0.00679047 0.0205548 0.0298506 0.00037995 0.00414364 0.0148846 0.00642711 -0.00424525 -0.0321379 0.00225251 0.0357405 0.0176522 0.0431887 0.0280795 -0.037822 0.026998 -0.0398875 0.0196663 0.0460717 -0.0436229 0.0503333 0.0471324
internal_weight=369.826 217.294 152.532 149.975 84.472 69.0255 45.8214 65.5032 146.169 23.2041 71.125 11.8472 136.942 60.0521 48.4845 76.8895 14.5276 62.3619 59.2778 17.2894 41.9884 14.8641 60.0937 7.88611 58.209 5.40944 9.22733 15.4466 11.5676 39.2173
internal_count=3383 2035 1348 1336 606 465 325 730 1115 140 920 109 1020 544 397 476 98 378 811 182 629 161 690 82 675 40 95 141 147 593
is_linear=0
shrinkage=0.05


Tree=49
num_leaves=31
num_cat=0
split_feature=21 26 26 22 76 60 43 24 6 22 79 21 43 38 13 23 80 34 61 35 28 46 55 11 68 70 45 56 45 35
split_gain=39.4262 9.3969 8.77087 6.45577 9.6093 7.75855 6.77715 6.45616 6.41951 7.71081 6.83983 5.90857 5.85205 5.32382 5.76971 6.42928 6.11889 5.10812 4.57433 4.27893 8.39803 4.23566 4.07426 4.00669 3.56374 3.39831 3.30404 6.51192 3.23543 2.82354
threshold=0.00012546110965605542 0.18358771706271351 0.85257020940999828 -0.0050453738056315802 14.500000000000002 0.00029435289247814656 33.595077568198754 30.892693320616676 2477.5000000000005 0.0012141354365741155 0.60355339059327384 0.0016667350782306747 63.259747086576716 65379.25407312758 0.00040507624060981412 0.008360614922835909 -1.0000000180025095e-35 64344.841613467994 0.00061967541144401686 0.72453656890209228 0.021602980876252963 0.25184916219825765 63872.250895015823 -0.0016117134444999512 -0.00081924927264798153 0.504875150450382 6706.4459820848242 0.0015827324949790511 8032.903588076626 0.47392439313780449
decision_type=2 2 2 2 2 2 2 2 2 2 2 2 2 2 2 2 2 2 2 2 2 2 2 2 2 2 2 2 2 2
left_child=1 19 8 4 17 -5 7 -7 9 10 11 -2 -8 14 16 -16 -10 -3 28 21 -21 22 23 -1 -20 -24 -26 -28 -4 -12
right_child=2 3 18 5 -6 6 12 -9 13 -11 29 -13 -14 -15 15 -17 -18 -19 24 20 -22 -23 25 -25 26 -27 27 -29 -30 -31
leaf_value=-0.041313648368909585 -0.057133211582107782 0.0577260285829631 0.04776773118215235 -0.062208468764161973 -0.044332661725448037 -0.029912890855066876 -0.020379677133955373 0.030813447011063796 0.067293949407753129 0.049061243754869165 0.060256570647200462 0.023185252366580936 0.012762590660426249 0.042720330381651676 -0.027164370013195036 0.023854315039213973 0.0037217936841718435 -0.030790641839469036 -0.02685790166791285 0.066451443688914646 -0.031644957762063233 0.019357698116745908 0.00011384565060016679 0.023299482599478262 0.038789273697595494 -0.049058646132270532 -0.062715614906585934 0.034637791381145734 -0.019182809741300728 -0.008291738200934368
leaf_weight=4.8177086710929871 5.7957324981689471 4.2148877382278469 33.738007146865129 4.8904233351349822 21.734813123941422 5.2325741872191456 35.361717149615288 26.762884356081486 4.3690517470240584 18.458768211305141 4.9314274564385405 3.7852357663214207 21.367734879255295 6.9597311951220027 29.631270121783018 7.8007597289979449 28.320461116731167 2.6574916392564774 4.0117698721587685 3.2154010087251645 6.787128709256649 3.32209638506174 3.8335961475968352 4.7796261534094793 13.927731864154341 42.101343035697937 2.7919707894325247 4.464191772043705 1.9064992070198048 2.160345047712326
leaf_count=45 33 25 593 41 200 46 238 159 28 250 48 30 143 67 201 73 162 22 31 18 55 28 31 42 157 525 17 51 9 15
internal_value=8.46687e-05 -0.0155726 0.0173729 -0.00725007 -0.0280377 -0.00089775 0.00248163 0.0208822 0.00908438 0.0267988 0.00215146 -0.0254011 -0.0078963 0.00101066 -0.00312913 -0.0165322 0.0122184 0.0234974 0.0326601 -0.0303452 -0.000111008 -0.0354836 -0.0387644 -0.00913528 0.0163531 -0.0449549 0.0245364 -0.00282111 0.0441868 0.0393749
internal_weight=364.132 191.079 173.053 122.223 28.6072 93.6153 88.7249 31.9955 112.213 35.1315 16.6727 9.58097 56.7295 77.0813 70.1215 37.432 32.6895 6.87238 60.8402 68.8569 10.0025 58.8544 55.5323 9.59733 25.1957 45.9349 21.1839 7.25616 35.6445 7.09177
internal_count=3383 1618 1765 874 247 627 586 205 907 376 126 63 381 531 464 274 190 47 858 744 73 671 643 87 256 556 225 68 602 63
is_linear=0
shrinkage=0.05


Tree=50
num_leaves=30
num_cat=0
split_feature=21 10 22 63 67 23 76 46 29 56 76 56 59 27 68 32 23 28 47 57 63 1 14 81 64 21 46 64 23
split_gain=36.799 8.26481 6.75171 8.43375 6.33044 6.23427 5.80995 6.19271 7.08925 18.6916 5.62268 8.00331 5.40375 5.1155 4.90427 4.84061 5.37024 5.11025 5.48608 5.25195 4.41772 4.01355 3.8656 6.61732 4.95565 3.75987 2.91772 1.32061 0.708553
threshold=-0.00049736631271762855 -0.00027925972085102163 -0.0019335836723472497 0.0012987543289029373 0.82576633014073264 -0.0019744675647545003 56.500000000000007 0.29179112562101434 -21.914197389229226 -0.0012135678424041998 4.5000000000000009 0.0020910662741291919 0.00050025867821753395 0.35429216993840962 9.5676027021651691e-05 62995.780705169374 0.009808787735547388 0.19235649005782354 0.76700961398745982 0.00093683469530815913 0.0020407255168934557 65316.735000000008 0.0046248294168838031 1.0000000180025095e-35 0.0017367814650730902 0.00068272909519206959 0.17117308345252666 0.0056474592667529076 -0.0064108552278442912
decision_type=2 2 2 2 2 2 2 2 2 2 2 2 2 2 2 2 2 2 2 2 2 2 2 2 2 2 2 2 2
left_child=6 15 3 -3 27 21 7 8 9 12 11 -10 -1 -11 -9 -2 17 18 -17 -19 -8 -5 24 -24 -6 -7 -12 28 -4
right_child=1 2 4 5 22 25 20 14 10 13 26 -13 -14 -15 -16 16 -18 19 -20 -21 -22 -23 23 -25 -26 -27 -28 -29 -30
leaf_value=-0.04369723771896826 -0.073329561542134478 -0.072130017539055555 0.020734655505564255 0.0065427699406999142 -0.026108423817010229 -0.018377374692607976 -0.011337910948201337 0.047221028533243593 -0.057230506958153904 0.097738140828935574 -0.050831979208464897 0.048614226317220725 -0.014142239034037888 0.022964996252490419 -0.024917773988858694 0.013943669812442095 0.053148735982666395 0.01439590570155859 -0.052819682524019806 -0.024961545237131545 0.066153307782218243 -0.051314323017263568 -0.037988804260154836 0.021948440172389505 0.028399365693049683 0.05716821337031891 -0.014594443242679762 0.00028386298307640171 0.055423487579121911
leaf_weight=23.477854773402214 2.2274097129702559 3.7294075340032604 1.5951666310429633 8.9114673286676425 4.4349422901868811 2.1267486065626109 4.0276678800582877 5.6571305766701681 3.1878327392041674 3.4539787769317609 37.456359583884478 4.0612311884760857 45.320028696209192 6.772247314453125 4.0374877080321312 4.732538014650344 4.6954429894685736 36.839306514710188 8.7958578243851644 11.009463209658859 3.3849275782704353 4.5167286694049844 7.1960898116230991 12.789138481020926 69.769690655171871 7.3013309612870216 6.521981142461299 1.2734017632901657 19.078737117350101
leaf_count=284 14 22 20 57 41 14 30 32 35 19 380 23 411 41 24 26 38 255 51 69 17 25 54 135 803 85 52 21 305
internal_value=8.28003e-05 0.0134715 0.0203167 -0.00241293 0.0255199 0.00896265 -0.0190903 -0.0213752 -0.0242447 -0.0148529 -0.0387327 0.00206817 -0.0242281 0.0482201 0.0171776 -0.000832527 0.00161146 -0.00233122 -0.0294644 0.0053402 0.0240481 -0.0129181 0.0198849 0.000366811 0.0251416 0.0401269 -0.045458 0.049703 0.052747
internal_weight=358.382 211.023 142.723 26.5857 116.137 22.8563 147.359 139.946 130.252 79.0241 51.2274 7.24906 68.7979 10.2262 9.69462 68.3 66.0726 61.3772 13.5284 47.8488 7.4126 13.4282 94.1899 19.9852 74.2046 9.42808 43.9783 21.9473 20.6739
internal_count=3383 2035 1582 203 1379 181 1348 1301 1245 755 490 58 695 60 56 453 439 401 77 324 47 82 1033 189 844 99 432 346 325
is_linear=0
shrinkage=0.05


Tree=51
num_leaves=31
num_cat=0
split_feature=21 10 22 66 23 55 55 45 32 60 1 37 0 46 42 32 58 60 32 23 28 47 57 70 29 20 27 0 63 36
split_gain=33.8173 7.66461 6.20702 7.99761 5.96293 5.51927 14.2465 8.92446 7.40584 9.26135 12.8462 9.5537 7.92101 7.89049 6.80703 5.72094 4.96886 5.32854 4.43687 5.01077 4.67541 5.07871 4.74059 3.9085 3.55783 3.35426 1.12084 0.834459 0.148988 0.0757132
threshold=-0.00049736631271762855 -0.00027925972085102163 -0.0019335836723472497 0.62358239748214805 -0.0018904499058456923 63843.758666399212 63740.826929512281 5874.1180917717256 64333.282413073313 0.00059212608687455269 65631.000000000015 64619.20144673944 64048.990000000013 0.25184916219825765 49.821718429490915 63659.181881161428 0.00036427233388519386 0.00029248051486770529 62995.780705169374 0.009808787735547388 0.19235649005782354 0.76700961398745982 0.00093683469530815913 0.66823581191952419 19.076381001916165 0.00032665394037079137 0.53009201374259707 65238.55000000001 0.0019814257559587194 0.37614602993338303
decision_type=2 2 2 2 2 2 2 2 2 2 2 2 2 2 2 2 2 2 2 2 2 2 2 2 2 2 2 2 2 2
left_child=5 18 3 -3 24 6 7 14 29 12 11 -11 -10 -14 25 -9 27 -18 -2 20 21 -20 -22 -19 -5 -1 -6 28 -4 -7
right_child=1 2 16 4 26 8 -8 15 9 10 -12 -13 13 -15 -16 -17 17 23 19 -21 22 -23 -24 -25 -26 -27 -28 -29 -30 -31
leaf_value=-0.050731892100665671 -0.070730246091485316 -0.07445966952263898 0.052952031782474519 -0.025218129274441926 0.014744670243389192 -0.055304536150263352 0.11619736808734063 0.087470630418712558 0.049503287469988305 0.023819168307252545 0.080816360287772449 -0.043342980211209359 -0.036782202606134302 0.017910372719881062 0.02701287775533048 -0.0027901897713837956 -0.057323650988436572 -0.0051577504684724709 0.013264934130851553 0.052174485758163969 0.013721404816940987 -0.051228775318407388 -0.023643368001838323 0.025907706447392927 0.029817720140468414 0.016328092859090447 0.055926614623892958 0.023236615455365924 0.070475497529704764 -0.0669390018481823
leaf_weight=13.854670591652406 2.1946476250886908 3.3494761958718327 12.853013742715122 10.844166047871115 2.3631081208586666 13.194072294980286 2.4473823681473723 3.2600116133689871 3.18591434508562 10.616805329918867 4.8129437714815131 10.563165336847304 63.383045457303524 7.3603811860084525 4.6504447758197776 3.8040046393871307 2.1569580771028987 11.518646284937857 4.7261243090033522 4.5477320104837409 36.720806177705526 8.6200838014483434 11.041262343525885 83.683489419519901 4.0270067639648923 2.1547091156244269 5.4923356957733631 2.4923106096684924 1.3393751122057427 1.5641329959034909
leaf_count=131 14 19 224 70 15 172 12 16 20 73 26 99 669 41 27 31 28 104 26 38 255 51 69 972 29 20 70 35 16 11
internal_value=7.85061e-05 0.0129973 0.0196768 -0.002331 0.00829941 -0.0184697 0.000558522 -0.00964975 -0.0234758 -0.0185926 0.0070792 -0.00967686 -0.0276186 -0.0310918 -0.0262379 0.0388648 0.0247089 0.0203884 -0.000796582 0.00154105 -0.00222713 -0.0283904 0.00508371 0.0221491 -0.0103148 -0.0417063 0.0435381 0.0499199 0.0546058 -0.0565376
internal_weight=352.822 207.971 140.12 26.0761 22.7266 144.852 30.1712 27.7238 114.68 99.9223 25.9929 21.18 73.9293 70.7434 20.6598 7.06402 114.044 97.3591 67.8507 65.656 61.1083 13.3462 47.7621 95.2021 14.8712 16.0094 7.85544 16.6847 14.1924 14.7582
internal_count=3383 2035 1582 203 184 1348 237 225 1111 928 198 172 730 710 178 47 1379 1104 453 439 401 77 324 1076 99 151 85 275 240 183
is_linear=0
shrinkage=0.05


Tree=52
num_leaves=31
num_cat=0
split_feature=21 41 39 12 22 59 46 2 33 56 63 74 23 34 43 75 21 46 63 78 66 44 7 42 61 71 23 44 58 28
split_gain=31.1585 7.03087 7.9081 7.98817 6.74619 7.93926 8.8496 9.75396 13.7808 7.69618 6.08837 5.92055 5.94567 7.02995 8.20301 5.88819 8.05932 5.76064 5.516 8.34174 4.87838 5.91006 4.36112 4.49702 4.85748 4.17931 3.54935 3.84692 3.28648 3.09725
threshold=-0.00021426771200661052 48.667146870438337 66471.293187482879 -0.0022812809516595252 0.0013033238190381937 0.00049544445160105727 -0.18346086146416285 65579.695000000022 64741.127750000007 0.0022343714605265932 0.0013766959289216887 44.999085571116304 0.0030085132045771794 63684.142255435807 59.962191254654392 1.0000000180025095e-35 -0.0010836582466357545 0.23793746482241865 0.0019629732643225042 -0.98296291314453399 0.77535546732442862 7654.4387099999867 1.3595950000000003 27.448404554700414 0.00040331020597917018 -0.00027695941516309158 -0.00030436156948165921 5783.9526199999873 0.00026559472719436139 0.96665279810969496
decision_type=2 2 2 2 2 2 2 2 2 2 2 2 2 2 2 2 2 2 2 2 2 2 2 2 2 2 2 2 2 2
left_child=4 2 3 -2 5 9 7 8 -7 15 -8 12 13 -3 -15 16 -1 -12 19 -5 -14 -22 -6 24 -24 -13 -25 -28 -17 -27
right_child=1 11 -4 18 22 6 10 -9 -10 -11 17 25 20 14 -16 28 -18 -19 -20 -21 21 -23 23 26 -26 29 27 -29 -30 -31
leaf_value=-0.054548838429377557 -0.034516131399217824 -0.079344331064875304 -0.085252843905255005 -0.090588809874166884 0.058831909906200401 0.022919964033016604 0.04557587320055783 0.089269212617420934 -0.056445601730190413 0.063979690326640276 -0.030739396631575284 -0.0090094490453830368 0.061270900142199138 0.018395877901006791 -0.038413585760682323 -0.0042907747820379724 0.079943436879513066 0.024571742519497269 0.05441217886121319 0.026286952708082241 0.012018457103753216 -0.053876391756069765 0.016244049409147185 -0.0089721037010839135 -0.070416703737560135 0.037005556365114475 0.0010161073965577511 0.074689796437118275 -0.05257674725089817 -0.024342842561574818
leaf_weight=2.2194430455565453 5.0150650963187209 4.315004505217078 1.6076839864253987 1.5669020004570473 3.6267298012971905 19.12714713066817 3.1269129067659369 3.4743334129452697 7.6599610261619082 1.8009975403547276 54.813143253326416 8.3502755686640722 4.1278798691928378 12.570937298238279 12.849551714956759 3.9176461510360232 2.2361968457698813 5.1497113406658164 18.563035719096661 59.471331566572189 25.511421624571089 3.9264555796980849 2.7601190656423595 7.4991771355271375 3.9042419344186783 23.646726313978437 3.3213571757078117 3.7979829087853432 35.066104054450989 2.2534162849187842
leaf_count=32 28 26 7 11 24 139 21 16 89 11 492 60 34 79 84 35 11 30 282 801 223 19 18 51 29 211 25 29 443 23
internal_value=7.28868e-05 0.0141995 0.0246019 0.0266891 -0.0158054 -0.0201112 -0.0117802 0.0104481 0.000224825 -0.0373017 -0.0224422 0.00500497 -0.00405571 -0.0203365 -0.0103202 -0.0415008 0.0129502 -0.0259892 0.0305451 0.0232867 0.0103672 0.00322933 0.00815112 -0.000485193 -0.0345252 0.0217508 0.0150331 0.0403191 -0.0477243 0.031668
internal_weight=347.277 183.776 86.224 84.6163 163.501 138.592 93.3512 30.2614 26.7871 45.2404 63.0898 97.5517 63.3013 29.7355 25.4205 43.4394 4.45564 59.9629 79.6013 61.0382 33.5658 29.4379 24.9096 21.2829 6.66436 34.2504 14.6185 7.11934 38.9838 25.9001
internal_count=3383 1888 1129 1122 1495 1319 787 244 228 532 543 759 465 189 163 521 43 522 1094 812 276 242 176 152 47 294 105 54 478 234
is_linear=0
shrinkage=0.05


Tree=53
num_leaves=31
num_cat=0
split_feature=22 58 25 11 59 43 20 74 36 58 23 76 61 31 61 42 62 44 76 75 23 63 44 42 62 47 48 71 26 70
split_gain=22.9773 9.91832 9.41046 8.56309 7.94007 8.57802 7.65081 7.56301 7.12977 7.12931 8.18435 7.10617 7.05343 6.04309 5.99201 5.88332 5.57843 4.65699 4.56514 6.87835 4.85877 8.50422 4.9741 4.25511 3.8674 3.39753 2.9677 2.59575 1.7976 1.73292
threshold=0.0012915180167083486 0.00085079796881710015 34.340620171225673 -0.0011152381803989917 0.00094417061082029705 35.98346005294249 -0.010367814933541218 21.197600286948539 0.4001087862831143 0.001069732814373357 0.008360614922835909 30.500000000000004 0.00067365371297035514 -0.37118110808371435 0.00099810362548072361 46.412461253802924 0.0001621479738602181 4845.3912549999959 4.5000000000000009 20.500000000000004 -0.00085485160263004667 0.0018019703308909177 7643.1291849999998 27.707232912500768 2.0570965754130934e-05 2.8818796889727785 1.6578470857676137 0.00017094193463540466 0.45379387971945467 0.85068258963458943
decision_type=2 2 2 2 2 2 2 2 2 2 2 2 2 2 2 2 2 2 2 2 2 2 2 2 2 2 2 2 2 2
left_child=2 3 6 11 5 7 16 13 26 10 14 29 -10 -4 27 -12 -1 -8 19 28 21 -20 -22 -9 -19 -26 -7 -3 -5 -2
right_child=1 9 4 18 -6 8 17 23 12 -11 15 -13 -14 -15 -16 -17 -18 24 20 -21 22 -23 -24 -25 25 -27 -28 -29 -30 -31
leaf_value=0.0539080281083201 -0.023028048687942552 -0.046020647133913684 -0.036544811548844619 -0.012994324086911153 -0.05482910238425464 -0.039287187268758711 0.025232990803573482 0.061582524838576569 0.0068342745882859577 0.039899718247111977 0.058689576374712366 0.038774394423849196 -0.027016128472483122 0.043112419980798809 0.012397843843429183 -0.032567465306450008 -0.027453736675540422 0.018916495072790633 -0.014520232866988348 -0.083911027715333764 0.049416412196650827 0.057826781779255279 -0.019193952290164747 0.020344643305774544 -0.038833709832127514 0.01468908704292282 0.011887885815154008 -0.099940513074205789 0.053285390331743003 -0.075391388344413252
leaf_weight=5.1162300929427129 3.3319764770567399 5.9480637162923866 8.1552980951964837 1.6420511975884426 6.8049188032746306 19.194471206516031 3.6593260169029227 9.7147404216229933 72.540282361209393 6.0186640769243231 4.1961764544248572 3.778387613594532 19.532898981124163 3.3626766093075267 3.2474888339638701 3.0498227551579475 3.5815303176641464 3.4068789370357981 10.154308039695026 1.9896360449492929 46.205244913697243 6.7701353020966044 2.801833849400281 17.567159198224545 54.322906259447336 3.1361820921301833 3.3234991319477549 3.5727749690413475 2.7134743332862854 3.0049967765808105
leaf_count=32 27 39 62 11 61 181 28 60 638 53 44 23 126 33 21 21 26 34 85 19 683 97 34 132 661 29 29 20 55 19
internal_value=6.83767e-05 0.0190883 -0.00876653 0.0275888 -0.00197909 0.000365501 -0.0236159 0.0206855 -0.00651473 -0.00781497 -0.0221636 -0.0154987 -0.000346932 -0.0132889 -0.0462501 0.0202797 0.0204052 -0.0295498 0.033619 -0.00688733 0.0375173 0.0144201 0.0454938 0.0350289 -0.0328434 -0.0359124 -0.0317341 -0.0662545 0.0282977 -0.0478588
internal_weight=341.844 108.425 233.419 82.392 160.196 153.391 73.2231 38.7999 114.591 26.033 20.0143 10.1154 92.0732 11.518 12.7683 7.246 8.69776 64.5253 72.2767 6.34516 65.9315 16.9244 49.0071 27.2819 60.866 57.4591 22.518 9.52084 4.35553 6.33697
internal_count=3383 1251 2132 1053 1322 1261 810 287 974 198 145 69 764 95 80 65 58 752 984 85 899 182 717 192 724 690 210 59 66 46
is_linear=0
shrinkage=0.05


Tree=54
num_leaves=31
num_cat=0
split_feature=21 26 22 78 39 69 67 33 65 70 41 28 61 2 74 28 74 62 63 62 68 62 62 71 15 50 56 80 29 39
split_gain=27.6724 7.62479 5.85876 8.24912 8.68615 7.32722 7.73948 7.55033 5.27772 5.2245 6.24285 4.94663 4.90608 4.59676 4.1001 6.19799 4.56275 4.53422 5.59406 5.06566 3.68493 2.94743 4.01176 2.66829 2.61353 4.66124 2.15284 2.00493 1.94387 1.2494
threshold=-0.00021426771200661052 0.85257020940999828 0.0011445552239396364 1.0000000180025095e-35 63455.333435564469 0.21877963667421782 0.77142360283906142 62604.480000000003 0.0051212294767676624 0.74307325059101625 42.968141034560681 0.56992379126733039 0.00061967541144401686 64042.785000000011 45.666078959544969 0.91635787574065086 54.680410245361863 0.00010247963368280098 0.0017715127499993459 5.4284904375433507e-05 -0.00087364430902364665 0.00012818194244391951 0.00016865623942824795 0.00013681966665368697 0.004098219775440338 0.99396200100705279 0.00049876252476304935 -1.0000000180025095e-35 28.661969134151153 66270.487459063603
decision_type=2 2 2 2 2 2 2 2 2 2 2 2 2 2 2 2 2 2 2 2 2 2 2 2 2 2 2 2 2 2
left_child=2 8 3 5 -5 -1 -7 -8 -2 23 26 13 24 -12 17 16 -16 19 -19 -10 -14 27 -23 -4 29 -26 -11 -22 -6 -3
right_child=1 12 9 4 28 6 7 -9 14 10 11 -13 20 -15 15 -17 -18 18 -20 -21 21 22 -24 -25 25 -27 -28 -29 -30 -31
leaf_value=0.044718558393443041 0.050098734822026918 0.049596816274769494 -0.048115326115243148 0.035937434803967487 -0.053957146877627253 0.043272871423519939 0.077038286293491742 -0.021546432968049492 -0.0066726060839871594 0.071035077204398486 0.037173976878834412 0.063615326346208173 -0.039546064250140456 -0.036797376831548739 0.056186271523377143 -0.052687837625808476 0.012240347429242121 -0.05701143801748413 -0.0035198814788623685 0.022217159250815469 -0.007992581853766681 -0.04804430138964666 0.036220028422858389 0.018635462581839936 -0.034148062822374634 0.054363138733222328 0.015252708983648567 0.03755225025205184 0.0064232023749026257 -0.0074613389299768426
leaf_weight=5.283784255385398 6.5134498812258235 26.299168635159734 5.5670814253389862 3.2057230994105366 26.667733792215589 5.2322273813188067 1.987040951848029 86.002640843391418 37.055188242346048 5.3941410221159485 2.8559668026864511 2.2947711274027816 3.0718064345419434 7.9367338418960571 9.0846711769700104 2.6479185558855525 16.883427746593952 7.2959506809711483 14.80674898251891 25.695548940449953 2.9333797842264255 3.2975408546626559 2.4709035344421864 2.047857329249382 2.91944720968604 3.0325368903577328 2.5460470765829086 13.709437970072027 1.4030881226062764 0.99574248865246673
leaf_count=36 84 523 47 25 354 36 10 806 307 31 22 18 25 60 89 20 129 51 105 214 24 22 30 15 32 54 22 167 13 12
internal_value=6.80517e-05 0.0135553 -0.0151464 -0.0196635 -0.0420346 -0.0125604 -0.015807 -0.0193201 0.00632967 0.00532101 0.0181716 -0.00304877 0.028317 -0.0172231 0.00381721 0.0201838 0.0276144 -0.00170227 -0.0211771 0.00515735 0.0118104 0.0188496 -0.0119498 -0.0301643 0.0409689 0.0109484 0.0531483 0.0295247 -0.0509391 0.0475153
internal_weight=337.138 178.713 158.425 129.782 31.2765 98.5057 93.2219 87.9897 119.983 28.6426 21.0277 13.0875 58.73 10.7927 113.469 28.616 25.9681 84.8534 22.1027 62.7507 25.4831 22.4113 5.76844 7.61494 33.2469 5.95198 7.94019 16.6428 28.0708 27.2949
internal_count=3383 1888 1495 1280 392 888 852 816 999 215 153 100 889 82 915 238 218 677 156 521 268 243 52 62 621 86 53 191 367 535
is_linear=0
shrinkage=0.05


Tree=55
num_leaves=31
num_cat=0
split_feature=21 41 22 26 21 67 22 41 66 60 34 60 22 76 43 46 74 29 34 35 60 65 34 46 38 74 74 32 21 69
split_gain=25.4986 7.9992 8.29343 7.31417 6.39089 6.02321 5.85421 5.78836 11.7163 5.80996 6.54522 5.58449 6.03267 8.95813 5.69172 5.56939 5.52149 5.21593 4.92799 3.75145 4.2237 3.56786 3.56002 3.50838 3.75129 4.27896 4.02516 3.06018 2.75389 1.14566
threshold=0.00012546110965605542 37.619264168105708 1.0000000180025095e-35 0.18358771706271351 0.0009561723030520054 0.82576633014073264 -0.00034557381591321373 40.891552393463549 0.94279360874795559 0.00065826313489943751 63640.236979616318 0.00029435289247814656 -0.0050453738056315802 14.500000000000002 35.98346005294249 -0.098365230277966884 21.291319563658206 33.040958331839654 63201.476204032515 0.72453656890209228 0.00051313956766198341 0.0053543650318465504 64313.44969449292 0.22854608179333238 63755.925178857244 60.96188361453305 28.462428230938031 65732.116928626623 -0.0040013608905932188 0.12901284398581711
decision_type=2 2 2 2 2 2 2 2 2 2 2 2 2 2 2 2 2 2 2 2 2 2 2 2 2 2 2 2 2 2
left_child=3 2 4 19 27 -3 -6 8 -7 15 -11 -5 13 22 16 -9 -14 -16 -4 23 28 -15 -13 24 26 -26 -1 -2 -21 -20
right_child=1 5 18 11 6 7 -8 9 -10 10 -12 12 14 21 17 -17 -18 -19 29 20 -22 -23 -24 -25 25 -27 -28 -29 -30 -31
leaf_value=-0.033358888843172403 -0.0094567337782560084 0.047703019480925882 -0.027519848689526085 -0.060525597791362511 0.050030449405396207 0.03319099203001611 -0.044974487939974078 0.037474180553165821 -0.11376860870872403 -0.051841610456619995 0.0055225154551726031 0.061222069860895727 -0.011360111856773625 -0.0012704282262337599 -0.019299600199172789 0.0055649846333000411 0.033120450068169223 0.014189933237644455 0.0030695134388608577 -0.060704156748196236 0.045735089535274664 -0.053477521503869169 -0.012477108728459457 0.015792553965230067 -0.047412675040577883 0.013772584569561708 0.037266851291171459 -0.082931176123305916 0.0077036678222640225 0.052581608818737337
leaf_weight=5.1913422308862192 3.3729655593633643 8.4746756590902788 2.1574284844100466 4.4543851837515822 6.7251489348709574 2.509055394679307 2.136666238307952 17.918833646923304 2.9517759867012501 8.0969607867300528 12.886786192655562 3.4043495208025005 10.094760838896034 4.1968113556504276 32.655351046472788 57.733775470405817 22.588094238191843 18.05490143224597 1.2161274962127233 2.7245089001953602 3.4650450386106968 14.860206108540295 3.1591237559914589 3.5041172690689555 36.098815865814686 3.1031226627528659 3.2997480817139149 2.4439720287919044 3.1982315853238088 29.742434322834015
leaf_count=56 34 117 25 43 92 42 16 157 23 50 114 20 78 36 241 503 146 121 14 28 22 162 27 32 529 26 28 14 23 564
internal_value=6.8637e-05 0.0145862 0.0316783 -0.0131406 0.000394314 0.00719817 0.0271239 0.00383603 -0.046246 0.00666612 -0.0166125 -0.00565098 -0.00340876 -0.0246293 0.00311072 0.0131229 0.0193817 -0.00737597 0.0455449 -0.0271676 0.0018879 -0.0419803 0.0257493 -0.0324954 -0.0360432 -0.0425694 -0.00591281 -0.0403268 -0.0237645 0.0506367
internal_weight=332.42 158.367 47.7947 174.053 14.6788 110.572 8.86182 102.097 5.46083 96.6364 20.9837 113.468 109.014 25.6205 83.3931 75.6526 32.6829 50.7103 33.116 60.5849 9.38779 19.057 6.56347 51.1971 47.693 39.2019 8.49109 5.81694 5.92274 30.9586
internal_count=3383 1765 759 1618 156 1006 108 889 65 824 164 874 831 245 586 660 224 362 603 744 73 198 47 671 639 555 84 48 51 578
is_linear=0
shrinkage=0.05


Tree=56
num_leaves=31
num_cat=0
split_feature=21 67 30 26 60 22 22 41 65 29 34 59 78 14 63 35 28 12 29 76 76 32 43 55 41 71 28 18 47 45
split_gain=23.546 10.2786 9.02973 8.89007 7.95537 6.19971 5.53578 5.51864 6.57469 5.73817 5.38587 5.0263 6.20934 5.39013 5.20063 4.4794 6.47734 4.61644 4.14475 3.44174 8.11508 3.28656 4.01299 3.73186 3.07702 2.33979 2.08399 1.03669 0.511776 0.0358283
threshold=0.00065107709692036064 0.85021479816920265 88.153230794695375 0.18358771706271351 0.00030305358876967365 -0.0031850154030703122 0.0016837022465089337 37.619264168105708 0.0059685132223071691 -27.677433902328627 66626.874458637889 0.00094417061082029705 1.0000000180025095e-35 0.0041543409946788188 0.00090749630280374859 0.72453656890209228 0.021602980876252963 0.00085459763115292031 117.60734433831023 25.500000000000004 21.500000000000004 63904.657668166044 40.065663092042236 66198.665755888112 72.642767783723471 -0.00013141158810725526 0.53950418006580847 -0.00086360592320888763 1.0938754182606065 8127.0438811607573
decision_type=2 2 2 2 2 2 2 2 2 2 2 2 2 2 2 2 2 2 2 2 2 2 2 2 2 2 2 2 2 2
left_child=3 5 4 15 -3 -2 11 9 -9 -6 29 12 14 -14 -5 17 -17 21 -4 20 26 22 -1 -23 -18 -21 -8 -27 -13 -7
right_child=1 2 18 6 7 10 19 8 -10 -11 -12 28 13 -15 -16 16 24 -19 -20 25 -22 23 -24 -25 -26 27 -28 -29 -30 -31
leaf_value=0.010497444565186408 -0.033559572109820385 -0.061227543488413506 -0.073900831184843349 -0.063752396717079871 -0.03234262555206812 0.053688737043512819 -0.00097056738578272898 0.023320884943198891 -0.0056466604993544479 0.051533696378677378 -0.057614886611103693 -0.059567274191819022 -0.035327277540706352 0.046955517214324061 0.0042121923474022129 0.063694727664065851 -0.05551939726410491 0.022185558367312452 -0.0011484330159872815 0.0085654270035509742 -0.07708836373269036 -0.047929979525146098 -0.057165846288541558 -0.0022289193618107552 0.010507682396695157 0.084179374420310066 0.067261255401528955 0.043034212137005021 -0.02735193152176096 0.063096656962482664
leaf_weight=7.0504976436495763 2.4649642407894161 3.4976331777870646 4.5253717377781859 2.9220498986542216 2.3459379225969341 24.359995394945152 2.0414323024451759 42.05739189684391 36.664347272366285 15.588920790702103 1.1271397843956936 4.6148712746798983 21.183040540665392 2.1967084929347029 76.609281357377768 3.1509460397064668 3.5308724120259285 3.6691481918096533 3.4502999410033226 3.1983876489102849 2.4160656556487083 35.763198517262936 3.1794820055365562 5.1045394949614993 3.5271939858794212 2.7419590093195447 2.4768590591847897 3.4662207625806296 1.6821780726313589 1.0558602288365353
leaf_count=68 14 34 25 27 14 462 17 396 318 291 6 43 226 11 545 18 37 23 23 26 15 526 34 49 24 15 29 42 18 7
internal_value=6.55172e-05 0.0158639 0.00877392 -0.011306 0.0128513 0.0422924 -0.00353606 0.0155319 0.00982936 0.0405624 0.0493365 -0.00759735 -0.00494394 -0.0275962 0.00171511 -0.0263193 0.0040875 -0.0319874 -0.0424279 0.0236059 -0.00312001 -0.0358774 -0.0105323 -0.0422217 -0.0225231 0.0433078 0.0364331 0.0612067 -0.0509613 0.0540796
internal_weight=327.663 137.138 108.13 190.525 100.154 29.008 125.549 96.6566 78.7217 17.9349 26.543 109.208 102.911 23.3797 79.5313 64.9759 10.209 54.7669 7.97567 16.3409 6.93436 51.0977 10.23 40.8677 7.05807 9.40657 4.51829 6.20818 6.29705 25.4159
internal_count=3383 1590 1101 1793 1053 489 1014 1019 714 305 475 870 809 237 572 779 79 700 48 144 61 677 102 575 61 83 46 57 61 469
is_linear=0
shrinkage=0.05


Tree=57
num_leaves=30
num_cat=0
split_feature=21 35 46 75 22 6 4 0 21 35 78 22 38 69 69 74 70 67 60 28 74 22 38 76 58 31 32 66 73
split_gain=21.8707 12.3001 8.89889 8.47959 9.68444 8.63483 8.3913 7.78415 6.59787 8.77069 11.7238 8.49915 7.94072 7.6892 7.44585 6.35447 6.22942 5.82327 5.64636 5.51731 4.84296 2.98623 2.68691 2.30258 2.11917 1.68916 0.0988846 0.0536477 0.00410814
threshold=-0.0015361486470858441 0.50003405913669097 0.25184916219825765 1.0000000180025095e-35 0.0016837022465089337 2477.5000000000005 6.6098500000000007 65925.425000000017 0.00065107709692036064 0.38136556867115468 -0.78656609248549292 -0.0031850154030703122 64111.326887419018 0.21877963667421782 0.94453556756172763 67.025372689727917 0.70506604798245831 0.88552672068424299 0.00029738393794821537 0.70655085015786334 75.37810213912374 0.0013033238190381937 63152.704518353166 55.500000000000007 0.00025805823616120694 -3.4714517568471943 64170.692903926814 0.98038636229214216 3.657932009811967
decision_type=2 2 2 2 2 2 2 2 2 2 2 2 2 2 2 2 2 2 2 2 2 2 2 2 2 2 2 2 2
left_child=1 2 20 17 8 22 -7 15 12 11 -11 -10 14 -14 -5 16 27 25 -8 -18 21 24 -6 -24 -1 -2 -17 -3 -28
right_child=3 7 -4 4 5 6 18 -9 9 10 -12 -13 13 -15 -16 26 19 -19 -20 -21 -22 -23 23 -25 -26 -27 28 -29 -30
leaf_value=0.0059954104099935648 0.1189506030816438 -0.053894393436062171 0.023810797121428032 -0.014383078352969397 -0.016185620253728546 -0.067446811900416168 -0.071632611943022062 0.072309335989487952 -0.017432339502874945 -0.063345620680601941 0.0075713646191586355 0.04800331289437499 0.026948415687078359 -0.032422058908737131 0.045787287297408663 -0.043423222496339148 -0.00011658160606269302 0.0067722897534085325 0.017084747095008814 0.060363881679557543 0.0421139738663222 0.010065494765473967 0.053773379798985978 -0.0048772436667360759 -0.052936825043307413 0.062951690261048007 -0.058503433057175959 -0.065870668619765579 -0.055502643984816552
leaf_weight=1.587431989610194 2.5118795335292816 2.5497572124004355 5.3490440547466269 11.33491273969412 1.6881630644202257 3.3376186639070502 1.8547020480036724 3.3108572363853446 6.6108803041279343 7.1747198775410643 31.044717598706484 19.899702671915293 6.3155509606003752 39.956640098243952 9.4097068160772306 1.9028808623552311 30.206217523664236 3.5847402326762676 54.312908845022321 4.3087144680321208 1.5586738921701897 2.1323570907115927 21.272158829495314 1.8163260463625182 39.075279869139194 2.9029253646731359 2.2636827491223812 1.476589825004339 2.2987821996212006
leaf_count=18 14 42 32 104 17 30 23 18 46 44 248 276 39 325 73 21 259 36 621 26 12 16 372 25 559 29 20 11 27
internal_value=6.39841e-05 -0.0196479 -0.0371113 0.0086503 0.00666926 0.0199052 0.00957821 -0.00168381 -0.00179812 0.00958709 -0.00574148 0.0316858 -0.0127948 -0.0243188 0.01291 -0.00712702 0.000567902 0.056204 0.0141552 0.00743357 -0.0444585 -0.0476116 0.0447071 0.0491594 -0.0506362 0.0889291 -0.0529981 -0.0582865 -0.0569915
internal_weight=323.049 98.0203 49.7028 225.028 216.029 84.2819 59.5052 48.3175 131.747 64.73 38.2194 26.5106 67.0168 46.2722 20.7446 45.0066 38.5413 8.99955 56.1676 34.5149 44.3537 42.7951 24.7766 23.0885 40.6627 5.4148 6.46535 4.02635 4.56246
internal_count=3383 1061 637 2322 2243 1088 674 424 1155 614 292 322 541 364 177 406 338 79 644 285 605 593 414 397 577 43 68 53 47
is_linear=0
shrinkage=0.05


Tree=58
num_leaves=28
num_cat=0
split_feature=26 23 36 15 59 59 63 70 35 60 9 67 78 23 42 41 35 73 65 74 73 42 10 56 25 55 39
split_gain=13.6972 12.3344 6.43792 5.68525 5.04286 8.18719 7.76473 7.1993 6.8162 5.85683 4.66831 4.48137 8.56421 4.94685 5.00828 4.35982 6.00317 4.82665 5.08902 4.57106 4.98009 3.61935 2.78732 1.15104 0.857415 0.344616 0.0500877
threshold=0.33669436679612269 -0.0023267352691172523 0.1089654732204495 -0.011829128077099958 0.00074900439360742351 0.00087900822780740426 0.0020789741814675662 0.73644926370699937 0.32783071453478407 0.00029569755637085795 0.00099006932916734258 0.77681264037891595 0.37940952255126054 0.008360614922835909 46.412461253802924 25.343752806641316 0.67195901492612264 4.8295550649649357 0.0053543650318465504 8.4697782156790336 6.381996291620796 59.006621840871304 -0.00028992657374216074 -0.00056940970038160449 45.348542981347855 65279.741005506883 63614.121587667825
decision_type=2 2 2 2 2 2 2 2 2 2 2 2 2 2 2 2 2 2 2 2 2 2 2 2 2 2 2
left_child=3 15 -3 -1 7 6 -6 8 -4 -9 11 12 22 21 -15 23 19 18 -18 -17 -21 -13 -5 -2 -19 -14 -7
right_child=1 2 4 10 5 26 -8 9 -10 -11 -12 13 25 14 -16 16 17 24 -20 20 -22 -23 -24 -25 -26 -27 -28
leaf_value=0.0438105619034687 -0.019039590478134978 -0.064592113314261124 0.032518444577545165 0.023761034614830673 0.035882463764308141 0.054822705500799054 -0.044091080272773413 -0.04938943575618765 -0.0088912973519732867 0.039226548608971082 0.056171729829331309 -0.024991756552968938 -0.025770157629620108 0.025147354399598656 -0.047894771160355822 -0.065281803970780136 0.035045876745263958 -0.049419530571142324 -0.028636768816848891 0.017004012869828673 -0.025595776253303788 0.036831828489489807 0.09220886919949467 -0.063672105476404214 -0.090559553251786037 -0.058220500780986222 0.066179005698646695
leaf_weight=4.2570722475647917 2.273436289280653 2.2896680645644656 17.222279716283083 3.6298650726675987 4.2730656750500229 2.4299257174134246 10.47627319395542 1.9304975010454644 23.49373541213572 54.599178237840533 2.2607339173555365 91.311797022819519 1.3028545901179316 10.55544216185808 3.0177829377353182 2.1489596776664248 4.1973577514290872 2.7854560837149611 12.419596198946236 37.994728809222579 8.3723850604146701 2.4303588680922976 2.5198225900530797 3.9619735255837432 2.3224744163453579 2.1991930268704891 1.6171200536191461
leaf_count=24 29 19 257 35 45 34 61 30 246 756 13 978 21 91 19 19 30 27 105 350 74 19 18 26 14 30 13
internal_value=6.14177e-05 0.00831942 0.0184338 -0.0129663 0.020072 -0.00363621 -0.0209218 0.0246545 0.00862442 0.0362003 -0.0149935 -0.016369 0.0162651 -0.0193041 0.00890764 -0.00733051 -0.00377355 -0.0256174 -0.0125509 0.00600785 0.00931188 -0.0233889 0.0518074 -0.047399 -0.0681251 -0.0461481 0.0593605
internal_weight=318.293 194.808 118.332 123.485 116.042 18.7964 14.7493 97.2457 40.716 56.5297 119.228 116.967 9.65174 107.315 13.5732 76.4764 70.241 21.7249 16.617 48.5161 46.3671 93.7422 6.14969 6.23541 5.10793 3.50205 4.04705
internal_count=3383 2135 1461 1248 1442 153 106 1289 503 786 1224 1211 104 1107 110 674 619 176 135 443 424 997 53 55 41 51 47
is_linear=0
shrinkage=0.05


Tree=59
num_leaves=31
num_cat=0
split_feature=21 75 22 6 62 5 37 38 32 37 21 38 69 69 41 65 31 60 22 43 66 43 0 76 43 46 45 7 66 28
split_gain=19.7434 7.64597 8.54614 8.24739 7.34428 6.92318 6.33904 8.61675 6.35986 6.25243 5.97297 7.19078 6.90496 6.69601 6.68488 9.86796 7.89205 5.88957 5.35064 5.09579 4.94217 3.90801 2.66641 2.17648 2.03507 1.57594 0.573815 0.550843 0.452154 0.0945805
threshold=-0.0015361486470858441 1.0000000180025095e-35 0.0016837022465089337 2477.5000000000005 3.7922260992584519e-05 432185.00340930006 65655.201459787946 64732.026841969935 64833.672831721728 63061.162809835914 0.00065107709692036064 64111.326887419018 0.21877963667421782 0.94453556756172763 48.667146870438337 0.0065230293261917026 -12.366173433186098 0.0005149976560856075 0.00035293348625620174 79.214254117791185 0.93880990482576088 77.960541067399546 63208.000000000007 55.500000000000007 36.336448139153177 0.083490156781852232 6509.5690932276148 15.496920000000001 0.97262305319114761 0.72927333057450439
decision_type=2 2 2 2 2 2 2 2 2 2 2 2 2 2 2 2 2 2 2 2 2 2 2 2 2 2 2 2 2 2
left_child=4 20 10 22 21 -5 7 8 9 -6 11 13 -13 -3 16 -16 -12 18 -8 -7 24 28 -4 -24 -2 27 -26 -9 29 -1
right_child=1 2 3 5 6 19 17 25 -10 -11 14 12 -14 -15 15 -17 -18 -19 -20 -21 -22 -23 23 -25 26 -27 -28 -29 -30 -31
leaf_value=-0.054935832260345312 0.10951751355392397 -0.013422845360843703 -0.017973521770562467 -0.059422845703193332 0.035900038761651785 0.004137586809779964 -0.055751052613158769 -0.055554664591483151 0.053729550016558103 -0.019186051660175386 -0.070539364786884121 0.025605205573317635 -0.031072987164622382 0.044302509995297265 0.0094022036573089083 -0.05291240723552984 0.035317654828296893 0.06922130876300954 0.049994033010434258 0.038599860355353142 -0.0068836606066398969 0.013392347004943767 0.053260758107579735 -0.003962433056368459 0.029770080576619402 -0.016638422898811595 0.069898990126315161 -0.021819598449688782 -0.024842038047777491 -0.068024215060484297
leaf_weight=14.957555226981649 2.7480120658874494 11.178649608045818 1.6179305724799657 3.4828952327370635 6.0018443018198004 40.498457215726376 2.807403448969124 13.99644146859646 4.1152978241443625 36.342975445091724 1.8918578252196336 6.2296001128852359 39.109213437885046 9.1240417286753637 27.843582231551409 8.2312740087509138 25.401049291715026 4.3609760850667953 2.0844680741429329 14.591391699388621 2.418433640152216 2.4523935317993155 20.135439325124029 1.8111627623438824 1.5749133601784708 3.7926063723862162 2.0509188920259476 1.3245684057474125 1.2405575141310681 1.5206097029149521
leaf_count=233 14 104 16 31 44 418 36 212 25 385 10 39 325 73 195 47 362 30 12 225 20 12 373 25 19 28 26 14 17 13
internal_value=6.05742e-05 0.00828821 0.00638584 0.0189926 -0.0189881 0.0089432 -0.0117699 -0.0172366 -0.00561124 -0.0113783 -0.00164059 -0.0122112 -0.0232853 0.012519 0.0093093 -0.00481625 0.02798 0.026972 -0.0106922 0.0132654 0.0539735 -0.0457644 0.0439717 0.0485384 0.0770646 -0.0454949 0.0524686 -0.0526381 -0.0539521 -0.0561436
internal_weight=314.937 219.939 211.147 82.1373 94.9977 58.5727 74.8266 65.5737 46.4601 42.3448 129.009 65.6415 45.3388 20.3027 63.3678 36.0749 27.2929 9.25285 4.89187 55.0898 8.79228 20.1711 23.5645 21.9466 6.37384 19.1136 3.62583 15.321 17.7187 16.4782
internal_count=3383 2322 2243 1088 1061 674 786 708 454 429 1155 541 364 177 614 242 372 78 48 643 79 275 414 398 59 254 45 226 263 246
is_linear=0
shrinkage=0.05


Tree=60
num_leaves=31
num_cat=0
split_feature=21 65 70 39 44 64 70 32 65 42 59 70 30 10 29 22 29 21 58 60 5 9 69 22 74 46 28 42 69 14
split_gain=18.215 6.96053 5.65494 7.35602 9.00505 6.57823 11.3987 7.81695 6.30295 9.41021 6.03514 5.72471 5.85243 4.92887 6.27673 4.07873 5.96674 7.16458 5.26036 10.1999 3.62195 5.51986 3.47985 3.36363 3.38791 4.28571 3.17904 3.15016 1.58558 1.43618
threshold=-0.00012719995235843659 0.0051212294767676624 0.72800661068983807 63582.133281874121 5776.8184549999778 0.002722310411420356 0.76929084704796036 64627.720207833721 0.0071270624802084641 24.397349022697757 0.00046183546158899523 0.89426896074808193 -21.468581905170698 -0.00065100151265212725 -71.951767141472359 -0.00067788921431788374 56.10280770576356 0.0023304553898807483 0.00036427233388519386 0.00029435289247814656 763232.25671650015 -0.00074142971707658034 0.88673030497483918 0.00043243047974428356 15.60976977424709 0.028171946651022729 0.82158001360683641 49.821718429490915 0.91513455294532398 -0.0018684155120320398
decision_type=2 2 2 2 2 2 2 2 2 2 2 2 2 2 2 2 2 2 2 2 2 2 2 2 2 2 2 2 2 2
left_child=2 -2 8 4 27 11 10 -8 23 -10 -7 -5 -13 14 -3 16 17 -15 -17 -20 22 -22 -16 -1 -25 -26 -11 28 -4 -6
right_child=1 13 3 5 29 6 7 -9 9 26 -12 12 -14 15 20 18 -18 -19 19 -21 21 -23 -24 24 25 -27 -28 -29 -30 -31
leaf_value=-0.054094049043178452 0.054586459324747275 0.048523187151376469 -0.061514461457741858 -0.046742347748106441 0.097256706165982365 -0.0063373069807873888 -0.03044944814931666 0.0050100258630765022 0.076293537651015611 -0.071501066183616513 0.084783415879998228 0.055327806232191239 -0.036501084950043748 -0.007881856480000695 0.035176899089695714 0.053839638638669911 -0.080089123302871323 0.056877011822540749 -0.11579336317444672 0.017671012853561038 0.0029492729704023272 -0.052250970476286906 -0.016685858149446745 -0.057846821363805194 0.047196796173968214 -0.040558170400621429 0.006168441386374993 0.024826595536185506 -0.0025005118905366899 0.048551463162548547
leaf_weight=18.225750759243969 8.9046820793300849 4.4668609276413909 2.5535811968147737 20.007556691765789 2.9839281141757965 2.8205355778336516 28.7306162789464 33.858353689312935 3.136683337390421 2.6636706627905369 5.1081066131591797 3.2196128107607365 3.7629602327942839 22.290261007845409 5.5943825170397776 9.9138178844004852 2.2537008039653292 5.2833666838705531 1.4589818082749832 76.106840584427118 7.8210623115301159 10.758757315576075 7.6669991202652454 3.1532925330102426 3.0329881608486176 2.5703873261809349 2.6067506521940231 4.1558281630277634 2.0534959882497787 3.0715530999004832
leaf_count=266 169 27 23 271 17 35 284 310 17 28 30 21 46 174 37 225 14 67 13 978 45 63 53 35 17 23 18 27 20 30
internal_value=5.80628e-05 0.0116085 -0.01265 -0.00715877 0.0256636 -0.0121468 -0.00411234 -0.0112672 -0.030079 0.00772358 0.0523681 -0.0331387 0.00584054 0.00911719 -0.00698137 0.0140999 -0.00186686 0.00452655 0.019544 0.0151606 -0.0147679 -0.0290148 0.00519271 -0.0418575 -0.0163887 0.00694173 -0.0330857 -0.00673771 -0.0352104 0.0725517
internal_weight=310.235 162.52 147.716 112.326 14.8184 97.5077 70.5176 62.589 35.3895 8.4071 7.92864 26.9901 6.98257 153.615 36.3081 117.307 29.8273 27.5736 87.4796 77.5658 31.8412 18.5798 13.2614 26.9824 8.75667 5.60338 5.27042 8.76291 4.60708 6.05548
internal_count=3383 1865 1518 1114 117 997 659 594 404 63 65 338 67 1696 225 1471 255 241 1216 991 198 108 90 341 75 40 46 70 43 47
is_linear=0
shrinkage=0.05


Tree=61
num_leaves=31
num_cat=0
split_feature=21 35 46 59 30 70 74 33 6 63 0 23 75 31 74 70 28 39 45 64 5 25 22 11 49 49 28 29 30 25
split_gain=17.1557 11.1876 7.72789 7.09343 10.1613 8.01046 7.43538 6.77699 7.02334 6.57235 6.32041 6.2115 9.29786 6.58065 5.9243 5.46155 4.70242 4.44307 8.27292 3.96462 3.56004 3.43026 1.90634 1.77576 1.30142 1.93227 0.769098 0.581612 0.256273 0.0932157
threshold=-0.0015361486470858441 0.50003405913669097 0.25184916219825765 0.00076594623916438696 -50.81805461937477 0.78955009865230341 62.373376388539604 65474.409250000004 6808.5000000000009 0.0025569861059292634 65925.425000000017 -0.0023267352691172523 1.0000000180025095e-35 -12.865819712628756 67.025372689727917 0.70506604798245831 0.70655085015786334 63582.133281874121 5802.8681953841487 0.0052885885569241156 2528547.8848378002 45.971858215859548 0.0058916604816688931 -0.00049607034567100683 0.90699549508547561 1.2536813759458036 0.36090267154391492 -54.388510267872327 41.759322843930242 27.363862376637467
decision_type=2 2 2 2 2 2 2 2 2 2 2 2 2 2 2 2 2 2 2 2 2 2 2 2 2 2 2 2 2 2
left_child=1 2 17 6 20 -6 9 8 -7 11 14 12 -2 -13 15 -3 -17 18 -1 23 -5 -21 27 -11 26 -26 -8 -19 -27 -16
right_child=3 10 -4 4 5 7 24 -9 -10 19 -12 13 -14 -15 29 16 -18 22 -20 21 -22 -23 -24 -25 25 28 -28 -29 -30 -31
leaf_value=-0.059466601168367876 0.085971201178757561 -0.057253889062341169 0.02161990030216001 0.060595200150498102 0.046257569206825812 -0.045285942803820207 0.09854728613347738 0.050063005218191917 0.03728598659384507 0.11817202649507452 0.067180612145242055 -0.027834334640719872 -0.015428270378232321 0.016893399624276637 -0.042477524360261358 0.00079439967135454216 0.057364365763453842 -0.031941775453488051 0.059062797109249492 -0.020909047590717784 -0.016421500507240037 0.047537622053908518 0.0040539447612309683 0.055962086562802507 0.0014218377207083086 0.061083407320875187 0.056017098475929873 -0.054844481897794929 0.03567624261415276 -0.056224139432627808
leaf_weight=3.0978764146566382 2.3943847604095927 3.5587564073503009 5.195428565144538 5.8658839948475352 3.8345073349773875 25.914154224097736 1.5051139518618564 2.4185804016888133 2.8594037517905226 1.4571230560541151 3.1865850836038581 9.0251030400395376 40.505374226719141 92.582981223240495 1.7480159886181343 29.252592030912638 4.2011659145355216 3.0591206364333585 2.8051653504371643 3.3602517358958721 2.0161945931613445 4.0207280702888966 1.5502411350607861 5.39156208001077 2.6498104631900787 3.6602902300655842 3.6186638735234737 29.539054125547413 1.361738786101341 4.1873600520193577
leaf_count=34 25 53 32 58 39 192 9 28 26 8 18 73 351 1181 21 259 26 50 23 21 16 64 12 91 29 44 47 486 20 47
internal_value=5.41121e-05 -0.0180871 -0.0357527 0.00778472 -0.0103974 -0.0219397 0.0123329 -0.0303233 -0.0370803 0.00937739 -0.000761308 0.00618481 -0.00976881 0.0129206 -0.00580236 0.00163412 0.00789853 -0.043195 -0.00314063 0.0417993 0.0408947 0.0163767 -0.050119 0.0691978 0.0489984 0.0359669 0.0685104 -0.0526952 0.0541942 -0.0521757
internal_weight=305.823 91.3814 45.2469 214.442 42.9087 35.0266 171.533 31.1921 28.7736 158.738 46.1345 144.508 42.8998 101.608 42.9479 37.0125 33.4538 40.0515 5.90304 14.2297 7.88208 7.38098 34.1484 6.84869 12.7956 7.67184 5.12378 32.5982 5.02203 5.93538
internal_count=3383 1061 637 2322 359 285 1963 246 218 1814 424 1630 376 1254 406 338 285 605 57 184 74 85 548 99 149 93 56 536 64 68
is_linear=0
shrinkage=0.05


Tree=62
num_leaves=29
num_cat=0
split_feature=21 65 26 31 23 39 55 64 32 15 61 9 71 24 23 30 0 61 15 47 22 21 25 25 56 61 63 43
split_gain=15.9719 6.28237 5.96041 4.32339 4.95977 6.41764 9.84072 7.8591 6.70769 7.82295 3.70174 3.52696 3.63358 3.57175 3.36694 3.51494 2.56011 4.06191 3.28403 1.58188 1.43521 0.137317 0.040938 0.019765 0.0174545 0.00185507 0.00117327 0.00106916
threshold=-0.00049736631271762855 0.0051212294767676624 0.85257020940999828 -43.623419479371172 -0.016135671453120001 63774.482983030983 63730.606449841238 0.004247484112766417 64333.282413073313 -0.010367814933541218 0.00061967541144401686 0.00099006932916734258 0.00068439062630987213 69.135597628690519 0.008360614922835909 -60.321133448442417 65169.900000000009 0.0004508497551177374 0.0068944268575719123 1.3356954690121918 -0.0019335836723472497 0.00016251337919570566 47.072265473555966 42.732794413974112 -0.0050856429583018671 0.00062944693006112054 0.0016341255137899667 66.863778635770714
decision_type=2 2 2 2 2 2 2 2 2 2 2 2 2 2 2 2 2 2 2 2 2 2 2 2 2 2 2 2
left_child=3 20 11 -1 24 6 7 -6 22 -10 16 12 13 -3 15 -12 18 -18 -4 -13 -2 -22 -7 -23 -5 -25 -26 -16
right_child=1 2 10 4 5 8 -8 -9 9 -11 14 19 -14 -15 27 -17 17 -19 -20 -21 21 23 -24 25 26 -27 -28 -29
leaf_value=0.05275563696988559 0.011759584127713527 -0.0016521375517803173 0.045427545682015506 -0.059390912452182698 0.017864038980669319 -0.054027249864964558 0.10253947699959942 -0.05865812811555169 0.062803668839212332 -0.016696114416392991 0.057165991071879564 0.064752897975770704 -0.049143826173271142 0.032771202725911129 0.054907805141087056 -0.0084468132275909488 -0.030030141797101825 0.057879028759717011 -0.052196660500354354 0.0053953071452235582 0.072344888394121107 0.05960992251892229 -0.063850882594905331 0.052095639046110011 -0.053430414425348682 0.05406364008870318 -0.055088439764355769 0.052997766998375245
leaf_weight=2.3767703771591178 2.2919950298964968 102.33299095183611 21.18186708167196 2.7085575610399246 13.723897419869905 9.8387506902217847 2.6357247754931441 4.4411773793399325 3.2248281463980666 76.519693937152624 2.3061890080571237 3.0468038916587821 3.7530470974743357 8.1345587335526925 1.1000286526978009 17.762785356491804 3.4431482572108498 2.1249853000044823 0.89797543734311958 1.7771165780723093 1.1674070954322795 1.2325096726417539 1.1886559948325146 4.250911133363843 2.1346277035772792 1.6669999919831751 2.1332783885300159 2.1938065122812986
leaf_count=12 24 814 478 23 118 173 12 52 20 863 25 30 27 131 15 176 45 33 13 18 7 10 9 118 39 27 27 44
internal_value=5.03825e-05 0.0094641 0.00713518 -0.0140138 -0.0153525 -0.0127951 0.0122552 -0.000844858 -0.0185356 -0.0134812 0.0214352 0.0010076 -0.000761054 0.000882713 0.00678273 -0.000907039 0.0338167 0.00351893 0.0414572 0.0428858 0.0467922 0.0564455 -0.0550861 0.0538497 -0.0562515 0.05265 -0.0542592 0.0536357
internal_weight=301.591 180.665 170.055 120.926 118.549 111.573 20.8008 18.1651 90.7719 79.7445 51.0108 119.045 114.221 110.468 23.3628 20.069 27.648 5.56813 22.0798 4.82392 10.6098 8.31783 11.0274 7.15042 6.97646 5.91791 4.26791 3.29384
internal_count=3383 2035 1849 1348 1336 1247 182 170 1065 883 829 1020 972 945 260 201 569 78 491 48 186 162 182 155 89 145 66 59
is_linear=0
shrinkage=0.05


Tree=63
num_leaves=31
num_cat=0
split_feature=21 67 30 23 44 69 44 60 26 23 45 60 60 67 47 35 28 43 12 30 25 60 56 66 7 12 39 28 26 69
split_gain=14.8449 12.1421 7.83468 6.88673 8.79357 6.81917 5.92645 5.60978 4.89883 4.43342 4.79128 7.89013 7.25609 3.95752 3.82127 3.8198 5.53118 3.76811 3.30094 4.53404 2.94605 2.82854 2.78305 0.308429 0.202091 0.0756808 0.0285993 0.0142241 0.00440768 0.00156987
threshold=0.00098919180514622806 0.85021479816920265 88.153230794695375 0.0058526209172746766 7163.8421249999819 0.23380554948883331 8310.6170699999911 0.00028862353511936207 0.18358771706271351 -0.016135671453120001 6821.5980289811678 0.00045494093181693587 0.00053762800479808062 0.93082398134833111 0.81880275224087173 0.72453656890209228 0.016527870124612303 16.574592246382789 0.00085459763115292031 23.509336616474361 41.848679253912394 0.00051313956766198341 0.0057124707665663606 0.96807123200803025 22.068635000000004 7.7261238908610266e-05 66677.928133913709 0.075526900410108275 0.56974469066811773 0.88509582764903083
decision_type=2 2 2 2 2 2 2 2 2 2 2 2 2 2 2 2 2 2 2 2 2 2 2 2 2 2 2 2 2 2
left_child=7 6 3 4 5 -3 26 23 15 17 11 -11 -12 -6 -4 18 -17 -10 19 -9 -5 -18 -22 25 -19 29 27 -2 -29 -1
right_child=1 2 14 20 13 -7 -8 8 9 10 12 -13 -14 -15 -16 16 21 24 -20 -21 22 -23 -24 -25 -26 -27 -28 28 -30 -31
leaf_value=-0.053559538427994983 0.057927105490794606 -0.067811754229288659 -0.014754438239329426 0.0049137780776004336 0.053435307350912647 -0.0010765765742337887 -0.070136510681251346 -0.019608274812131166 0.012480611366230451 0.029221791516117646 -0.025672845784005773 -0.0039260622520350145 0.024231302306903974 -0.022389235593923695 -0.088196105070907582 0.07828905106722743 -0.034436887233874947 -0.053435919691045386 0.0218137758541226 -0.057314051138651893 0.055023820404833605 0.025626358742373762 -0.025493033177887016 -0.030877267556850409 -0.073743567998060131 -0.066958204614281189 0.061988240802820754 0.054153896073196685 0.052422164066311616 -0.055737545107990463
leaf_weight=2.704054586589336 1.5263327732682324 4.1811405625194302 4.7105807885527602 5.329200595617297 10.173562118783591 45.310968287289143 1.0130479484796513 33.169140782207251 2.6367844939231855 28.816960858181119 28.795521235093474 47.613970661535859 9.7504161521792394 2.0711954515427342 2.8384309783577919 2.2325141429901114 4.9198527634143812 3.7337938398122787 3.4971004053950301 10.495581761002539 13.159892538562415 3.2582524567842484 1.1685114912688721 1.2868592068552969 1.8233493603765962 1.6662538945674894 0.99218603223562141 5.087725734338167 13.227475620806215 1.1920768357813356
leaf_count=47 15 27 31 28 159 487 5 510 27 249 252 415 83 20 17 12 49 49 23 130 217 22 13 22 15 10 7 83 343 16
internal_value=5.06707e-05 0.0145627 0.00635919 0.0108785 0.00267172 -0.00671443 0.0479614 -0.00852001 -0.00683685 -0.00120905 0.00132331 0.00857176 -0.0130493 0.0406096 -0.0423685 -0.018877 0.00853495 -0.0367431 -0.024928 -0.0286715 0.0366527 -0.010507 0.0484575 -0.0529366 -0.060099 -0.05804 0.0537039 0.0532897 0.0529032 -0.0542259
internal_weight=298.383 110.79 88.9435 81.3945 61.7369 49.4921 21.8468 187.592 180.743 123.171 114.977 76.4309 38.5459 12.2448 7.54901 57.5724 10.4106 8.19393 47.1618 43.6647 19.6576 8.17811 14.3284 6.84924 5.55714 5.56239 20.8337 19.8415 18.3152 3.89613
internal_count=3383 1452 999 951 693 514 453 1931 1836 1090 999 664 335 179 48 746 83 91 663 640 258 71 230 95 64 73 448 441 426 63
is_linear=0
shrinkage=0.05


Tree=64
num_leaves=30
num_cat=0
split_feature=21 35 46 79 22 6 35 70 58 61 63 29 1 21 74 70 44 69 67 39 44 44 39 76 22 29 28 32 73
split_gain=14.175 10.439 7.36911 6.34304 6.98192 7.6225 7.4231 8.63123 7.46484 5.92637 6.83464 7.41643 5.85033 5.7855 5.52489 5.11773 7.15542 5.4795 4.73406 4.13166 8.31724 3.94048 2.65244 2.01949 1.83949 0.610072 0.489293 0.097506 0.00209127
threshold=-0.0015361486470858441 0.50003405913669097 0.25184916219825765 0.98296291314453421 0.0016837022465089337 2477.5000000000005 0.35129024571130485 0.78895761735595304 0.00085079796881710015 0.00093672717609884378 0.0012987543289029373 54.606282317003213 65962.925000000017 0.0027711582178752141 67.025372689727917 0.91229231970636093 5497.987314999993 0.95427661571699907 0.87897021072499604 63582.133281874121 5776.8184549999778 6614.8626999999879 62955.042178959418 55.500000000000007 0.0058916604816688931 -54.388510267872327 0.31294921090052236 64170.692903926814 3.657932009811967
decision_type=2 2 2 2 2 2 2 2 2 2 2 2 2 2 2 2 2 2 2 2 2 2 2 2 2 2 2 2 2
left_child=1 2 19 4 9 22 7 -7 -8 10 11 -2 14 -12 15 16 -3 -17 26 20 -1 -11 -6 -24 25 -21 -5 -16 -29
right_child=3 12 -4 18 5 6 8 -9 -10 21 13 -13 -14 -15 27 17 -18 -19 -20 24 -22 -23 23 -25 -26 -27 -28 28 -30
leaf_value=-0.059273909643726946 -0.015159135119472861 0.033571109007810872 0.021415428830748064 0.10089960467085279 -0.031825039735763304 0.028775074671301942 0.039610494788419902 -0.047458898201688929 -0.0042133914058018846 0.0013395916475976658 0.0032443800893084359 -0.11643523036164621 0.065937134396896288 0.051092443345915332 -0.041154173390568149 -0.0046002671793503869 -0.022231663493316414 0.083741585066684859 0.00821155007236536 -0.030349166538444456 0.061899805260248235 -0.070477812052727129 0.051633196061601133 -0.0053311982843097135 0.0038225722905780302 -0.054475453934405428 0.068229003799131924 -0.056906607078800145 -0.054595813006729443
leaf_weight=3.0577723309397689 19.354041509330276 7.8843025043606785 5.1557212844490996 2.2051357552409154 1.1321486756205583 5.7027109805494574 20.936814175918698 10.641156407073138 18.132966380566359 3.0721970424056035 86.149674952030182 1.9939114823937405 3.1281512156128874 6.8175515849143258 1.6185452640056599 3.4404125325381747 21.168205548077822 3.5836547389626503 3.7523431982845068 2.899795804172757 2.6377170234918594 5.0488611869513988 18.444216320291165 1.6992092579603184 1.543209135532378 27.178702568635348 2.3861082457005978 1.9451175369322302 1.9714577570557592
leaf_count=35 218 50 32 15 10 86 334 98 156 27 765 10 18 106 21 30 241 17 39 50 22 29 379 25 12 486 25 20 27
internal_value=5.20972e-05 -0.0168617 -0.0346159 0.00716208 0.00537248 0.0172024 0.0074349 -0.0208593 0.0192711 -0.00203732 0.000894681 -0.0246184 -7.09605e-06 0.00675321 -0.00496444 0.00217189 -0.00708784 0.0404714 0.049872 -0.0423572 -0.00315547 -0.0433093 0.0426425 0.0468279 -0.0494179 -0.0521495 0.0839204 -0.0514773 -0.0557434
internal_weight=294.682 87.2128 42.4729 207.469 199.125 76.6892 55.4136 16.3439 39.0698 122.436 114.315 21.348 44.7398 92.9672 41.6117 36.0766 29.0525 7.02407 8.34359 37.3172 5.69549 8.12106 21.2756 20.1434 31.6217 30.0785 4.59124 5.53512 3.91658
internal_count=3383 1061 637 2322 2243 1088 674 184 490 1155 1099 228 424 871 406 338 291 47 79 605 57 56 414 404 548 536 40 68 47
is_linear=0
shrinkage=0.05


Tree=65
num_leaves=31
num_cat=0
split_feature=21 35 46 59 30 70 74 0 6 33 74 70 25 14 42 79 6 15 77 39 44 68 7 22 6 25 29 35 32 60
split_gain=13.0648 9.87684 6.98241 5.94381 9.11244 7.09017 6.78855 5.36801 5.23339 6.09541 5.20697 4.89721 4.85702 7.55986 9.01749 6.29893 6.1081 5.78073 4.25243 3.96306 7.68346 3.63406 3.59616 1.80298 1.27242 0.633307 0.62826 0.449045 0.102469 0.0481492
threshold=-0.0015361486470858441 0.50003405913669097 0.25184916219825765 0.00076594623916438696 -50.81805461937477 0.78955009865230341 62.373376388539604 65925.425000000017 6808.5000000000009 65459.989750000001 67.025372689727917 0.70506604798245831 68.529137795653114 -0.00028658168936790401 18.486054803818618 -0.9159756150367534 4505.5000000000009 -8.6675874845121279e-05 4.5000000000000009 63582.133281874121 5776.8184549999778 0.00063286425589759176 17.236970000000003 0.0058916604816688931 6091.5000000000009 43.241078798613607 -54.388510267872327 0.30017304205934531 64170.692903926814 0.00066008573481713859
decision_type=2 2 2 2 2 2 2 2 2 2 2 2 2 2 2 2 2 2 2 2 2 2 2 2 2 2 2 2 2 2
left_child=1 2 19 6 22 -6 12 10 9 -7 11 -3 13 14 -2 -15 21 -18 -13 20 -1 -14 29 26 25 -8 -21 -27 -12 -5
right_child=3 7 -4 4 5 8 24 -9 -10 -11 28 18 16 15 -16 -17 17 -19 -20 23 -22 -23 -24 -25 -26 27 -28 -29 -30 -31
leaf_value=-0.058824081252661309 0.06078667058100018 -0.05657133973498385 0.0203304678300479 0.056141957568540318 0.045094132699043048 -0.04301619993668046 0.088908748432550588 0.063668144054872242 0.036435782907637486 0.038067863561613693 -0.040233162325015698 0.0024346776384242736 0.045968524452705939 -0.044116632095598768 0.0072817403614811038 -0.0016386975411138444 -0.061784607973873022 0.015069222383841644 0.067599165507079118 -0.029479132292169898 0.058812287845597291 -0.06364694636857858 -0.019796588740224434 0.0036270431348920996 0.016932771731694964 0.026747028180616712 -0.05425832090166105 0.056742230446841159 -0.055436723631910205 0.065514906308132767
leaf_weight=2.9303225465118876 9.4738731067627651 3.2387144565582267 5.1592262536287299 2.7473126128315917 3.6246452815830699 24.996614169329412 1.2738705500960339 3.0789154022932044 2.7839796841144553 2.554656282067298 1.5739624351263035 29.899404972791672 20.157431188970808 10.661490283906458 46.654112784191966 48.105882581323385 2.9842104408890036 13.585710514336823 2.7323265224695197 2.8377136979252127 2.6373946070671082 0.78558434545993705 1.850595951080322 1.5450337082147587 2.6589526869356623 1.5460051335394362 25.954028116539124 6.4675968401134014 3.745650190860033 2.7334264852106571
leaf_count=35 76 53 32 35 39 190 8 18 26 30 21 267 500 92 440 471 26 198 18 50 22 11 18 12 27 19 486 95 47 21
internal_value=4.89947e-05 -0.0163983 -0.0340603 0.00687377 -0.0100854 -0.020999 0.0111345 -1.49821e-05 -0.0288962 -0.0354978 -0.00477523 0.00207079 0.00828947 0.00318924 0.0163129 -0.00934498 0.0239106 0.001228 0.00789104 -0.0418759 -0.00310043 0.0418568 0.040468 -0.0489924 0.04743 0.0561612 -0.0518161 0.0509555 -0.0509383 0.0608166
internal_weight=290.979 85.3327 41.0637 205.646 41.2912 33.9599 164.355 44.269 30.3353 27.5513 41.1901 35.8704 152.408 114.895 56.128 58.7674 37.5129 16.5699 32.6317 35.9045 5.56772 20.943 7.33134 30.3368 11.9464 9.28747 28.7917 8.0136 5.31961 5.48074
internal_count=3383 1061 637 2322 359 285 1963 424 246 220 406 338 1814 1079 516 563 735 224 285 605 57 511 74 548 149 122 536 114 68 56
is_linear=0
shrinkage=0.05


Tree=66
num_leaves=31
num_cat=0
split_feature=21 65 70 39 44 67 70 65 69 79 9 73 10 29 41 59 23 23 14 15 70 66 67 62 14 53 39 11 75 27
split_gain=12.3415 5.13026 4.49119 5.9365 7.22219 5.66387 5.35774 5.52974 5.22509 4.70689 4.32028 4.23812 5.08797 4.33696 4.13537 6.66569 4.28701 3.8032 3.76804 3.27103 2.58226 5.48637 1.74133 5.36259 1.20932 0.801958 0.520956 0.0193356 0.00314468 0.00124615
threshold=-0.00021426771200661052 0.0051212294767676624 0.72800661068983807 63582.133281874121 5776.8184549999778 0.7652401680635964 0.5666228974065235 0.0071270624802084641 0.21877963667421782 -0.9159756150367534 -0.0010773092940703497 1.6883788318544568 -0.00052688004398315769 54.606282317003213 37.619264168105708 0.00043156851667885287 -0.0090982218040563927 0.0058526209172746766 -0.0012234216170282084 0.0034096801732429465 0.84255366235430162 0.89656981496529553 0.76864231247372405 5.1669114980659179e-05 -0.0018684155120320398 0.32369309031325882 65435.894502166113 -0.00021933695999576394 13.500000000000002 0.52428877947681629
decision_type=2 2 2 2 2 2 2 2 2 2 2 2 2 2 2 2 2 2 2 2 2 2 2 2 2 2 2 2 2 2
left_child=2 26 6 4 20 -5 7 19 -7 -10 18 12 -12 -14 16 -16 -13 22 -3 28 21 -4 23 -8 -6 -24 27 -2 -1 -29
right_child=1 10 3 5 24 8 17 -9 9 -11 11 14 13 -15 15 -17 -18 -19 -20 -21 -22 -23 25 -25 -26 -27 -28 29 -30 -31
leaf_value=-0.052336177330704559 0.058602524352238353 0.014721329017018121 -0.045768788685011101 0.071477770740128066 0.091840991829014854 0.061964742625624826 -0.056786896158356616 0.083093845141434267 0.012417657673251896 -0.01994964788649321 -0.052609158525064516 -0.065447666727663473 0.019547616778403915 -0.029791969919891012 -0.067428246382795529 0.010878112988903964 0.034028374009971621 0.014297712225359655 -0.051394550560141229 0.032490072663188228 -0.052203121545083157 0.05254528731824331 -0.028016537509708679 0.057176765987457891 0.045301416446964046 -0.057992224612452785 0.016070421814198103 0.054022801609793225 -0.05585649414151922 0.05208974983736564
leaf_weight=1.5562624186277418 1.7359368111938236 3.5121064707636833 2.4317473061382753 2.0428419262170783 2.7643847167491913 2.2775779627263537 3.0890606679022374 1.9482056349515913 13.362412383779882 70.453601939603686 5.250095151364806 1.1268843784928346 13.078907869756224 6.7537187784910193 2.812245560809969 80.778959734365344 27.857750974595547 2.9956056028604499 5.5768786147236806 1.8893057927489278 2.1769009903073311 3.4074257649481297 2.6461788639426258 1.5502880364656446 2.8195422850549212 14.230720367282627 1.0409897379577158 1.0513726156204928 1.0709346644580362 4.0274057723581791
leaf_count=39 16 19 22 12 17 20 46 9 120 828 31 7 183 76 22 800 541 23 36 11 22 26 31 9 30 217 21 18 13 118
internal_value=4.73102e-05 0.00964842 -0.0111375 -0.00606203 0.0246852 -0.0108065 -0.0278067 0.0126843 -0.012759 -0.0147895 0.00754107 0.0097455 -0.00884068 0.00274572 0.0138866 0.00824366 0.0301609 -0.0384857 -0.0258465 -0.0176871 -0.00572537 0.011602 -0.0458345 -0.0187047 0.0683413 -0.0532922 0.0490146 0.054047 -0.0537712 0.0524899
internal_weight=287.316 154.603 132.713 101.736 13.6 88.1364 30.9766 6.46471 86.0936 83.816 146.748 137.659 25.0827 19.8326 112.576 83.5912 28.9846 24.5119 9.08899 4.5165 8.01607 5.83917 21.5162 4.63935 5.58393 16.8769 7.8557 6.81472 2.6272 5.07878
internal_count=3383 1888 1495 1097 117 980 398 72 968 948 1715 1660 290 259 1370 822 548 326 55 63 70 48 303 55 47 248 173 152 52 136
is_linear=0
shrinkage=0.05


Tree=67
num_leaves=31
num_cat=0
split_feature=21 41 59 60 60 70 76 60 58 26 23 45 60 60 34 29 43 35 28 10 60 12 60 76 66 7 25 24 25 63
split_gain=11.5643 7.72096 6.26623 6.33332 6.35698 8.51477 6.91173 4.99555 4.40439 4.12112 3.79206 4.18142 6.93557 6.17043 3.60783 3.91583 3.45549 3.33557 4.76465 2.8802 7.02492 3.26911 2.56064 1.94445 0.320501 0.19433 0.0621475 0.0542578 0.0367787 0.00152606
threshold=0.00098919180514622806 37.619264168105708 0.00042540415815023298 0.00043714077560995856 0.00047822972200029017 0.83657107027417055 34.500000000000007 0.00028862353511936207 0.00052696216541299283 0.18358771706271351 -0.016135671453120001 6821.5980289811678 0.00045494093181693587 0.00053762800479808062 63201.476204032515 -28.831851281891428 16.574592246382789 0.72453656890209228 0.016527870124612303 -0.00030555419499111997 0.00039447536350949993 0.00085459763115292031 0.00051313956766198341 1.5000000000000002 0.96753620653804961 25.305655000000005 49.089060075075217 51.635234374446966 33.826504616723682 0.0010560955730729506
decision_type=2 2 2 2 2 2 2 2 2 2 2 2 2 2 2 2 2 2 2 2 2 2 2 2 2 2 2 2 2 2
left_child=7 14 -3 8 5 -5 -6 24 -4 17 16 12 -12 -13 -2 -16 -11 19 -19 21 -21 -9 -20 -17 27 -18 -10 29 -25 -1
right_child=1 2 3 4 6 -7 -8 9 26 10 11 13 -14 -15 15 23 25 18 22 20 -22 -23 -24 28 -26 -27 -28 -29 -30 -31
leaf_value=-0.055103700730593008 -0.028033759112211665 -0.061897647032641383 -0.034934118050982538 -0.0068368625611282072 -0.0047123315131429077 -0.10844560881093755 0.032511768954158825 -0.033683980885480511 0.064580922184417786 0.013104579136037801 0.02826020442539047 -0.024043536144223596 -0.0034728353716021497 0.022899848626770764 -0.012270325429713647 -0.0056847241048557781 -0.052375927971050396 0.072495248962172992 -0.033432239294831564 0.075855438998941482 -0.027330337843783178 0.02307034267834995 0.024670133511164195 0.060655548645427285 -0.028514852381905761 -0.07346735477300835 0.053853632371694819 -0.065577868593180044 0.052434731122728721 -0.053039113524716214
leaf_weight=1.7482516914606088 2.0106211788952377 3.3239123933017245 1.5591450631618489 8.1326766423881036 33.049101451411843 2.7620660737156859 20.027130555361509 33.552741942927241 1.625284768640993 2.4711819030344477 27.434045221656561 27.81041843816638 46.241663578897715 9.3548455554991943 2.9680016506463351 1.5154911372810591 3.4191077463328838 2.2511951550841314 4.6992112584412098 2.3728205729275933 5.4106853902339935 2.7448727265000334 3.1791558340191841 1.4665834754705454 1.1952519342303274 1.6046727299690244 7.9758282750844955 1.4263071939349172 18.813367018476129 1.8339830134063957
leaf_count=25 25 29 14 79 311 14 237 549 11 27 249 252 415 83 27 25 50 12 49 26 69 19 22 12 23 14 141 9 527 38
internal_value=4.50258e-05 0.0131955 0.00528357 0.00825576 0.00219229 -0.032597 0.00933335 -0.00769659 0.0430118 -0.00611165 -0.000881562 0.00144591 0.00834335 -0.0122274 0.0363797 0.0416096 -0.0353019 -0.0175283 0.00834449 -0.0234738 0.0041261 -0.0293921 -0.0099862 0.0489467 -0.0517787 -0.0591129 0.0556696 -0.0573305 0.0530292 -0.0540467
internal_weight=283.98 105.229 78.4551 75.1312 63.971 10.8947 53.0762 178.75 11.1603 172.547 118.336 110.841 73.6757 37.1653 26.7741 24.7634 7.49496 54.2107 10.1296 44.0811 7.78351 36.2976 7.87837 21.7954 6.20379 5.02378 9.60111 5.00854 20.28 3.58223
internal_count=3383 1452 836 807 641 93 548 1931 166 1836 1090 999 664 335 616 591 91 746 83 663 95 568 71 564 95 64 152 72 539 63
is_linear=0
shrinkage=0.05


Tree=68
num_leaves=31
num_cat=0
split_feature=21 58 63 75 21 15 30 21 26 21 2 67 46 21 11 52 59 41 14 43 44 46 61 36 46 24 44 25 26 25
split_gain=10.8311 5.90334 6.43801 5.43551 5.17985 4.88207 8.45817 5.80117 4.8503 4.59694 4.58098 4.53806 4.46944 4.03527 3.75165 3.77949 3.71772 3.94452 3.44665 2.67902 2.29601 2.28641 2.15667 1.44411 1.33094 0.769618 0.266129 0.0433093 0.036927 0.0061684
threshold=-0.0015361486470858441 0.00060373253751889609 0.0013599481605087607 1.0000000180025095e-35 -0.0022400059784595801 -0.0011019515840002823 -40.332625705345592 -0.0018834243728789721 0.85257020940999828 -0.0014700963310746438 63894.465000000004 0.88552672068424299 -0.1337830482111228 0.00065107709692036064 0.0024799394197527751 0.75622863536750418 0.0010359009172052024 80.082306664335206 0.00033964051279578028 63.674464009572823 8099.3514499999901 -0.04348522923951658 0.0015130448214656291 0.31994710655350095 0.14968998880280701 38.278371636981007 6978.4449199999881 51.565668226030574 0.55381291157880819 36.75682182110851
decision_type=2 2 2 2 2 2 2 2 2 2 2 2 2 2 2 2 2 2 2 2 2 2 2 2 2 2 2 2 2 2
left_child=1 5 -3 11 10 23 -7 24 9 -5 22 25 -12 18 20 -16 17 -11 21 -20 -15 -10 -4 28 -8 -2 27 -6 29 -1
right_child=3 2 4 8 26 6 7 -9 13 16 12 -13 -14 14 15 -17 -18 -19 19 -21 -22 -23 -24 -25 -26 -27 -28 -29 -30 -31
leaf_value=-0.052809793860816925 0.10268056471616949 0.052187400157154354 -0.05515436242374569 0.081001997242965654 -0.054329984048061788 0.081524668651113005 -0.054321485947324548 0.024161126366324535 -0.0018392626342655016 -0.0023362413696660137 0.02829842384195725 0.0014698392856758585 -0.010755228776505914 0.04222701799268859 0.020803821039686955 -0.042929908548506118 -0.05333527385091219 0.032301239678115927 -0.05293226073356954 0.00090474709431778873 -0.016332454707131159 0.052542462897911951 0.0125083818005291 -0.0079408166221334349 0.0047389871936316863 0.061479968638018467 -0.033710333912017172 -0.064671793135245181 -0.059538576532510518 -0.056563544258128699
leaf_weight=12.003456447273495 1.9162112399935711 4.5923509448766699 5.2633579596877089 1.7157416716217984 3.3848522305488578 2.1311301067471513 8.2311189323663694 4.0576138403266642 4.4392864536494026 124.07836037501693 12.531679786741732 3.2545889914035797 17.636205755174164 22.81073031201959 8.6550877410918456 3.1810744460672131 3.3550281859934321 8.8025439791381341 4.166411988437174 5.1882223878055811 1.8064165338873852 3.4232347775250691 1.5171296894550321 1.8825982380658377 1.0789405703544606 2.7747953161597252 1.5672341398894785 1.4443087093532083 2.7314394712448111 1.2042083293199528
leaf_count=279 10 36 77 9 57 12 166 30 46 1214 111 36 178 553 140 42 34 67 24 58 10 46 11 19 11 33 20 10 30 14
internal_value=4.64023e-05 -0.0153423 -0.0041064 0.00631218 -0.0100707 -0.0315069 -0.0109839 -0.025732 0.00463188 -0.000329875 -0.00287902 0.0468355 0.00546758 0.0173853 0.0268075 0.00367481 -0.00135416 -4.17209e-05 -0.00256392 -0.0230734 0.0379299 0.0218378 -0.0400149 -0.049355 -0.047477 0.0783098 -0.051613 -0.057423 -0.0542465 -0.053152
internal_weight=280.825 81.2576 47.9371 199.568 43.3448 33.3205 15.4988 13.3677 191.622 137.952 36.9484 7.9456 30.1679 53.6705 36.4533 11.8362 136.236 132.881 17.2172 9.35463 24.6171 7.86252 6.78049 17.8217 9.31006 4.69101 6.3964 4.82916 15.9391 13.2077
internal_count=3383 1061 500 2322 464 561 219 207 2243 1324 377 79 289 919 745 182 1315 1281 174 82 563 92 88 342 177 43 87 67 323 293
is_linear=0
shrinkage=0.05


Tree=69
num_leaves=31
num_cat=0
split_feature=22 42 12 13 70 23 21 35 46 61 66 14 59 22 74 22 59 42 35 1 38 15 46 50 1 46 76 30 15 45
split_gain=10.1846 6.90526 7.48226 7.67321 6.73063 6.48532 5.09343 9.39638 6.86027 6.80727 6.28856 5.16061 5.50823 4.6339 5.24428 4.20071 4.04655 10.2568 3.99809 3.9144 7.5722 3.81749 5.02424 3.60095 3.33498 3.32951 4.38893 2.93796 2.77055 2.64911
threshold=0.0012915180167083486 22.741529647510742 0.0011690311349908946 0.00036630169646945104 0.77611860692841461 -0.0084124065747976911 -0.0015361486470858441 0.50003405913669097 0.25184916219825765 0.00093672717609884378 0.62358239748214805 -0.0062559353799319086 0.00057153767650798613 0.0012727370202528789 20.951393906740183 0.00045009944420892905 0.00081665126350355009 33.96935220680966 0.34170603378170011 63386.275000000009 62925.868327786658 -0.010367814933541218 -0.14621855272379822 0.77157937206342908 65701.005000000019 -0.27995713361846708 34.500000000000007 -65.569254121231708 -0.0043959111174642343 6657.50154027192
decision_type=2 2 2 2 2 2 2 2 2 2 2 2 2 2 2 2 2 2 2 2 2 2 2 2 2 2 2 2 2 2
left_child=6 28 3 25 -5 -4 7 8 19 10 15 21 24 14 -12 -8 18 -18 -7 20 -1 22 -9 -6 -13 -3 -27 -14 -2 -11
right_child=1 2 5 4 23 16 9 11 -10 29 13 12 27 -15 -16 -17 17 -19 -20 -21 -22 -23 -24 -25 -26 26 -28 -29 -30 -31
leaf_value=-0.057890723843971294 -0.03877724859160811 0.07109959766988655 -0.051552272695891826 0.022426200251284126 -0.095197561523793175 -0.013419719950496968 -0.064998106812564724 0.045275086121529362 0.018674212992736482 -0.005413940886449072 -0.0051632897182434159 -0.04442200045341195 -0.014447626475951034 -0.045472518183823571 0.018053955483199057 0.012560658306723647 0.056060583452224977 -0.063845575031207302 0.043005528038635894 -0.051291345847717898 0.081368976859566552 -0.054549402440654031 -0.055736320896604657 -0.031429906666754881 0.037983281899414509 -0.014318849777346824 0.036153274617097907 0.037922351094982071 0.05164452648824152 -0.068386835908001611
leaf_weight=2.274044368416074 0.90427551418542762 1.9247124083340192 2.7421125564724198 3.0458922069519749 4.4873752500861865 3.5664070434868362 5.3896839246153823 3.0405606478452682 5.0445280820131293 2.5515045747160903 41.777469551190734 5.1314148791134384 3.2794548682868507 4.1651030331850043 58.213356887921691 2.5822744630277157 3.464763566851615 3.6753492578864098 26.219873229041696 26.322066355496645 1.7102764323353765 5.9480640552937967 2.0685136914253235 4.3697453029453754 1.6139545962214468 13.176276503130795 6.3989774025976649 14.603827018290756 13.409631304442881 4.8343332782387733
leaf_count=32 6 14 24 51 29 82 46 19 32 24 415 90 25 28 572 24 43 29 502 545 12 89 25 36 12 118 61 113 256 29
internal_value=4.18085e-05 0.0141755 0.00795468 -0.00948116 -0.0416886 0.0226366 -0.00643981 -0.017043 -0.0353138 -0.000137459 0.00292514 0.00105627 0.0137964 0.00620103 0.00835349 -0.0398753 0.0281458 -0.00566071 0.0362496 -0.0443001 0.00188674 -0.0273211 0.00437854 -0.0637372 -0.024705 0.00834983 0.00218004 0.0283187 0.0459322 -0.0466323
internal_weight=277.936 87.3854 73.0715 33.403 11.903 39.6685 190.55 71.0367 35.3509 119.514 112.128 35.6858 24.6287 104.156 99.9908 7.97196 36.9264 7.14011 29.7863 30.3064 3.98432 11.0571 5.10907 8.85712 6.74537 21.5 19.5753 17.8833 14.3139 7.38584
internal_count=3383 1251 989 309 116 680 2132 994 621 1138 1085 373 240 1015 987 70 656 72 584 589 44 133 44 65 102 193 179 138 262 53
is_linear=0
shrinkage=0.05


Tree=70
num_leaves=31
num_cat=0
split_feature=21 67 14 56 76 69 81 44 26 13 65 64 76 69 83 15 83 34 65 21 79 13 22 12 38 76 46 0 73 55
split_gain=9.75231 8.31235 5.46229 6.31041 5.96544 5.44271 5.41326 7.76947 5.14407 5.05858 6.2092 3.67603 6.34661 4.21501 4.36889 5.24836 4.11357 5.84508 3.43737 3.37304 3.35751 3.1569 6.24742 2.77798 3.13185 4.05191 3.4827 2.74945 2.61015 2.58727
threshold=0.00065107709692036064 0.8249567824984062 0.0045154915194057796 0.0018187543823666868 9.5000000000000018 0.97295801815391869 1.0000000180025095e-35 6424.9923649999955 0.18358771706271351 0.0022598039839234478 0.0059685132223071691 0.002722310411420356 25.500000000000004 0.17852730739509329 1.5000000000000002 -0.010367814933541218 1.5000000000000002 64837.439895827752 0.0058950217298557846 0.00078654059059057879 0.91597561503675351 -0.0042636301227426112 -0.0021043783312049698 0.00085459763115292031 63755.925178857244 14.500000000000002 0.25184916219825765 64518.995000000003 1.6188238747536363 64748.395876948452
decision_type=2 2 2 2 2 2 2 2 2 2 2 2 2 2 2 2 2 2 2 2 2 2 2 2 2 2 2 2 2 2
left_child=8 19 3 9 -4 -5 27 -8 21 10 -3 12 -10 -13 20 -16 29 -18 -11 -2 -15 22 28 24 25 -23 -26 -6 -1 -14
right_child=1 2 4 5 6 -7 7 -9 11 18 -12 13 16 14 15 -17 17 -19 -20 -21 -22 23 -24 -25 26 -27 -28 -29 -30 -31
leaf_value=0.021627547540019013 -0.041831076720385996 0.02712311723564334 0.04643472059555457 0.048860195437177373 -0.024230951043609169 -0.049825405915800904 -0.037220517238651399 0.054595684799091687 -0.048556408383147655 -0.049469279359061057 -0.0069691182369039624 0.05850019326186863 0.057083044995613279 -0.046398464550718395 0.064316681109253773 0.0032200974726700362 -0.038708137270795327 0.019490126222501611 0.0088783033153829894 0.052910954479347752 0.016440914084403121 0.055853934011622357 0.060138362757971499 0.0090218673195662461 -0.043132685225196532 -0.025792655806973659 0.042422693813793266 -0.09008548854418845 -0.044986505762144302 -0.0071901870712843437
leaf_weight=2.1655716430395842 1.0091971866786469 28.23651054315269 3.0998138040304211 14.803529510274531 2.611282059922817 1.5427715815603722 6.8505598772317153 3.4716891702264547 10.117023233324288 6.4897199310362321 25.342363165691495 3.4470842257142058 4.0524297207593944 7.3274462521076185 3.7510530203580847 55.865315919741988 10.164274677634241 7.4960634410381308 4.1308910399675369 13.594322016462682 2.9942916594445705 2.0935155823826781 3.3241707962006313 4.6881470605731002 27.503164881840352 5.5428779982030392 1.2432603575289238 4.0325269978493452 4.5818109698593616 2.5516253188252449
leaf_count=20 11 304 36 295 27 13 64 56 109 57 289 33 31 93 27 503 107 60 60 354 30 20 23 32 534 73 10 24 67 21
internal_value=3.69337e-05 0.0111126 0.00599599 0.0118109 -0.0173453 0.0395462 -0.0289984 -0.00633991 -0.00799334 0.00474898 0.0109978 -0.0017961 -0.0152876 0.00452474 0.00186442 0.00706429 -0.00141617 -0.0140054 -0.026775 0.0463637 -0.028169 -0.0210521 0.00403379 -0.0272037 -0.0318716 -0.00340926 -0.0394325 -0.064202 -0.0236067 0.0322496
internal_weight=274.124 115.215 100.612 80.5458 20.0659 16.3463 16.9661 10.3222 158.909 64.1995 53.5789 107.767 34.3814 73.3852 69.9381 59.6164 24.2644 17.6603 10.6206 14.6035 10.3217 51.1425 10.0716 41.071 36.3828 7.63639 28.7464 6.64381 6.74738 6.60406
internal_count=3383 1590 1225 1018 207 308 171 120 1793 710 593 1014 328 686 653 530 219 167 117 365 123 779 110 669 637 93 544 51 87 52
is_linear=0
shrinkage=0.05


Tree=71
num_leaves=26
num_cat=0
split_feature=22 6 4 9 60 24 10 50 63 28 58 29 24 12 0 64 57 57 70 70 23 66 76 25 9
split_gain=9.04877 6.88121 5.9443 4.75064 4.25023 3.92193 3.87845 4.12114 3.53015 4.40164 3.31847 5.71108 4.40694 3.29953 3.2173 3.08652 4.05425 4.17667 3.69703 4.99974 3.05162 1.60982 1.0998 0.920805 0.362492
threshold=0.0012915180167083486 2477.5000000000005 6.6098500000000007 0.00015518822259197321 0.00029738393794821537 75.040889998813526 0.0031857994070295663 3.5570630024461609 0.0021507794981516456 0.12459995335814852 0.00085079796881710015 72.378703224530923 60.910817721718225 -0.0010617057761015956 62951.000000000007 0.0027881677797967843 0.00037230853167374947 0.00039478213664238696 0.92114192953222351 0.9175157782620994 -0.0035236844140260066 0.77535546732442862 55.500000000000007 40.757745718632854 -0.0002788756420796234
decision_type=2 2 2 2 2 2 2 2 2 2 2 2 2 2 2 2 2 2 2 2 2 2 2 2 2
left_child=3 13 -3 5 -4 15 7 8 9 -5 12 -12 -6 -2 -15 16 21 -18 19 -17 -10 -1 23 -16 -20
right_child=1 2 4 6 10 -7 -8 -9 20 -11 11 -13 -14 14 22 18 17 -19 24 -21 -22 -23 -24 -25 -26
leaf_value=0.0010167991943146513 -0.0014170490309536135 -0.059233676577808425 -0.066646826907481138 -0.024545939146147232 0.0028690476312684993 -0.089181673552046814 -0.05965269137449708 0.060313871010530706 -0.028230774755760003 0.020908559547174316 0.025610245356668934 -0.027018113023182314 0.038900284863030155 -0.042027476360426863 0.019532142063315355 -0.0033504298635930393 0.045536810381308114 -0.017013735390840598 -0.058580597903893861 0.082414158462380344 0.0065917650599114546 -0.051389939196456985 0.0061488979447961462 0.057212674156202195 -0.027436380517793263
leaf_weight=1.683797102421521 4.7269879579544094 3.4445778746157876 1.8256538081914175 6.4066850803792468 17.27006808295846 1.634035738185047 2.2922992203384629 3.376586463302373 12.64508011005819 31.574091700837016 8.9580335281789321 12.141914673149584 16.685211535543203 1.004347108304503 1.8121329620480597 59.580684956163168 2.8969031553715459 33.886082800105214 2.9577087089419365 1.7491944804787625 12.521275872364638 11.295107606798409 1.3357992824167002 15.399108324199913 1.3656943701207627
leaf_count=27 39 34 24 76 171 12 15 37 122 368 86 100 353 9 19 701 32 404 37 12 102 170 24 392 17
internal_value=3.73102e-05 0.0135926 0.00454642 -0.00613293 0.0084088 -0.0122622 0.00429233 0.00649577 0.00361802 0.0132412 0.0108977 -0.00467462 0.0205744 0.0360701 0.0451335 -0.0111732 -0.0205651 -0.0120875 -0.00405458 -0.000904331 -0.0109052 -0.044591 0.0498534 0.0532454 -0.0487426
internal_weight=270.469 84.6038 60.3255 185.865 56.8809 117.049 68.816 66.5237 63.1471 37.9808 55.0552 21.0999 33.9553 24.2784 19.5514 115.415 49.7619 36.783 65.6533 61.3299 25.1664 12.9789 18.547 17.2112 4.3234
internal_count=3383 1251 768 2132 734 1412 720 705 668 444 710 186 524 483 444 1400 633 436 767 713 224 197 435 411 54
is_linear=0
shrinkage=0.05


Tree=72
num_leaves=31
num_cat=0
split_feature=21 41 60 59 22 69 70 59 63 21 75 30 60 62 21 67 41 30 67 59 45 30 61 59 45 68 49 25 62 67
split_gain=8.68747 5.20033 6.06826 5.04123 6.42808 6.00303 5.7342 7.82749 7.49034 5.12227 6.18972 4.99172 4.92607 4.8886 4.04615 3.96249 5.51279 3.637 3.36496 7.34485 4.19589 2.99849 1.82716 1.26483 0.954545 0.371699 0.254087 0.207394 0.0694521 0.0544281
threshold=0.00012546110965605542 22.701418017615705 0.00029738393794821537 0.00049802092795908084 -0.0019335836723472497 0.21877963667421782 0.7010510276913221 0.00054980958864431597 0.0013599481605087607 -0.0019437419569583445 11.500000000000002 24.967935419488949 0.00039574719462028284 6.3841494439171735e-05 0.0033246318340278695 0.75525098545611968 48.667146870438337 -4.4477557563261927 0.90693981071833407 0.00042540415815023298 7644.4261055469733 4.2919835758285876 0.00039127050245691552 0.00047769078080842244 7606.4640881356418 -0.00039320278916554757 3.1966472526921557 58.90714119038082 6.7803638740511872e-05 0.88799976612292053
decision_type=2 2 2 2 2 2 2 2 2 2 2 2 2 2 2 2 2 2 2 2 2 2 2 2 2 2 2 2 2 2
left_child=3 24 14 4 23 21 27 13 -9 -6 17 -12 18 -8 22 -14 -17 -11 20 -20 -4 -5 -3 25 28 -1 -27 29 -2 -7
right_child=1 2 12 5 9 6 7 8 -10 10 11 -13 15 -15 -16 16 -18 -19 19 -21 -22 -23 -24 -25 -26 26 -28 -29 -30 -31
leaf_value=-0.024445082366512331 0.053966553419626931 -0.062516740176791472 0.051914914475913926 0.087692481007334178 -0.052895805160089793 -0.055958513149878077 -0.00037797298016981642 0.055186096878171158 -0.012741448046575392 0.084303291022035529 0.00091910658028039225 -0.064043599705107174 -0.070718858784524621 0.062243702421104767 -0.10648290501864187 0.026395732172509317 -0.0014635960703902468 0.0090362522105486079 -0.059744431691043501 0.058440697320795224 -0.036832019666699398 0.013171041426964215 0.022363223490158679 -0.013190010208860209 -0.0086273133678870118 -0.055731507306256124 -0.027359481971354727 -0.07527144901168932 0.038845754696576668 -0.041568669055611081
leaf_weight=1.1538650374859596 6.9093611165881139 1.0353246275335544 13.63719690218568 2.613545134663581 5.1331139020621803 2.4506420530378814 5.6384069304913265 4.3248471319675437 65.861882427707314 2.9936245977878571 13.309793924912812 3.8017075322568408 1.7337188906967629 6.9680699817836285 1.8667908757925031 23.74743933416903 70.393293377012014 3.4600758682936457 2.745697706937789 2.5222286079078913 1.4760080724954594 2.7916533276438713 1.6357313450425861 2.4889779258519402 0.70078256167471398 12.877401525154706 0.84063215181231576 1.3570110648870466 0.85318244621157635 0.89789588563144196
leaf_count=23 186 8 299 16 124 37 71 32 686 20 115 27 15 57 12 449 635 42 26 43 14 26 37 37 18 255 19 8 23 23
internal_value=4.03166e-05 0.00937059 0.00671594 -0.00863825 -0.0221636 -0.00193278 -0.00509173 -0.00204023 -0.00855581 -0.00763542 0.00222347 -0.0135138 0.00893004 0.0342354 -0.0500075 0.00418461 0.00556405 0.0439498 0.0312529 -0.00315861 0.0432476 0.049204 -0.010537 -0.0461792 0.0472593 -0.0517004 -0.0539929 -0.0587823 0.0523046 -0.0520999
internal_weight=268.22 129.257 120.793 138.963 46.0592 92.904 87.4988 82.7932 70.1867 28.6983 23.5652 17.1115 116.256 12.6065 4.53785 95.8745 94.1407 6.4537 20.3811 5.26793 15.1132 5.4052 2.67106 17.3609 8.46333 14.8719 13.718 4.70555 7.76254 3.34854
internal_count=3383 1765 1538 1618 662 956 914 846 718 328 204 142 1481 128 57 1099 1084 62 382 69 313 42 45 334 227 297 274 68 209 60
is_linear=0
shrinkage=0.05


Tree=73
num_leaves=31
num_cat=0
split_feature=21 65 56 29 56 43 22 15 59 67 26 52 10 0 77 51 9 71 72 76 12 42 67 66 41 76 57 47 39 11
split_gain=8.04065 4.48064 4.11851 7.00157 6.699 6.61215 4.88319 6.57663 6.47968 4.15485 3.9937 3.71892 3.68023 4.22591 3.57929 3.81428 3.03391 3.6531 2.98566 2.69805 3.11667 3.12926 2.60411 2.54255 1.59986 3.99082 1.34836 1.21695 0.463233 0.0123895
threshold=-0.00021426771200661052 0.0051212294767676624 0.0021821821879221639 -16.457362244411339 -0.0012135678424041998 39.15942726815738 -0.0050453738056315802 -0.010367814933541218 0.00050025867821753395 0.8978029189696316 0.85257020940999828 0.6243805229369096 0.0015041733818168537 65169.900000000009 3.5000000000000004 -0.26200231968310095 0.00093576247925952771 0.00068439062630987213 0.00062866544258500959 56.500000000000007 -0.00027817546797403997 14.350719088002823 0.8249567824984062 0.66050436395084755 50.046671499618917 4.5000000000000009 0.00019301221142869614 1.3356954690121918 65435.894502166113 -0.00021933695999576394
decision_type=2 2 2 2 2 2 2 2 2 2 2 2 2 2 2 2 2 2 2 2 2 2 2 2 2 2 2 2 2 2
left_child=2 28 3 4 6 9 7 -1 -8 -6 16 24 13 26 15 -14 17 22 -15 20 23 -22 -3 -5 -4 -26 -12 -18 29 -2
right_child=1 10 11 19 5 -7 8 -9 -10 -11 12 -13 14 18 -16 -17 27 -19 -20 -21 21 -23 -24 -25 25 -27 -28 -29 -30 -31
leaf_value=0.0090415506402965855 0.057359130955637133 0.022319820390023077 0.068164739903241789 0.016189840781558353 0.075251261494650626 -0.037891440747306465 -0.027843628453587593 -0.053677629803455855 0.014296614554718088 0.011890665850993062 -0.006957705220380435 -0.020405375072061735 -0.034951624336440348 -0.047646975564590438 -0.04473535898058692 0.026075321255091918 0.058009009541322147 -0.053034795224509185 0.033260150217617281 0.020670156336587989 0.035635883543080886 -0.027573337162261388 -0.0028898406055675439 -0.056384897144741132 0.065212326000437082 -0.017354983233317949 0.047666378392182768 0.004048865514327339 0.015562514643389548 0.052104831233184157
leaf_weight=6.3820508792996433 1.5356661416590212 11.824919573962687 2.7047217227518541 1.3173303622752417 5.799605403095482 2.9386135637760153 14.272068142890928 12.111896300688384 25.28072059340775 4.6713981926441193 1.2126285405829609 4.3512692488729945 3.2635526899248388 2.446044221520423 3.272713726386427 11.88385891355574 3.1019834633916608 3.3081800658255807 2.136006023734808 2.4302751403301945 2.2183256894350079 16.68759042955935 76.616311814635992 14.383981499820946 2.7763330936431885 3.0948602110147476 16.527066288515925 1.5756214968860147 0.935725962743163 4.1642709486186495
leaf_count=56 16 191 24 26 35 30 268 246 236 44 35 33 48 33 33 215 34 23 35 17 21 147 650 263 19 30 401 17 21 136
internal_value=4.09516e-05 0.00804056 -0.00943335 -0.012612 -0.00346738 0.0283845 -0.0108256 -0.032034 -0.0009091 0.0469844 0.00609937 0.0172441 0.0192247 0.0328758 0.00268201 0.0129269 0.000553735 -0.00144881 -0.00993065 -0.0302547 -0.0338309 -0.0201567 0.000480784 -0.0502959 0.0363467 0.0216889 0.0439325 0.0398329 0.0481678 0.0535204
internal_weight=265.226 143.805 121.421 108.494 71.4564 13.4096 58.0467 18.4939 39.5528 10.471 137.169 12.9272 40.7419 22.3217 18.4201 15.1474 96.427 91.7494 4.58205 37.0375 34.6072 18.9059 88.4412 15.7013 8.57592 5.87119 17.7397 4.6776 6.63566 5.69994
internal_count=3383 1888 1495 1389 915 109 806 302 504 79 1715 106 800 504 296 263 915 864 68 474 457 168 841 289 73 49 436 51 173 152
is_linear=0
shrinkage=0.05


Tree=74
num_leaves=31
num_cat=0
split_feature=22 6 12 23 42 79 21 59 9 41 42 59 17 56 10 66 46 15 45 3 32 5 76 76 74 47 31 66 70 66
split_gain=7.68508 6.28688 5.02484 6.06362 5.49039 6.58425 6.67314 4.4185 4.55974 4.0505 3.90458 8.75415 3.80807 3.78947 3.55441 3.54137 3.36827 4.73654 3.50202 3.31162 2.681 2.52002 2.35132 1.56317 1.53039 1.0212 0.838391 0.0483935 0.00423447 0.000348158
threshold=0.0012915180167083486 2477.5000000000005 0.0013803433776320431 -0.0084124065747976911 46.412461253802924 0.78656609248549303 0.0020561031076088425 0.00094417061082029705 0.00015518822259197321 80.082306664335206 33.851108365698913 0.00081665126350355009 0.0034385385975256315 -0.0012135678424041998 0.00084766550053549949 0.6799552193522399 -0.15234481048998635 -0.0015867699102159458 5262.9371892108747 62909.055000000008 63860.669221130905 2190953.9062180505 55.500000000000007 38.500000000000007 35.414357638241803 2.7181420255743118 -12.865819712628756 0.9751123890050698 0.89426896074808193 0.96196904536168193
decision_type=2 2 2 2 2 2 2 2 2 2 2 2 2 2 2 2 2 2 2 2 2 2 2 2 2 2 2 2 2 2
left_child=7 13 4 -4 5 6 -3 8 9 16 25 -12 14 20 21 -16 17 -1 -18 -15 -2 -10 26 27 -11 -5 -21 28 -9 -30
right_child=1 2 3 10 -6 -7 -8 23 12 24 11 -13 -14 19 15 -17 18 -19 -20 22 -22 -23 -24 -25 -26 -27 -28 -29 29 -31
leaf_value=-0.014105411243713735 0.033944693214619681 -0.015410978647426339 -0.055494016482956612 0.0536658030789871 -0.077490714220620968 -0.073120306126034026 0.040242109879147926 -0.056600748508708866 -0.0049781490212510125 0.0026073845659551863 0.029214284293885437 -0.057978560230526555 -0.051961643040823569 -0.051135974791794082 -0.040661929226851995 0.031515818484422184 0.024094995837544948 0.022576873382099554 -0.022319624979967617 -0.00020472837291542179 -0.051378649841094221 0.031112197698155503 0.0014645045317269883 0.0020452137415141974 0.057408999434717473 -0.0037245591419728455 0.057576133378642175 -0.064710067630511028 -0.052619321362845299 -0.053829116062108363
leaf_weight=23.904565148055553 1.7322675865143566 14.380436563864359 2.5424428395926979 9.7153529077768326 2.7895940206944934 3.0175755880773059 8.6120127327740175 1.3489962816238397 34.300625454634428 2.3049423620104781 13.319030527025463 3.6723969541490069 2.6778998635709277 0.87554602511227386 1.8596922121942068 19.721291542053223 4.3480894416570655 13.927213901653884 62.190113253891468 0.65451576188207639 1.9650457333773372 5.6308593843132249 2.330131283029913 1.3891485407948492 2.8481723479926586 0.8423286974430092 15.378483587875957 1.6009334735572336 1.4521265961229803 1.0071567222476003
leaf_count=328 22 125 19 221 16 29 93 14 369 18 217 28 20 8 16 235 44 190 749 6 21 49 31 16 22 20 395 13 32 17
internal_value=3.88787e-05 0.0127495 0.00410037 0.0183886 -0.0108288 -0.00367924 0.00543435 -0.00572293 -0.00417539 -0.010377 0.025207 0.0103691 0.00640596 0.0349573 0.00894695 0.0252961 -0.0125136 -0.000601367 -0.0192866 0.0438669 -0.0114029 0.00011106 0.0483965 -0.0452659 0.0328967 0.049087 0.0552173 -0.0574159 -0.0543496 -0.0531148
internal_weight=262.339 81.8272 58.8912 30.0916 28.7996 26.01 22.9924 180.512 173.713 109.523 27.5491 16.9914 64.1904 22.936 61.5125 21.581 104.37 37.8318 66.5382 19.2387 3.69731 39.9315 18.3631 6.79836 5.15311 10.5577 16.033 5.40921 3.80828 2.45928
internal_count=3383 1251 768 505 263 247 218 2132 2040 1351 486 245 689 483 669 251 1311 518 793 440 43 418 432 92 40 241 401 76 63 49
is_linear=0
shrinkage=0.05


Tree=75
num_leaves=31
num_cat=0
split_feature=21 35 46 75 22 22 73 76 45 61 63 30 21 66 37 74 70 44 69 39 44 44 49 22 21 31 29 53 49 15
split_gain=7.18044 7.68183 6.02196 4.47709 4.65609 5.90957 5.24296 6.0641 5.44746 4.60948 5.6794 7.31785 4.73379 4.44905 4.33106 4.20396 4.32513 5.89596 4.14907 3.38689 5.87021 2.91319 2.55071 1.51382 0.943106 0.818581 0.731751 0.392392 0.0954391 0.00153761
threshold=-0.0015361486470858441 0.50003405913669097 0.25184916219825765 1.0000000180025095e-35 0.0016837022465089337 0.0033952364072360468 3.8023583538145238 35.500000000000007 7621.4321808038767 0.00093672717609884378 0.0012987543289029373 16.234506994817281 0.0027711582178752141 0.94649182157384937 65655.201459787946 67.025372689727917 0.91229231970636093 5497.987314999993 0.95427661571699907 63582.133281874121 5776.8184549999778 6614.8626999999879 4.0138049318173836 0.0058916604816688931 -0.00043791411260341023 -11.292808449573259 -54.388510267872327 0.33416870503939161 1.6957893303199219 -0.0088069059255350673
decision_type=2 2 2 2 2 2 2 2 2 2 2 2 2 2 2 2 2 2 2 2 2 2 2 2 2 2 2 2 2 2
left_child=1 2 19 13 9 22 8 -8 -7 10 11 -5 -12 24 15 16 17 -3 -18 20 -1 -11 25 26 -2 -6 -21 -26 29 -17
right_child=3 14 -4 4 5 6 7 -9 -10 21 12 -13 -14 -15 -16 28 18 -19 -20 23 -22 -23 -24 -25 27 -27 -28 -29 -30 -31
leaf_value=-0.057700471149470002 0.093038344791275707 0.029505777409584346 0.020361723050157557 -0.0051249848504435081 -0.0014812178076874865 0.025872180592946839 -0.027058337848471777 0.028579965643188432 -0.065588631522970536 0.00011832367584333518 0.0024826055834682123 -0.073652061938458829 0.04959549627120035 -0.019764638300425991 0.046168717836473389 -0.055315802067718162 -0.003395109815154577 -0.024353426887319965 0.075300899186821008 -0.023567520212461727 0.054181720874199105 -0.065913323149670827 -0.033737353723031972 0.0029904917113895216 0.026587300340660203 0.055149476521860433 -0.053494461322574766 0.063037049986725879 -0.037313993982445275 -0.053160869790887348
leaf_weight=2.3066404368728426 2.1311555057764053 7.3271245956420961 4.8931235298514357 13.825995948165657 0.67824719101190467 28.819904862903062 16.636544888839129 6.9403730537742367 1.7255091276019801 2.6589078903198233 80.413199430331588 5.4242354650050393 5.7103718724101773 2.0250382889062166 4.7971622124314299 1.5601321607828138 3.2166865393519393 16.578006636351347 3.4943503141403198 2.2726806513965192 2.3842009715735912 4.4926378019154072 0.943303666077555 1.4075081422924984 1.1395711153745645 10.783806635998186 20.174039667472243 2.0972295422106981 1.1232500933110712 1.7634521797299378
leaf_count=35 11 50 32 188 5 456 185 104 19 27 765 40 106 19 36 20 30 223 17 50 22 29 21 12 22 298 486 27 14 34
internal_value=4.36174e-05 -0.0132151 -0.0308878 0.00525608 0.0036817 0.0141678 0.0070333 -0.01068 0.0207056 -0.00251793 0.000118424 -0.0244342 0.0056064 0.0433865 0.00161031 -0.00448597 0.00211222 -0.00784513 0.0375809 -0.0396729 -0.000834419 -0.0413631 0.0452943 -0.0473103 0.06721 0.0517985 -0.0504644 0.0502043 -0.0499141 -0.0541724
internal_weight=259.744 73.2984 33.4382 186.446 179.053 66.5277 54.1223 23.5769 30.5454 112.525 105.374 19.2502 86.1236 7.39299 39.8602 35.063 30.6162 23.9051 6.71104 28.5451 4.69084 7.15155 12.4054 23.8542 5.36796 11.4621 22.4467 3.2368 4.44683 3.32358
internal_count=3383 1061 637 2322 2243 1088 764 289 475 1155 1099 228 871 79 424 388 320 273 47 605 57 56 324 548 60 303 536 49 68 54
is_linear=0
shrinkage=0.05


Tree=76
num_leaves=31
num_cat=0
split_feature=21 65 78 22 39 67 30 70 46 32 23 45 79 43 16 73 10 29 41 59 13 14 42 74 71 16 11 25 11 11
split_gain=6.77377 4.18062 3.6393 5.22351 7.4997 4.6844 3.63586 3.59915 3.93265 4.87585 4.40132 4.68282 4.07058 3.49913 3.25301 3.66113 3.82988 3.86938 3.06919 4.63307 3.79002 2.66475 0.987829 0.646927 0.424142 0.257511 0.013879 0.0108948 0.00978715 0.00951316
threshold=-0.00021426771200661052 0.0051212294767676624 1.0000000180025095e-35 -0.00038449532054518615 64752.997933595987 0.93306100482660359 31.180959175129853 0.92198308452777666 -0.18346086146416285 64506.241129305003 -0.010054157441443832 6821.5980289811678 -0.12940952255126037 12.626170247162543 -0.0010778900103259519 1.6883788318544568 -0.00052688004398315769 54.606282317003213 37.619264168105708 0.00043156851667885287 -0.0025382570538522438 -0.00035558513439770673 49.821718429490915 9.536046089969707 0.00023647692940631518 0.00027948549476591996 8.4139252373605103e-05 39.093193032740977 0.0010466950459512294 -0.00021933695999576394
decision_type=2 2 2 2 2 2 2 2 2 2 2 2 2 2 2 2 2 2 2 2 2 2 2 2 2 2 2 2 2 2
left_child=2 23 7 5 -5 22 26 8 9 13 24 -12 -11 -1 21 16 -16 -18 20 -20 -17 -3 28 -2 -10 27 -6 -9 -4 -25
right_child=1 14 3 4 6 -7 -8 25 10 12 11 -13 -14 -15 15 18 17 -19 19 -21 -22 -23 -24 29 -26 -27 -28 -29 -30 -31
leaf_value=0.051640961154991963 0.0021439560074505443 0.009560486967185252 -0.053328293929453423 0.057195515874285979 -0.052963813486649414 0.053831398921077182 0.040752408684220982 -0.053639821988596903 -0.057058253270126917 0.053680645608201495 0.0059705912926802914 -0.024519351639854598 0.0021640134819019235 -0.027862083985745842 -0.049004906317052205 -0.051841539021643124 0.017512950132903826 -0.031096464350106337 -0.055681929518812547 0.0092484736243904474 0.032130508931972578 -0.047019654518435067 0.00026737954900548782 0.056679398183292477 -0.024183925855063088 -0.029383376187756299 -0.058896893897648885 -0.059659438065312376 -0.058605296680816814 0.052071331393422626
leaf_weight=1.6848032139241711 0.6937258830294003 3.5003454387187958 13.067276928573849 3.8934476189315301 2.8085247781127691 1.1615588515996922 1.2844359092414377 1.8535564094781869 4.5902645308524361 9.0331441164016706 36.974600521847606 19.097597490996122 6.662612732499837 7.7514415830373764 5.0152112953364876 1.4273992404341722 11.639549003914 6.315131237730383 2.8521259576082221 74.780902720987797 22.923929260112345 5.1320124939084035 0.90315731987357217 1.5665622837841509 1.247886139899492 1.2715765014290807 1.5186882019042967 1.2644020244479177 0.94200313091278154 3.9293107995763421
leaf_count=12 20 20 299 31 64 10 10 34 69 82 370 227 95 107 31 8 183 76 22 800 540 35 17 18 16 17 13 14 8 135
internal_value=3.96473e-05 0.00746976 -0.00883604 -0.0255074 0.00387533 -0.0428824 -0.033119 -0.00417203 -0.00194429 0.0147365 -0.0087157 -0.00441396 0.0318126 -0.0136671 0.00560842 0.00765921 -0.0103747 0.000415746 0.011721 0.00686302 0.0272083 -0.0240769 -0.0504157 0.0476418 -0.0500315 -0.0483471 -0.0550461 -0.0560809 -0.0536831 0.0533848
internal_weight=256.787 139.776 117.011 25.5791 9.5051 16.074 5.61165 91.4319 87.0424 25.132 61.9103 56.0722 15.6958 9.43624 133.587 124.954 22.9699 17.9547 101.984 77.633 24.3513 8.63236 14.9124 6.1896 5.83815 4.38953 4.32721 3.11796 14.0093 5.49587
internal_count=3383 1888 1495 452 118 334 87 1043 978 296 682 597 177 119 1715 1660 290 259 1370 822 548 55 324 173 85 65 77 48 307 153
is_linear=0
shrinkage=0.05


Tree=77
num_leaves=31
num_cat=0
split_feature=21 67 34 30 61 36 59 69 75 60 43 12 76 21 31 61 12 0 62 46 63 29 9 69 67 66 25 45 28 41
split_gain=6.30594 9.72765 5.00639 4.99905 4.96241 6.368 5.65794 6.44545 4.75642 4.1055 3.39464 6.91399 5.35248 5.05369 4.45585 4.38933 5.72785 4.10889 3.84861 5.44068 3.67779 3.24604 3.12396 2.61144 1.14567 0.30032 0.0335419 0.0203659 0.00693603 0.00330458
threshold=0.00098919180514622806 0.85021479816920265 66626.874458637889 88.153230794695375 0.00056174474223232615 0.13377796442469372 0.00038278390719323122 0.23380554948883331 2.5000000000000004 0.00028862353511936207 35.701927360314741 -3.1213030349752639e-05 4.5000000000000009 -0.004414770304740522 -38.043032538030594 0.00068659080938440569 -0.00027817546797403997 64151.015000000007 0.00012513487841145319 0.070906146323627822 0.0010712836182200582 117.60734433831023 0.00046862151829452087 0.98908189333904162 0.8986436435638997 0.96753620653804961 47.306705223436076 8173.6301706060412 0.056711255234017356 51.69997963337368
decision_type=2 2 2 2 2 2 2 2 2 2 2 2 2 2 2 2 2 2 2 2 2 2 2 2 2 2 2 2 2 2
left_child=9 2 27 4 5 -3 -6 -8 -7 25 13 18 24 14 -11 16 -15 -14 20 -20 -12 -5 -17 -16 -13 26 -1 28 -2 -30
right_child=1 3 -4 21 6 8 7 -9 -10 10 11 12 17 15 23 22 -18 -19 19 -21 -22 -23 -24 -25 -26 -27 -28 -29 29 -31
leaf_value=-0.053253266832867942 0.056795254981673926 -0.029285404740831064 -0.058336709415154619 -0.067798072245570093 -0.085909495040271178 -0.017051894154544636 -0.066038959614311207 0.006127400618111116 0.042121013903326607 0.047433282518472418 0.047443129867358325 0.020359904923063568 0.016785987819541968 -0.0075750877981963782 -0.043462305311491617 0.015430077479243307 0.044319294977714155 -0.014304432422400449 -0.053169046511518193 0.042234273349782359 -0.04255519725023757 0.001959885609576364 0.060530743130497167 0.024456916341609326 0.070362037416507206 -0.025154548136870337 -0.063050291285648735 0.061336640974618217 0.051925105627760017 0.053863953880556495
leaf_weight=2.8223408460617057 0.92628494836389919 4.9879931770265129 1.0816615521907813 3.8955669701099387 2.0264565385878077 4.049671275541189 3.3914501797407857 35.280145863071084 21.04128398001194 1.939937189221381 1.1909132320433915 1.9175707288086403 15.041139638051389 30.791086571291086 10.401866851374505 10.156168257817628 6.4272146616131094 36.211556159891188 2.437912067398428 3.8613196052610874 24.248207593336701 2.9159389324486256 6.1733982376754275 1.6381366364657868 2.8454678077250719 0.95583622716367234 1.2653374299407003 0.701080761849881 10.722859700210391 2.764251420274376
leaf_count=63 11 29 6 25 16 86 22 400 398 13 15 27 169 416 190 98 59 308 54 28 373 23 45 15 26 23 9 5 382 49
internal_value=3.44119e-05 0.0103328 0.0455781 0.00297556 0.00691278 0.022313 -0.00446911 -0.000201498 0.0325705 -0.00598978 -0.0045478 -0.0110329 -0.000468634 0.0038797 -0.0228905 0.0108687 0.00138653 -0.00518032 -0.0296779 0.00531153 -0.038342 -0.0379354 0.0324804 -0.0342214 0.0502315 -0.050386 -0.0562859 0.0530147 0.0526099 0.0523225
internal_weight=254.11 93.7846 16.1961 77.5885 70.777 30.0789 40.6981 38.6716 25.091 160.325 155.282 87.7541 56.0157 67.5278 13.9799 53.5479 37.2183 51.2527 31.7384 6.29923 25.4391 6.81151 16.3296 12.04 4.76304 5.04351 4.08768 15.1145 14.4134 13.4871
internal_count=3383 1452 453 999 951 513 438 422 484 1931 1836 1000 530 836 218 618 475 477 470 82 388 48 143 205 53 95 72 447 442 431
is_linear=0
shrinkage=0.05


Tree=78
num_leaves=31
num_cat=0
split_feature=22 42 28 77 7 73 66 42 35 61 76 23 74 74 13 13 21 63 21 43 56 22 35 21 10 74 48 64 29 64
split_gain=6.1799 5.82876 4.20977 5.93448 6.11982 4.34627 4.10634 4.07793 4.07425 9.35466 4.66341 6.35272 3.70424 6.14964 6.09197 5.73068 5.3892 5.77375 4.90852 4.82394 4.45837 4.1289 5.71587 3.5459 3.09102 2.79203 2.5964 2.36616 2.32554 1.955
threshold=0.0012915180167083486 22.741529647510742 0.58577655926498229 3.5000000000000004 7.7647400000000006 4.2878367881913464 0.42832500662411516 46.412461253802924 0.36494843444186426 0.00062675189990834667 48.500000000000007 -0.00060541282270226693 21.197600286948539 23.240498732136885 -0.00075639377193076329 0.0023495255861795132 -0.00021426771200661052 0.0020317237462624525 0.00065107709692036064 39.650528225809971 -0.003472195227161687 -0.0031850154030703122 0.69705524806573638 -0.00043791411260341023 -0.0016846432969292999 13.050468360089232 1.039451601186163 0.0024397416197267595 103.60716071835488 0.0027343319727629943
decision_type=2 2 2 2 2 2 2 2 2 2 2 2 2 2 2 2 2 2 2 2 2 2 2 2 2 2 2 2 2 2
left_child=6 24 3 4 5 -3 -1 -6 9 23 28 -12 14 21 20 18 19 -18 -16 -15 25 22 -14 -4 -2 -8 -17 -22 -10 -23
right_child=1 2 8 -5 7 -7 12 -9 10 -11 11 -13 13 16 15 26 17 -19 -20 -21 27 29 -24 -25 -26 -27 -28 -29 -30 -31
leaf_value=-0.055389083785722326 -0.060656330871565536 -0.006118345967520371 -0.057819206074482904 0.059317000418501679 0.025865514284796071 -0.058090341342333908 0.031411777155703452 -0.037855597299862667 0.05002740826337107 -0.08326921479627096 -0.058867122658437632 0.052014461379108638 -0.0565285752336111 -0.0019746158077520097 -0.0050545903078585671 -0.065852610358227717 0.028746879278731471 -0.0091462365830807957 0.037949380297443387 -0.033573877342138236 -0.017245187462263206 0.02149747463495497 0.059003252999318939 0.053439494661573418 0.049698413602072639 -0.032775602299578654 -0.0076808979836798562 -0.055471449814996854 0.010147545757066797 0.071603183171007043
leaf_weight=3.9833883401006451 0.67171362414955993 7.4251928608864608 0.89238053932785977 3.0963803697377434 10.682702419348059 8.7786497548222524 3.787564896047118 3.2822478692978612 14.466438960284 2.9275318328291178 3.1157280933111906 2.2065929109230629 2.4324206691235295 33.503411803394556 19.817276792600754 4.1552569549530736 21.397596141323447 18.959960857406259 9.9757108185440284 18.886188969016075 5.7422813512384918 2.9873999357223493 1.9121914524585006 3.6261195493862024 11.466423060744999 3.0652946885675192 3.562906838953495 13.72176645696163 4.8916803672909728 5.5886417161673307
leaf_count=45 6 69 8 49 108 72 34 25 353 22 28 70 47 444 199 32 266 144 156 235 108 48 11 128 256 43 35 233 57 52
internal_value=3.52371e-05 0.0117708 0.00586422 -0.00660314 -0.0133689 -0.0342749 -0.00520953 0.0108888 0.0187735 -0.0136438 0.0285537 -0.0128965 -0.00403024 0.00171455 -0.0135408 -0.000602408 -0.00278755 0.0109447 0.00934461 -0.013366 -0.0319827 0.0340316 -0.00567962 0.0314665 0.0435915 0.00270066 -0.038999 -0.0441939 0.03995 0.0541492
internal_weight=251.009 77.5298 65.3916 33.2652 30.1688 16.2038 173.479 13.965 32.1265 7.44603 24.6804 5.32232 169.496 105.668 63.8281 37.5112 92.7472 40.3576 29.793 52.3896 26.3169 12.9207 4.34461 4.5185 12.1381 6.85286 7.71816 19.464 19.3581 8.57604
internal_count=3383 1251 989 323 274 141 2132 133 666 158 508 98 2087 1247 840 422 1089 410 355 679 418 158 58 136 262 77 67 341 410 100
is_linear=0
shrinkage=0.05


Tree=79
num_leaves=31
num_cat=0
split_feature=22 42 12 13 70 23 10 30 66 6 74 13 70 35 74 21 63 43 12 26 22 22 31 46 66 10 3 64 63 6
split_gain=5.69719 5.4806 5.42245 5.9384 4.87361 4.77224 3.86205 4.67018 3.84115 3.61126 3.39889 5.68195 7.88646 8.73053 5.65899 4.90088 5.29102 4.46934 4.1966 4.10112 4.06684 3.79226 5.82929 2.90729 3.88011 2.89217 1.97333 1.85705 1.38222 1.34667
threshold=0.0012915180167083486 22.741529647510742 0.0011690311349908946 0.00036630169646945104 0.77611860692841461 -0.0084124065747976911 0.0011574526561483058 64.456324858487022 0.42832500662411516 3673.5000000000005 21.197600286948539 -0.00075639377193076329 0.81016220731984301 0.40230440081356639 23.240498732136885 -0.00021426771200661052 0.0020317237462624525 39.650528225809971 -0.0052619755250616343 0.80088429563111896 0.0011295661596263387 -0.0031850154030703122 -23.097488735356904 -0.27995713361846708 0.98760641144724748 -0.0016846432969292999 62909.055000000008 0.0027343319727629943 0.0014384279263414533 5221.0000000000009
decision_type=2 2 2 2 2 2 2 2 2 2 2 2 2 2 2 2 2 2 2 2 2 2 2 2 2 2 2 2 2 2
left_child=8 25 3 23 28 -4 26 -8 -1 -6 11 18 13 -13 21 17 -17 -16 -10 -14 -20 22 -12 -3 -25 -2 -7 -23 -5 -27
right_child=1 2 5 4 9 6 7 -9 10 -11 14 12 19 -15 15 16 -18 -19 20 -21 -22 27 -24 24 -26 29 -28 -29 -30 -31
leaf_value=-0.05430149130522044 -0.060085394767871871 0.068752699862980465 -0.044247702762787548 -0.015889130543387746 -0.084277421097575744 -0.033773797686149659 0.024795501637702867 -0.039957747736404758 0.043340610106246097 -0.01608716314780493 0.058258196547303742 0.0052107705911258852 0.048044878047224286 -0.058259012553987792 -0.0018773777086865181 0.027704277342123121 -0.0086746255825029591 -0.032466580861918261 -0.045158894111412995 -0.0091665306112605691 0.013092352200018359 0.020558178385647788 -0.059336005762886945 0.010932901590128451 -0.053163982465648942 0.055592727295101951 0.043200135119331129 0.069698645398221556 0.0570156539606681 0.0039253683599808934
leaf_weight=3.8630859125405541 0.64487111940979858 1.7275056410580898 2.7060871794819823 1.3097478430718177 5.0823239684104902 0.8739712554961504 8.5603581396862847 4.1269336715340605 1.761778905987742 3.1418285109102726 1.9419243019074199 14.488618450239303 9.3767993245273811 8.6544845029711706 33.477458771318197 21.100440103560686 18.990412233397365 18.562197031453252 20.433380732312802 4.7037165705114594 3.5111863855272523 2.968203339725731 2.3044763039797536 14.942484859377151 2.8041696194559327 9.6440452318638545 17.603106655180454 5.4576579388231039 1.2909341305494306 1.4508869238197792
leaf_count=45 6 14 24 25 36 10 210 49 13 29 17 226 73 62 444 266 144 235 366 61 39 48 41 157 22 233 387 52 26 23
internal_value=3.74032e-05 0.0114429 0.00569641 -0.00967098 -0.0393609 0.0194434 0.0249739 0.00373251 -0.00500808 -0.0582271 -0.00387279 -0.013058 -0.000572605 -0.0185241 0.00164255 -0.00266647 0.0104722 -0.0127883 -0.0311372 0.0289329 -0.036617 0.0329702 -0.00555892 0.00683236 0.000804878 0.0428531 0.0395592 0.0523878 0.0202996 0.0488362
internal_weight=247.505 75.9093 64.1695 30.299 10.8248 33.8705 31.1644 12.6873 171.596 8.22415 167.733 62.93 37.2236 23.1431 104.803 92.1305 40.0909 52.0397 25.7063 14.0805 23.9446 12.6723 4.2464 19.4742 17.7467 11.7398 18.4771 8.42586 2.60068 11.0949
internal_count=3383 1251 989 309 116 680 656 259 2132 65 2087 840 422 288 1247 1089 410 679 418 134 405 158 58 193 179 262 397 100 51 256
is_linear=0
shrinkage=0.05


Tree=80
num_leaves=27
num_cat=0
split_feature=22 42 12 13 69 23 23 10 30 66 9 10 63 46 15 66 30 60 10 50 34 6 26 74 14 54
split_gain=5.23053 5.18177 4.98398 5.43883 4.50913 4.34625 3.85736 3.65789 4.21191 3.48736 3.32468 3.87242 3.95993 3.4257 3.76159 3.66415 2.85387 4.22669 2.7104 2.6979 1.93089 1.31751 1.17512 0.615377 0.357479 0.306601
threshold=0.0012915180167083486 22.741529647510742 0.0011690311349908946 0.00036630169646945104 0.80938820474963602 -0.0084124065747976911 0.015407209304822868 0.0011574526561483058 64.456324858487022 0.42832500662411516 0.00015518822259197321 0.0033587275225439588 0.0021507794981516456 -0.15234481048998635 -0.010367814933541218 0.66050436395084755 -40.332625705345592 0.00065399544272035765 -0.0016846432969292999 0.85858471486650889 63240.205483100101 5221.0000000000009 0.2519559708362577 36.254391714260997 -0.0012234216170282084 -0.58042149934900023
decision_type=2 2 2 2 2 2 2 2 2 2 2 2 2 2 2 2 2 2 2 2 2 2 2 2 2 2
left_child=6 18 3 16 22 -4 9 20 -9 23 13 12 -12 14 -11 -15 -3 -18 -2 -6 -7 24 -5 -1 -20 -26
right_child=1 2 5 4 19 7 -8 8 -10 10 11 -13 -14 15 -16 -17 17 -19 21 -21 -22 -23 -24 -25 25 -27
leaf_value=-0.03199808120730048 -0.059548032707085252 0.059903322553014886 -0.041486828476953945 -0.020512200623547215 -0.081907170485919695 0.0058029048390450758 0.073570535473673662 0.02401861356785899 -0.037333234226141383 0.056050777635369101 0.017339983782947394 -0.068269528673757532 -0.0090139700429801815 0.023641155594333014 -0.0024883443982203161 -0.020199583667785244 0.012213163154535597 -0.04927796432350421 0.027323286763505917 -0.023351832629485723 0.04690965804984569 0.0037341290278181667 0.046809430869658081 -0.072570677488162372 0.084832453234490623 0.054952564565997619
leaf_weight=1.785593105480074 0.61881549656391044 2.2174285594374004 2.7409320920705786 1.1186997145414346 4.5568680102005583 3.565294584259397 1.5553336143493641 8.3995449375361186 4.1944000441581002 2.9835559353232375 36.064690142869949 1.7628415301442135 23.5693788100034 5.1710701324045649 34.209925338625908 60.849337376654148 13.654181011021139 3.5137229599058619 1.0360798388719548 3.4613358229398727 14.374601019546388 1.4489827025681723 1.5412624971941111 1.960926478728652 0.97367305308580121 7.2598495595157155
leaf_count=31 6 26 24 12 34 42 10 210 49 19 472 9 224 59 516 778 142 25 16 38 355 23 32 14 15 202
internal_value=3.76009e-05 0.0110669 0.0054945 -0.0092613 -0.0379157 0.0188262 -0.00480972 0.0242404 0.00358545 -0.00553382 -0.00444817 0.00476505 0.00692402 -0.00992867 0.0022075 -0.0167657 0.00652261 -0.000372111 0.0421981 -0.0566297 0.0387403 0.0480722 0.018496 -0.0532338 0.055003 0.0584861
internal_weight=244.588 74.6757 63.3383 30.0635 10.6782 33.2748 169.913 30.5338 12.5939 168.357 164.611 61.3969 59.6341 103.214 37.1935 66.0204 19.3853 17.1679 11.3374 8.0182 17.9399 10.7186 2.65996 3.74652 9.2696 8.23352
internal_count=3383 1251 989 309 116 680 2132 656 259 2122 2077 705 696 1372 535 837 193 167 262 72 397 256 44 45 233 217
is_linear=0
shrinkage=0.05


Tree=81
num_leaves=31
num_cat=0
split_feature=23 22 30 58 31 35 41 70 67 62 22 61 69 56 27 24 67 23 67 64 58 29 41 22 67 43 24 22 10 58
split_gain=4.94972 4.67163 7.2024 6.53198 5.70639 7.24536 5.63628 5.52096 5.41408 4.55171 4.54519 3.98602 3.78185 4.7837 3.60343 4.35501 3.52458 3.47796 1.73569 1.45366 1.94931 1.08291 0.751737 0.361551 0.198546 0.19723 0.146867 0.0394985 0.0034004 0.00128438
threshold=0.009808787735547388 -0.0024234837707569619 -52.810105883216224 0.00085701654354382393 -12.366173433186098 0.48057704294124498 86.676941992146368 0.72800661068983807 0.84933461356541884 0.0001621479738602181 0.0016837022465089337 0.00038045758445847143 0.69259083506357644 -0.0021027912185680596 0.54771171828086385 63.641535091308477 0.8773731256927596 -0.0084124065747976911 0.88849388797972106 0.0030373061281831035 0.0005290113148222372 -29.809301013799992 55.133147303903222 -0.0027402213866828391 0.91493057540398526 18.890641272746844 49.7366789309905 -0.0037353679414005576 -0.00053880836743724892 0.00075951979650360922
decision_type=2 2 2 2 2 2 2 2 2 2 2 2 2 2 2 2 2 2 2 2 2 2 2 2 2 2 2 2 2 2
left_child=1 7 17 4 5 -4 16 19 9 11 -6 -9 24 -14 15 18 -5 -3 -2 23 21 -21 -19 26 -10 -24 -1 -16 -29 -30
right_child=14 2 3 6 10 -7 -8 8 12 -11 -12 -13 13 -15 27 -17 -18 22 -20 20 -22 -23 25 -25 -26 -27 -28 28 29 -31
leaf_value=-0.053430198812244104 -0.001089706564696296 -0.0013957497579965279 -0.04200788006860371 -0.00041485963388664153 0.001064278557326794 0.026569764106503468 0.038715592424952691 -0.017995758947580619 -0.056654269467992284 -0.057023060184504239 0.022660548992898977 0.061388058194969876 -0.026181589864859495 0.0082646453569739722 0.063536931244287567 -0.051269946180095921 -0.055909974835248948 0.033390797328560436 0.051995587912477562 0.051928654299785493 -0.057432510661024595 -0.021553759511393197 0.081386202732385768 -0.030870440217312931 -0.032526180014339198 0.061769445627769808 -0.068230123154701727 0.056466031011963916 0.05166867357059203 0.053275461719406995
leaf_weight=4.6200662385672322 2.8048899564892036 3.413232870399951 13.155626185238363 3.9020685814321068 76.136866132728755 5.4459379669278851 2.6054618917405596 2.1119613945484144 4.4802035540342322 1.3641722183674563 35.827884880825877 6.2934132423251867 19.083971614018079 21.360430283471946 1.0594381764531124 2.3974417708814144 10.725264981389044 2.1453920993953925 3.413953123614192 1.0343743842095139 1.6188259478658436 0.9730097316205496 1.8645575717091558 1.3791229538619507 1.0530154071748254 4.0962640680372715 2.6307818479835987 0.63962709438055654 2.1489444822072992 2.9524221178144217
leaf_count=115 37 31 201 37 902 47 24 57 76 22 771 59 271 217 8 17 83 33 36 15 36 25 10 24 19 38 15 8 91 58
internal_value=4.00172e-05 -0.00181935 0.00286355 -0.000104388 0.00371434 -0.0219306 -0.0290374 -0.0127905 -0.00611046 0.0276927 0.00797492 0.0414418 -0.0132931 -0.00798905 0.0274567 0.00598138 -0.0411058 0.0409434 0.0280525 -0.0431746 -0.0166101 0.0163106 0.0587709 -0.0543367 -0.0520625 0.0679056 -0.0588 0.0546664 0.0530295 0.0525986
internal_weight=242.739 227.322 159.319 147.799 130.566 18.6016 17.2328 68.0033 55.7472 9.76955 111.965 8.40537 45.9776 40.4444 15.4167 8.61628 14.6273 11.5194 6.21884 12.2562 3.62621 2.00738 8.10621 8.62997 5.53322 5.96082 7.25085 6.80043 5.74099 5.10137
internal_count=3383 3128 2177 2065 1921 248 144 951 721 138 1673 116 583 488 255 90 120 112 73 230 76 40 81 154 95 48 130 165 157 149
is_linear=0
shrinkage=0.05


Tree=82
num_leaves=31
num_cat=0
split_feature=21 67 59 69 21 44 69 74 69 65 60 14 76 76 69 41 59 60 35 33 58 21 21 59 21 75 28 62 29 11
split_gain=5.11211 6.54628 3.90293 4.70191 4.33742 4.8263 5.62355 4.44764 4.28314 3.81767 4.47822 3.86472 5.2181 4.4059 3.65478 3.62589 3.46289 5.55559 5.39806 3.22116 3.0562 2.90139 2.88785 2.76954 2.694 1.92961 1.46554 2.43145 0.661331 0.0150535
threshold=0.00065107709692036064 0.8249567824984062 0.00049802092795908084 0.21877963667421782 -0.0018834243728789721 6883.7325499999906 0.75006481877021358 17.60068329103807 0.67455801592544262 0.0051212294767676624 0.00029738393794821537 0.0045154915194057796 47.500000000000007 9.5000000000000018 0.96075897598175086 29.868699146605753 0.00055192978917894327 0.00039175122999262339 0.49794768433461439 64138.667750000008 0.00057128401376149815 0.00078654059059057879 -1.0000000180025095e-35 0.00068387371481753545 -0.00040045714657843673 12.500000000000002 0.32659000358838219 4.9541102069763475e-05 -23.360077129516863 -9.2730603821589139e-05
decision_type=2 2 2 2 2 2 2 2 2 2 2 2 2 2 2 2 2 2 2 2 2 2 2 2 2 2 2 2 2 2
left_child=2 21 4 23 26 6 7 -6 20 -3 15 12 -12 -13 -8 25 17 -10 -18 22 -5 -2 -7 -4 -21 -11 29 -28 -22 -1
right_child=1 9 3 8 5 19 14 -9 16 10 11 13 -14 -15 -16 -17 18 -19 -20 24 28 -23 -24 -25 -26 -27 27 -29 -30 -31
leaf_value=-0.051896460653612211 -0.041472166384636279 0.053022188671348648 0.0043715957944845387 0.016607709022278674 -0.011764971139369335 -0.029946246722750171 -0.03579557032435942 0.061406086810790531 -0.058885155397182747 0.051612390447951809 0.0046738890241147619 0.045955314461036054 0.048940773601338354 -0.027161728264846793 0.046031090156494897 -0.10616693819654632 -0.024068976449561366 0.035937502389422601 0.0058900693998291996 -0.021280340701413724 -0.031198382060226723 0.052386276625558073 0.058258359305742226 0.079995617967804786 -0.071348080817038889 -0.059494672818251215 -0.053490722561388648 0.016067060006545526 -0.068422397885463213 -0.057377696304166927
leaf_weight=7.7111535696312759 0.89544061757624049 3.8238273402675977 2.1331898476928464 1.8636710438877333 3.1403591651469487 1.9944868385791781 6.8733066739514452 6.1319815348833799 1.7773709204047907 0.83015483804047041 57.112388839013875 2.3964982386678484 7.5356305623427025 14.687993977218865 1.7026623804122207 1.6954905390739439 22.614494543522596 11.800252899527548 44.86464167945087 6.2826752532273522 1.7079986631870268 10.231200560927389 1.7353767603635777 2.7995240390300751 4.6940757408738127 0.7383205983787775 2.5498373415321103 2.476664686575532 3.958767656236887 1.4955664128065116
leaf_count=278 11 119 23 35 37 23 87 46 27 34 755 23 118 163 23 7 291 128 458 77 28 354 24 19 37 6 59 32 40 21
internal_value=3.7266e-05 0.00867879 -0.00611843 -0.000219951 -0.0179083 -0.00784218 0.00963319 0.0366245 -0.00286548 0.00414973 0.00195105 0.00424454 0.00983381 -0.0169054 -0.0195498 -0.05548 0.000485573 0.0235248 -0.0041502 -0.0290507 -0.0389358 0.0448328 0.0110923 0.0472914 -0.0426912 -0.000688482 -0.040932 -0.0192181 -0.0572028 -0.0527868
internal_weight=240.255 99.9469 140.308 93.5199 46.7881 32.5549 17.8483 9.27234 88.5872 88.8203 84.9965 81.7325 64.648 17.0845 8.57597 3.26397 81.0568 13.5776 67.4791 14.7066 7.53044 11.1266 3.72986 4.93271 10.9768 1.56848 14.2332 5.0265 5.66677 9.20672
internal_count=3383 1590 1793 1049 744 354 193 83 1007 1225 1106 1059 873 186 110 47 904 155 749 161 103 365 47 42 114 40 390 91 68 299
is_linear=0
shrinkage=0.05


Tree=83
num_leaves=31
num_cat=0
split_feature=21 35 46 75 67 23 42 27 62 76 31 42 30 33 12 14 39 45 15 46 70 39 76 48 14 62 32 42 76 56
split_gain=4.85073 5.99895 5.57768 3.88424 3.9224 3.67212 5.43821 5.44552 3.74826 5.53464 6.29524 5.27027 5.78826 5.20221 4.14144 3.63053 3.28287 5.13216 3.01402 4.63344 2.99796 3.13823 3.59597 2.72261 3.82166 2.26222 1.9372 1.41771 2.90703 0.392047
threshold=-0.0015361486470858441 0.50003405913669097 0.25184916219825765 1.0000000180025095e-35 0.88552672068424299 0.009808787735547388 46.412461253802924 0.5927253414607877 9.7398674043374953e-05 8.5000000000000018 -3.0498880523865846 37.319548159921098 51.327300839142175 64427.322500000002 -0.00057624271088269053 -0.0062559353799319086 63582.133281874121 5802.8681953841487 -0.010367814933541218 -0.15234481048998635 0.91229231970636093 64427.431067515652 28.500000000000004 1.1861108705557435 -0.0043812123851464926 6.308631779519657e-05 62995.780705169374 35.164294015707021 26.500000000000004 -0.0019223912410022135
decision_type=2 2 2 2 2 2 2 2 2 2 2 2 2 2 2 2 2 2 2 2 2 2 2 2 2 2 2 2 2 2
left_child=1 2 16 4 29 8 26 -8 11 10 -10 12 -5 -11 -13 18 17 -1 19 -3 23 -22 -23 24 -17 -25 -7 -18 -29 -2
right_child=3 15 -4 5 -6 6 7 -9 9 13 -12 14 -14 -15 -16 20 27 -19 -20 -21 21 22 -24 25 -26 -27 -28 28 -30 -31
leaf_value=-0.05692441024230567 0.092748006707082609 0.045709145480121074 0.021483322660759783 0.0029602149138957387 -0.0028245676343737368 -0.030539090149787423 -0.059960919705660101 0.053296021243121029 -0.022555323496667293 -0.035949133515978754 0.061206237384861986 0.0014986080884884698 -0.06447589969556046 0.0014695701494073308 0.046270858144648763 0.031420126778786486 -0.053203151843928514 0.054124195999727925 -0.053509034418216132 -0.055668374470392093 0.082801873761567946 -0.033906266249024382 0.054874402155700212 0.070806545446771313 -0.024682126965528722 0.0051588950157567676 0.057118204947842345 -0.052667093117905628 0.033673244727060771 0.060715137643352485
leaf_weight=1.9527075048536122 1.5575620606541631 2.6985568702220917 4.6850082129240027 79.356342515908182 2.9445175640285015 0.68217061087489028 2.7907266356050959 1.7126641776412723 4.0378463268280029 21.126364583149552 5.0469231903552991 8.6970102339983004 3.3149434616789213 16.577015059068799 12.718189934268592 4.1581393089145449 16.012334494851533 2.227023484185338 4.6833731811493617 1.9354743734002111 2.5811872631311408 2.1186532247811556 2.4705924950540066 2.1952107958495608 11.243260499089958 3.2628863677382469 8.287347477860747 2.6142618618905535 1.5546670313924549 2.4698032513260832
leaf_count=34 8 18 32 1132 36 8 15 43 30 224 60 78 27 190 264 50 448 23 89 26 11 25 20 22 122 41 172 78 22 35
internal_value=3.63343e-05 -0.011437 -0.0284794 0.00448271 0.041036 0.00293206 0.0279427 -0.0168887 0.000698644 -0.0110559 0.0239773 0.00598246 0.00025617 -0.0194973 0.0280882 0.0018174 -0.038088 0.00224396 -0.0252215 0.00336727 0.0108054 0.0386955 0.0138883 0.00121814 -0.00953539 0.0315619 0.0504515 -0.0464412 -0.0204693 0.0731037
internal_weight=237.713 66.3933 29.046 171.319 6.97188 164.348 13.4729 4.50339 150.875 46.7881 9.08477 104.086 82.6713 37.7034 21.4152 37.3473 24.361 4.17973 9.3174 4.63403 28.0299 7.17043 4.58925 20.8595 15.4014 5.4581 8.96952 20.1813 4.16893 4.02737
internal_count=3383 1061 637 2322 79 2243 238 58 2005 504 90 1501 1159 414 342 424 605 57 133 44 291 56 45 235 172 63 180 548 100 43
is_linear=0
shrinkage=0.05


Tree=84
num_leaves=31
num_cat=0
split_feature=21 67 60 65 60 26 67 51 34 45 29 28 43 66 70 30 60 74 79 41 21 26 70 22 24 17 17 58 22 21
split_gain=4.5367 6.12534 3.76824 3.55612 4.22732 3.68171 4.10757 3.39408 3.35296 8.04439 5.37018 5.02582 5.03211 4.32219 3.66019 5.65655 4.8361 7.3512 4.52224 3.19589 2.76614 1.9753 1.49546 0.726777 0.0169111 0.00431388 0.00273673 0.00173608 0.000705102 0.000461773
threshold=0.00065107709692036064 0.8249567824984062 0.00028862353511936207 0.0051212294767676624 0.00029738393794821537 0.85257020940999828 0.86556377253174099 -0.16570705881013184 63735.667723691739 5777.4974697106973 -44.808629631414071 0.84105368080912712 13.402931471971856 0.99108305458144785 0.5666228974065235 16.902978727752956 0.00057946083877855905 36.928913393731158 -0.70710678118654757 29.868699146605753 0.00078654059059057879 0.68607989225664512 0.85544763142270075 -0.00087968793915249577 51.052232774132122 -0.00021933695999576394 -0.00044428078238056829 0.0006334591895584069 -0.00081959875322096243 -0.0011911107843692868
decision_type=2 2 2 2 2 2 2 2 2 2 2 2 2 2 2 2 2 2 2 2 2 2 2 2 2 2 2 2 2 2
left_child=2 20 24 25 19 6 -6 -7 9 11 13 12 -4 -11 15 23 18 -18 -16 21 -2 -5 -12 -10 29 -3 -22 28 -28 -1
right_child=1 3 8 4 5 7 -8 -9 14 10 22 -13 -14 -15 16 -17 17 -19 -20 -21 26 -23 -24 -25 -26 -27 27 -29 -30 -31
leaf_value=-0.051987606090786814 -0.040177937489969492 0.055542939461043286 0.044293768951215742 -0.063785804958929618 0.037647059406911799 -0.004170625046146203 -0.0069053474291528808 0.036177183871975507 0.027441787643093088 -0.055859560619446705 0.060340865654613975 0.049251093409988719 -0.042829255964300074 0.044904885052799215 -0.0066645137810568888 -0.050168660269027436 0.025533407705852131 -0.023184451472208049 -0.033400288462541207 -0.10154451076629285 0.054146045693554162 0.051507558656666133 0.012428211997388163 0.066543997892657511 -0.059905128180371928 0.051703045607793485 0.052562100822553581 0.053484889727605706 0.051263897158696087 -0.053358274729385514
leaf_weight=1.9677802883088591 0.88495494239032169 1.0269295666366818 1.9658337812870765 0.6855834107846015 5.736777674406766 8.2528727017343062 52.687534112483263 14.146816004067658 1.8439571158960455 2.4905941337347057 9.7040339857339841 2.4419199200347057 10.563109923154114 1.8582164868712423 33.383195098489523 1.8030323274433611 18.028719145804647 13.572568051517008 30.056907955557108 1.6970543563365934 1.5387649880722154 0.81093615852296352 1.9570431988686312 3.3422249536961313 1.023256793618202 2.5418344074860206 1.2972343666478963 1.3433655127882955 5.3993161525577316 0.89347918704152052
leaf_count=60 11 14 18 5 84 165 481 329 38 32 106 32 138 20 375 16 185 168 519 7 27 35 31 26 9 105 36 25 266 20
internal_value=3.38345e-05 0.00824354 -0.00584626 0.00392402 0.00184761 0.004077 -0.00253067 0.0213116 -0.00442862 0.00997791 0.0346156 -0.0163697 -0.0291594 -0.0128036 -0.00880304 0.0261189 -0.0113712 0.00460937 -0.0193315 -0.0545745 0.0444002 -0.00131047 0.0522998 0.0526411 -0.0543885 0.052808 0.0522142 0.0518445 0.0515154 -0.0524156
internal_weight=234.946 98.05 136.896 87.5863 84.0176 80.824 58.4243 22.3997 133.011 30.9808 16.0099 14.9709 12.5289 4.34881 102.031 6.98921 95.0414 31.6013 63.4401 3.19357 10.4636 1.49652 11.6611 5.18618 3.88452 3.56876 9.57868 8.03992 6.69655 2.86126
internal_count=3383 1590 1793 1225 1106 1059 565 494 1704 377 189 188 156 52 1327 80 1247 353 894 47 365 40 137 64 89 119 354 327 302 80
is_linear=0
shrinkage=0.05


Tree=85
num_leaves=30
num_cat=0
split_feature=21 35 46 75 66 23 42 27 62 76 31 42 30 33 12 37 66 1 57 42 57 76 32 56 55 27 31 26 56
split_gain=4.24155 5.66203 5.22362 3.51917 3.91102 3.35607 5.08484 4.89746 3.34931 4.96118 5.91283 4.81835 5.31076 4.71994 3.82149 3.27387 3.73458 3.56403 4.27805 3.09558 3.09921 3.23634 1.84661 0.627258 0.448733 0.121267 0.023643 0.00516123 0.000831649
threshold=-0.0015361486470858441 0.50003405913669097 0.25184916219825765 1.0000000180025095e-35 0.94649182157384937 0.009808787735547388 46.412461253802924 0.5927253414607877 9.7398674043374953e-05 8.5000000000000018 -3.0498880523865846 37.319548159921098 51.327300839142175 64427.322500000002 -0.00057624271088269053 65655.201459787946 0.59884312662175576 62791.945000000007 0.001119586701606899 30.585474644335445 0.00018868516604175672 26.500000000000004 62995.780705169374 -0.0012485289470903565 64086.337578248211 0.024219717808582387 13.741871378136679 0.26959499624026317 0.002891814152862235
decision_type=2 2 2 2 2 2 2 2 2 2 2 2 2 2 2 2 2 2 2 2 2 2 2 2 2 2 2 2 2
left_child=1 2 19 4 23 8 22 -8 11 10 -10 12 -5 -11 -13 16 -3 -18 -19 26 -21 -22 -7 -2 -25 -24 27 -1 -9
right_child=3 15 -4 5 -6 6 7 28 9 13 -12 14 -14 -15 -16 -17 17 18 -20 20 21 -23 25 24 -26 -27 -28 -29 -30
leaf_value=-0.051672764574281438 0.082643542056749078 0.067557102956064277 0.020333516418147745 0.0027844602555000446 -0.020586476792105818 -0.029523538680391228 -0.057040176321925186 0.054381109856813284 -0.021685326098307259 -0.034338248934119804 0.060697677427100319 0.0018839848767120101 -0.062531619605950245 0.0014483565612702285 0.045429176675671035 0.041613456445190516 0.058404703916524373 -0.0026010829370377258 -0.05164270057969559 0.095012786804016494 -0.052873860614169925 0.0075182203355863859 0.074183310122530224 0.021431869111662283 0.0640487967200951 0.054505009902579372 -0.062241030796585765 -0.053706694294903205 0.052082504632455395
leaf_weight=7.7058908762410319 2.2798177450895305 1.7422150298953081 4.6645072773098937 78.376975185237825 1.9319161791354416 0.67414600402116587 2.7534716092050067 0.70945131126791217 3.9940268099308014 20.846412274986506 4.7901821527630073 8.6665268838405627 3.2408017953857771 16.511486358940601 12.035247769206761 4.5736365243792525 1.9080965071916605 22.719465741887692 5.5291045475751153 0.59225798398256202 4.5025559887289983 4.3728242311626673 0.8830178678035735 1.0476529961451886 1.5050164088606832 6.9052710272371769 0.65384713560342866 5.239990072324872 0.88361247535794973
leaf_count=293 12 15 32 1132 19 8 15 12 30 224 60 78 27 190 264 36 15 283 75 8 128 64 6 21 27 166 6 106 31
internal_value=3.59594e-05 -0.0108956 -0.0279237 0.00421279 0.0395435 0.00273086 0.0272869 -0.0166701 0.000612214 -0.0105711 0.0232396 0.00565546 0.000190951 -0.0185212 0.0271996 0.00205175 -0.00362057 -0.00773266 -0.0122 -0.0376819 -0.0157293 -0.0231192 0.0498644 0.0635821 0.0465582 0.0567361 -0.0529645 -0.052496 0.0531062
internal_weight=232.239 64.2044 27.7319 168.035 6.7644 161.271 12.809 4.34654 148.462 46.1421 8.78421 102.32 81.6178 37.3579 20.7018 36.4725 31.8989 30.1567 28.2486 23.0674 9.46764 8.87538 8.46243 4.83249 2.55267 7.78829 13.5997 12.9459 1.59306
internal_count=3383 1061 637 2322 79 2243 238 58 2005 504 90 1501 1159 414 342 424 388 373 358 605 200 192 180 60 48 172 405 399 43
is_linear=0
shrinkage=0.05


Tree=86
num_leaves=31
num_cat=0
split_feature=22 42 12 13 69 10 10 59 44 41 21 70 9 41 50 30 76 79 30 56 26 25 35 58 46 66 3 45 30 21
split_gain=4.1349 4.89308 4.12861 4.81176 3.94708 3.76219 4.89039 3.4748 3.92707 3.46411 5.11511 3.21842 3.21677 2.92797 2.67802 2.59042 3.40378 2.40606 2.29703 2.08306 2.01379 1.98811 1.86851 1.787 1.49425 1.29951 0.710417 0.60813 0.412932 0.259216
threshold=0.0012915180167083486 22.741529647510742 0.0011690311349908946 0.00036630169646945104 0.84913307517938463 0.0011574526561483058 0.0012230848449853451 0.00093429952839152637 4829.9937000000018 80.082306664335206 -0.004414770304740522 0.84446279931415036 0.00015518822259197321 87.798645003887486 0.70817681732991555 -40.332625705345592 34.500000000000007 -0.9159756150367534 64.456324858487022 -0.002181369233032548 0.20605979043210312 75.548567953432155 1.0485364648468998 0.001033295689321888 0.20629094289167701 0.98982610597610032 63180.805000000008 7525.4697271831101 -7.5508086347544126 -0.00047586584289599493
decision_type=2 2 2 2 2 2 2 2 2 2 2 2 2 2 2 2 2 2 2 2 2 2 2 2 2 2 2 2 2 2
left_child=7 19 3 15 20 17 -7 8 11 10 22 24 -12 -11 -6 -3 -17 21 -8 -2 -5 -4 -10 -19 -1 28 -21 29 -9 -28
right_child=1 2 5 4 14 6 18 25 9 13 12 -13 -14 -15 -16 16 -18 23 -20 26 -22 -23 -24 -25 -26 -27 27 -29 -30 -31
leaf_value=0.039689331430191571 -0.031704985316791105 0.058730791260332718 -0.015265547578959522 -0.038238109020617354 -0.089425003572192435 -0.085950774306695524 0.023086703845314707 -0.057139167810294433 -0.047085926914379357 0.065979087952162729 -0.0091657561603757584 -0.0059160753628514015 0.0069992275178894173 -0.0076559638022856945 -0.027448226624138969 -0.016011381984303696 0.033031725299880597 0.053532263519522554 -0.02526767475466711 -0.0039910585604152728 0.046716974167868103 0.055378372586115332 0.023794680967586249 0.0041251712003555997 0.10911745108831382 0.0041026126310882149 0.084572634283115566 0.025784882968614586 -0.02273306719797058 0.054975754481442207
leaf_weight=1.6580659113824361 0.8856749776750793 2.0627387352287831 3.7160853566601899 1.1823231857269987 3.4008389003574848 1.5585678415372957 8.0742810228839499 4.3582818657159796 9.1969124963507038 3.1600201465189448 83.757513862103224 2.2934748008847237 48.652713920921087 2.3569247052073479 3.5755013013258576 11.335332683287563 5.1431292379274955 10.088264998048546 3.5297062247991553 0.60562217980623145 1.7012710915878413 1.3605781430378554 1.0343505591154087 2.2357434518635264 1.4550946131348608 1.3774980306625364 0.83662432059645375 1.7812679465860126 1.0902064777910707 6.3916901126503953
leaf_count=27 6 26 49 11 23 12 212 68 213 28 1108 24 582 23 41 110 57 308 45 8 41 29 12 25 13 12 5 39 22 204
internal_value=3.46909e-05 0.0102248 0.00462475 -0.00910014 -0.037322 0.0173787 -0.00279118 -0.00437866 -0.00282705 -0.00435447 -0.00585806 0.039029 -0.00322611 0.034521 -0.0576608 0.00590784 -0.000704429 0.032636 0.00837825 0.0416704 0.0118839 0.00366747 -0.0399201 0.0445691 0.0721401 -0.0392853 0.0484292 0.0519528 -0.0502547 0.0584014
internal_weight=229.856 69.4652 58.9644 28.4011 9.85993 30.5632 13.1626 160.391 153.565 148.158 142.641 5.40664 132.41 5.51694 6.97634 18.5412 16.4785 17.4007 11.604 10.5009 2.88359 5.07666 10.2313 12.324 3.11316 6.82599 9.6152 9.00958 5.44849 7.22831
internal_count=3383 1251 989 309 116 680 269 2132 2030 1966 1915 64 1690 51 64 193 167 411 257 262 52 78 225 333 40 102 256 248 90 209
is_linear=0
shrinkage=0.05


Tree=87
num_leaves=31
num_cat=0
split_feature=22 6 35 55 45 59 44 15 25 13 69 44 76 76 76 37 28 38 56 31 3 76 0 76 76 25 27 12 35 31
split_gain=3.79686 4.60297 3.93051 3.94666 3.5343 3.29952 3.60387 3.25527 5.05857 4.28756 3.47825 3.2438 3.11608 5.55716 4.63279 4.24805 2.94855 2.93386 2.91634 2.88741 2.84334 2.77563 2.17314 1.99203 1.73848 1.67438 1.53803 1.20645 1.01299 0.68704
threshold=0.0012915180167083486 2332.0000000000005 0.36204923153076163 64739.578174599555 7621.4321808038767 0.00094417061082029705 4829.9937000000018 -0.010367814933541218 34.340620171225673 0.0022957446839593225 0.8687212581890863 5815.8265049999782 48.500000000000007 31.500000000000004 10.500000000000002 64476.856752233201 0.91908697686165097 63748.132438976631 -0.0012135678424041998 -19.089211083472403 62909.055000000008 16.500000000000004 63821.765000000007 40.500000000000007 55.500000000000007 39.302217896843203 0.33537970833425762 -0.0016845516183532359 0.86796057356199252 -13.221657083011587
decision_type=2 2 2 2 2 2 2 2 2 2 2 2 2 2 2 2 2 2 2 2 2 2 2 2 2 2 2 2 2 2
left_child=5 18 3 17 27 6 19 11 10 -10 -9 28 13 14 -4 -14 -17 21 -2 -1 -20 -3 -19 -7 29 -21 -15 -5 -8 -22
right_child=1 2 12 4 -6 23 7 8 9 -11 -12 -13 15 26 -16 16 -18 22 20 25 24 -23 -24 -25 -26 -27 -28 -29 -30 -31
leaf_value=-0.0044569965398623028 -0.013507608724925544 -0.046535119335363272 0.037694069920484012 0.10980025913752652 -0.034406371586049991 -0.056513859921636211 0.023316577235330923 -0.0075345087927503711 0.0044484912403364397 -0.020654099954722546 -0.039182657942313355 -0.023679756339141211 0.054121493129124454 -0.0047975500910421194 -0.016190417927662386 -0.010743764690239629 -0.085076032117845868 -0.10506688524029695 -0.050256998734900853 0.1148962377573364 -0.001238842491112095 0.054974667592773675 -0.037461854744774571 0.021133529215843001 0.0017847055767236974 0.039098441610550344 0.055384742959902138 0.035638141236298708 0.06630009333550399 0.057617450997434129
leaf_weight=2.3215365186333656 2.8349619917571571 1.1954582035541528 6.0813294919207754 0.73249216005206141 1.8281677067279813 4.4901959318667641 2.4304375648498526 18.291543086990714 84.752207272686064 21.281722510233521 16.524880785495043 2.2402238473296165 1.6457001799717534 1.2003142833709706 11.593312254175542 3.8070691972970963 2.0538469050079584 1.4310999233275632 0.78547552786767383 1.2208399418741458 0.51970512792467971 1.5421120477840302 7.0176838049665093 1.0122087057679889 1.7822387376800168 1.8069671131670473 9.1874957112595421 2.1818303978070608 3.1435836218297482 10.79501819424331
leaf_count=23 38 10 106 4 21 78 25 392 995 201 313 26 41 12 155 52 13 9 7 12 5 33 95 14 29 29 188 60 24 373
internal_value=3.67886e-05 0.0099094 0.0025093 -0.0181323 0.0200915 -0.00418512 -0.0028259 -0.00427674 -0.00601945 -0.000589768 -0.0225556 0.0271352 0.0117532 0.0194074 0.00234967 -0.0168608 -0.0367921 -0.0343374 0.0327054 0.0374948 0.0421427 0.0106468 -0.0489132 -0.04223 0.0476842 0.0696608 0.0484307 0.0542782 0.047558 0.0549141
internal_weight=227.732 68.2153 51.4979 15.9288 4.74249 159.516 154.014 148.665 140.85 106.034 34.8164 7.81425 35.5691 28.0625 17.6746 7.50662 5.86092 11.1864 16.7174 5.34934 13.8824 2.73757 8.44878 5.5024 13.097 3.02781 10.3878 2.91432 5.57402 11.3147
internal_count=3383 1251 799 232 85 2132 2040 1976 1901 1196 705 75 567 461 261 106 65 147 452 64 414 43 104 92 407 41 200 64 49 378
is_linear=0
shrinkage=0.05


Tree=88
num_leaves=31
num_cat=0
split_feature=23 22 30 59 74 70 67 63 58 69 63 23 39 58 32 65 61 19 47 46 65 21 49 9 28 15 15 62 67 52
split_gain=3.82864 3.35091 6.0665 5.46121 5.42146 4.96108 4.46189 4.39862 3.76265 3.6111 3.44141 3.24335 3.3558 3.23692 3.06832 2.99794 3.74907 2.67306 2.08861 1.71025 1.52067 2.29598 1.03759 0.947343 0.840438 0.775345 0.774286 0.246797 0.202432 0.202128
threshold=0.009808787735547388 -0.0024234837707569619 -52.810105883216224 0.00076594623916438696 62.373376388539604 0.72800661068983807 0.84933461356541884 0.0038641706047626897 0.0010803121095676646 0.69259083506357644 0.001346853631017219 0.00034381745518130563 64290.033203731167 0.00078986126365056643 62995.780705169374 0.0063112567204314744 0.00039402541699848299 0.0076251555951667447 0.34346243481331945 0.0083841555574267253 0.0071270624802084641 0.00031140099193427423 0.23347557251041001 -0.0011725245235909008 0.44579413591078088 0.0045087660028113605 -0.0088069059255350673 2.7538091363702705e-05 0.91625856517234328 0.39874671776624165
decision_type=2 2 2 2 2 2 2 2 2 2 2 2 2 2 2 2 2 2 2 2 2 2 2 2 2 2 2 2 2 2
left_child=1 5 11 4 7 20 15 -4 13 28 -11 12 24 -5 -2 16 -7 18 -16 -17 26 -22 -20 -24 -3 -6 -1 -28 -8 -13
right_child=14 2 3 8 25 6 9 -9 -10 10 -12 29 -14 -15 17 19 -18 -19 22 -21 21 -23 23 -25 -26 -27 27 -29 -30 -31
leaf_value=-0.01167666069773734 -0.036358852379806149 0.015611534127323993 -3.614940323991525e-05 -0.0046837695671316315 0.058348029233675928 -0.017364535817405158 -0.056296166103509862 0.073919634568754805 0.033834171719605788 0.062420440727297667 -0.0095665161662739102 0.081496077702968517 -0.04413679718097635 -0.04564073836669319 -0.022348063332355755 -0.055831132934738792 0.067173242911281336 -0.012050941808823185 0.13295727587787062 0.031247236908715777 -0.053410927971728167 0.060055503749648402 -0.0038458445789125058 0.056621794414549176 0.063746536147473887 0.022566975366912739 -0.031851703490571585 -0.058625220561869452 -0.030853871061054888 0.060187033611276586
leaf_weight=1.1586316339671601 1.7249559704214323 1.8423413261771187 106.83440089039505 7.8517001979053083 4.7275270968675605 1.7967867385596017 4.0510060712695113 2.0491014700382939 2.6177283879369488 1.7405929528176773 35.960962415672839 1.5935816764831541 1.8041549939662216 12.510704841464756 0.96871885471045871 1.421617301180959 4.8556045182049274 2.3957462385296813 0.40813697874545862 0.9345528446137904 0.93882497958839006 0.84901885874569416 0.71133534610271176 7.2453251425176886 1.7858400158584116 2.2273184610530734 0.97938311938196054 7.1049137087538838 0.96879101917147625 3.6890643518418074
leaf_count=13 18 18 1674 99 75 47 77 42 25 17 471 8 20 107 25 31 40 27 4 20 25 19 7 174 23 43 23 150 18 43
internal_value=3.9835e-05 -0.0015994 0.00247025 -0.000327709 0.00408943 -0.0112957 -0.00480421 0.00135564 -0.0225936 -0.0115474 -0.00624305 0.0387194 0.0115923 -0.0298478 0.0259053 0.0271739 0.0443399 0.0350621 0.0471552 -0.0212923 -0.0417384 0.000472492 0.0552043 0.0512159 0.0393042 0.046889 -0.0499031 -0.0553817 -0.051386 0.0666152
internal_weight=225.748 212.294 149.533 138.818 115.838 62.7607 51.7299 108.884 22.9801 42.7214 37.7016 10.715 5.43234 20.3624 13.4542 9.00856 6.65239 11.7293 9.33352 2.35617 11.0308 1.78784 8.3648 7.95666 3.62818 6.95485 9.24293 8.0843 5.0198 5.28265
internal_count=3383 3128 2177 2065 1834 951 721 1716 231 583 488 112 61 206 255 138 87 237 210 51 230 44 185 181 41 118 186 173 95 51
is_linear=0
shrinkage=0.05


Tree=89
num_leaves=29
num_cat=0
split_feature=21 65 56 29 56 43 21 76 59 52 73 12 76 61 16 73 10 24 74 35 6 14 46 76 42 26 57 23
split_gain=3.78622 3.12864 3.04588 5.40166 3.90685 4.46887 3.39591 5.3811 4.24392 3.1411 2.85179 2.47767 2.76942 3.86104 2.36201 2.82741 2.84234 3.47099 2.7211 4.68036 3.1282 2.37852 1.31094 3.41545 0.484163 0.00396893 0.000166525 3.69155e-05
threshold=-0.00021426771200661052 0.0051212294767676624 0.0021821821879221639 -16.457362244411339 -0.0012135678424041998 39.15942726815738 -0.0015361486470858441 36.500000000000007 0.00049544445160105727 0.6243805229369096 5.6343129828339444 0.0028685269501083081 56.500000000000007 0.0004508497551177374 -0.0010778900103259519 1.6883788318544568 -0.00052688004398315769 71.339008074344108 45.666078959544969 0.68410443824414691 4558.5000000000009 -0.0012234216170282084 0.12044083505820408 4.5000000000000009 17.569639635921565 0.46109577568880494 0.00099883767001925409 0.0045891182692471286
decision_type=2 2 2 2 2 2 2 2 2 2 2 2 2 2 2 2 2 2 2 2 2 2 2 2 2 2 2 2
left_child=2 24 3 4 6 10 8 -8 -1 22 -6 12 13 -5 21 16 -16 -18 19 -17 -20 -3 23 -4 -2 -26 27 -27
right_child=1 14 9 11 5 -7 7 -9 -10 -11 -12 -13 -14 -15 15 18 17 -19 20 -21 -22 -23 -24 -25 25 26 -28 -29
leaf_value=-0.052062371042984924 -3.1096825234150412e-05 0.011348140452114679 0.064292309210480819 -0.018371621902369868 0.058086361050530444 -0.035750746750976434 -0.0045520275198847552 0.0664796329315267 -0.0074812581796299717 -0.019143071648841544 -0.00437010763607165 0.037238211029237411 0.024320171917001681 -0.056372235768699333 -0.045118454100663882 0.011437463352056046 0.014166239028804477 -0.037439167822688496 0.04523238468919269 -0.022429218014163782 0.0070667015347409077 -0.045201463169468457 0.062320044775237664 -0.024979815170061075 0.054463242062615352 0.051211610037778715 0.052169799204509607 0.050737306821064046
leaf_weight=6.6817468758672467 0.49104578420519729 3.1216345503926277 2.1200060769915563 15.766863930039117 6.6011769864708167 2.4102827440947285 11.133975517004727 3.5058408603072158 26.551061518490314 3.8098670616745949 2.5274886917322874 1.4287040382623661 2.160398354753851 11.603957351297138 4.5888985656201866 55.541467135772109 11.474763155914845 4.5505849644541732 10.450851300731303 12.497186048887668 11.041093902662395 4.59886754117906 2.9881503507494926 2.1661333721131086 1.6324587278068063 1.3844942757859828 0.418148923665285 0.58298201207071532
leaf_count=258 20 19 17 267 54 30 137 25 386 33 25 9 17 181 31 922 184 75 182 140 126 36 27 29 27 68 13 45
internal_value=4.06386e-05 0.00596179 -0.00710138 -0.0101354 -0.0013111 0.024805 -0.00760598 0.0124581 -0.0164447 0.0176359 0.0407938 -0.0270692 -0.0301804 -0.0344821 0.00439808 0.00627204 -0.0104229 -0.00048772 0.010116 0.00521691 0.0256255 -0.0223367 0.0368987 0.0191759 0.046836 0.0525636 0.0512637 0.0510711
internal_weight=223.83 122.374 101.456 90.3715 59.4116 11.5389 47.8726 14.6398 33.2328 11.0842 9.12867 30.9599 29.5312 27.3708 117.865 110.145 20.6142 16.0253 89.5306 68.0387 21.4919 7.7205 7.27429 4.28614 4.50913 4.01808 2.38563 1.96748
internal_count=3383 1888 1495 1389 915 109 806 162 644 106 79 474 465 448 1715 1660 290 259 1370 1062 308 55 73 46 173 153 126 113
is_linear=0
shrinkage=0.05


Tree=90
num_leaves=28
num_cat=0
split_feature=23 42 35 22 30 59 74 61 2 31 58 41 59 41 81 60 24 31 42 60 53 42 67 24 58 25 66
split_gain=3.50467 3.41259 4.86372 2.93191 5.73383 4.88159 4.95318 4.74014 4.72225 4.27408 3.48446 5.71268 3.95902 3.46416 3.40572 3.33378 2.63083 2.44233 1.33513 1.05076 0.777258 0.381882 0.324852 0.327381 0.152692 0.0972918 0.0124449
threshold=0.009808787735547388 46.412461253802924 0.58694650264250881 -0.0024234837707569619 -52.810105883216224 0.00076594623916438696 62.373376388539604 0.00040331020597917018 65602.780000000013 -12.366173433186098 0.00066831851526752807 59.914391768098746 0.00071508455390800741 86.676941992146368 -0.56174490092936669 0.00060463470428309305 34.958516075491538 8.068929283509652 40.595285395023517 0.00051419551232168622 0.26704527150719243 10.753807173848855 0.87792774655243822 57.571244799947799 0.0008911310549842914 41.848679253912394 0.98166988715365788
decision_type=2 2 2 2 2 2 2 2 2 2 2 2 2 2 2 2 2 2 2 2 2 2 2 2 2 2 2
left_child=3 16 -3 7 14 6 9 17 10 -6 11 -9 -12 15 -5 -7 -2 18 21 -16 -8 -1 23 -18 -21 -24 -27
right_child=1 2 -4 4 5 13 20 8 -10 -11 12 -13 -14 -15 19 -17 22 -19 -20 24 -22 -23 25 -25 -26 26 -28
leaf_value=-0.096836888663380902 -0.034763553953774805 -0.052056752686241693 0.055647159723964584 -0.021801106608875055 -0.022692196530401807 0.0030026404237111486 0.0047774518633072333 -0.00067062544403674422 0.052595140135247291 0.0053515198391499109 -0.043643745338534323 0.0905910056464347 -0.0043623795132604042 0.036418294786671364 0.02419988670810172 -0.041329949926769832 -0.0084954237906791682 0.016659402223606758 -0.0048756836491693923 0.072959414924995913 0.053005429595253908 -0.052078515898268896 0.069593254153083609 0.051554396943092509 0.056633188582839659 0.053121556862840084 0.059469297956229655
leaf_weight=0.50445562601089378 0.95429168455302527 2.7171346927061668 1.7065461054444311 1.9316635010763992 15.947552606463431 6.0229857861995759 0.98142232466488977 16.25380229763687 3.4609199361875644 91.773865094408393 10.358882205560805 1.9170038439333428 16.845103807747364 2.3085662871599189 2.4519259836524707 14.330096548423169 0.40126709081232537 1.7412601616233576 1.5879193497821678 2.3577952533960342 5.6158410971984267 8.618896031752227 1.2637028098106382 0.52253525890409946 3.6479046288877726 4.5412922026589513 0.93031154200434674
leaf_count=6 12 23 38 18 236 79 19 257 37 1480 140 12 212 23 24 129 12 30 37 21 99 220 8 31 49 119 12
internal_value=3.82858e-05 0.0251886 -0.0105073 -0.00153312 0.00228907 -0.000427067 0.00377544 -0.0107237 -0.0037021 0.0011998 -0.00799612 0.0089574 -0.0193202 -0.021627 0.0381008 -0.0282108 0.0435213 -0.0382607 -0.0471887 0.0517819 0.0458309 -0.0545533 0.0532752 0.0254709 0.0630427 0.0570888 0.0542008
internal_weight=221.695 13.0371 4.42368 208.658 147.37 136.98 114.319 61.2882 48.8357 107.721 45.3748 18.1708 27.204 22.6616 10.3893 20.3531 8.6134 12.4525 10.7113 8.45763 6.59726 9.12335 7.65911 0.923802 6.0057 6.73531 5.4716
internal_count=3383 255 61 3128 2177 2065 1834 951 658 1716 621 269 352 231 112 208 194 293 263 94 118 226 182 43 70 139 131
is_linear=0
shrinkage=0.05


Tree=91
num_leaves=31
num_cat=0
split_feature=21 67 60 21 62 26 11 39 45 70 70 28 43 35 70 13 30 63 10 0 45 34 33 24 11 21 58 23 26 77
split_gain=3.39249 5.61315 3.43924 3.40102 3.26617 2.9404 4.27861 2.8879 7.06333 4.28532 4.35428 4.18392 4.23959 3.34884 4.32181 4.2506 3.80336 3.3069 2.68628 2.55011 2.45608 2.04005 0.152707 0.0160164 0.00248702 0.00137234 0.000737118 0.000315286 6.83e-05 3.91547e-05
threshold=0.00065107709692036064 0.8249567824984062 0.00028862353511936207 0.00078473903099052233 0.0002224096938931794 0.94886529775143991 0.0024799394197527751 63819.249817630371 5777.4974697106973 0.86799894668037092 0.68077077130690167 0.84105368080912712 13.402931471971856 0.50003405913669097 0.5666228974065235 0.0029899675421027898 16.902978727752956 0.0014696704278562046 0.0010702172668575207 65925.425000000017 8032.903588076626 64483.338704070367 64568.322250000005 51.635234374446966 -0.00044428078238056829 -0.00086714260236858676 0.0006334591895584069 -0.0028853042685283432 0.46400505429211003 1.5000000000000002
decision_type=2 2 2 2 2 2 2 2 2 2 2 2 2 2 2 2 2 2 2 2 2 2 2 2 2 2 2 2 2 2
left_child=2 20 23 21 5 18 -7 8 11 10 -10 12 -4 14 16 -16 -9 -15 -5 -19 24 -3 -6 25 -2 28 27 -26 29 -1
right_child=1 3 7 4 22 6 -8 13 9 -11 -12 -13 -14 17 15 -17 -18 19 -20 -21 -22 -23 -24 -25 26 -27 -28 -29 -30 -31
leaf_value=-0.051808218639319295 0.053859623102390064 -7.9799383935755421e-05 0.042797896838166705 -0.0014574228800710741 0.045913420483140115 0.043436278438592213 -0.010272998122797491 0.052776625917198276 -0.0082964617912102134 -0.039524511772042199 0.069680173328809852 0.04821155253136454 -0.041076532205748167 -0.048629645361699919 -0.018165476037038646 -0.11230718985394871 -0.041877023337377778 0.0029788130372670274 -0.029667180204576062 0.054973928683021603 -0.039226283746553597 0.066322412486085155 0.070714056590433144 -0.060417634856941196 0.052171296012494532 -0.05419095259981023 0.052792292840853072 0.051198143874147665 -0.052162187205312405 -0.051271893448866103
leaf_weight=0.57267445325851463 1.4207474533468474 1.7871973095461715 1.8143715169280792 49.616217999719083 1.5235419552773231 8.0062980959191901 6.9068897329270831 3.8752600187435737 2.3291137348860484 1.4782800488173951 7.7389874961227179 2.2463209433481088 8.8825506754219514 2.9565419610589734 48.40739334654063 1.2294732313603152 1.4615500178188083 39.60304232314229 10.168561508879064 2.5074674002826205 0.80846779048442918 3.2786602284759283 1.0473951026797292 0.80548861250281323 0.99521959479898026 0.74951361864805144 1.0496195424348114 5.0844357311725608 0.51507375016808521 0.83867849409580231
leaf_count=18 27 22 18 596 31 268 129 51 35 31 82 32 128 35 803 9 15 448 129 17 6 34 16 7 36 13 23 273 14 37
internal_value=3.78064e-05 0.00737898 -0.00522059 0.00320821 0.000606215 -0.00130091 0.0185614 -0.00385028 0.0115391 0.0399694 0.0516414 -0.013823 -0.0268501 -0.00761754 -0.0159004 -0.0204973 0.0268546 0.00248607 -0.00625551 0.00607486 0.0440728 0.0428962 0.0560172 -0.0542363 0.0519494 -0.0523756 0.0515687 0.0513574 -0.0516694 -0.0514895
internal_weight=219.705 91.6933 128.012 82.3348 77.2689 74.698 14.9132 124.53 24.4896 11.5464 10.0681 12.9432 10.6969 100.041 54.9737 49.6369 5.33681 45.0671 59.7848 42.1105 9.35849 5.06586 2.57094 3.48143 8.55002 2.67594 7.12927 6.07966 1.92643 1.41135
internal_count=3383 1590 1793 1225 1169 1122 397 1704 326 148 117 178 146 1378 878 812 66 500 725 465 365 56 47 89 359 82 332 309 69 55
is_linear=0
shrinkage=0.05


Tree=92
num_leaves=31
num_cat=0
split_feature=21 56 29 56 27 21 76 72 52 72 62 61 62 70 31 42 66 66 66 59 35 61 66 7 46 76 62 9 42 59
split_gain=3.14489 2.68386 4.73146 3.52357 3.92675 3.04933 4.74699 4.23821 2.8752 2.64472 2.52926 2.44241 2.80577 4.40779 3.82375 2.33712 2.20195 3.32515 6.88235 4.08345 3.93798 4.01102 3.27581 1.8122 1.24751 3.15071 0.985495 0.276566 0.102333 0.0907387
threshold=-0.00021426771200661052 0.0021821821879221639 -16.457362244411339 -0.0012135678424041998 0.14947521992185889 -0.0015361486470858441 36.500000000000007 0.0011495314009195702 0.6243805229369096 0.00052405438888027285 2.6171702606852663e-05 0.000574802663104233 6.1560889187915071e-05 0.5666228974065235 -10.375516597509094 13.88956481810987 0.42832500662411516 0.77535546732442862 0.82339977033731959 0.00068387371481753545 0.64071063966710751 0.00030772203150482524 0.85811454186136149 0.29527000000000009 0.12044083505820408 4.5000000000000009 0.00017130513103635122 0.00033003074876702959 17.569639635921565 0.00023763344668247099
decision_type=2 2 2 2 2 2 2 2 2 2 2 2 2 2 2 2 2 2 2 2 2 2 2 2 2 2 2 2 2 2
left_child=1 2 3 5 -5 7 -7 -1 24 -6 15 12 13 -4 -14 -2 -12 20 19 -19 21 -18 -20 -17 25 -3 27 -13 -25 -30
right_child=10 8 11 4 9 6 -8 -9 -10 -11 16 26 14 -15 -16 23 17 18 22 -21 -22 -23 -24 28 -26 -27 -28 -29 29 -31
leaf_value=-0.029959046814137382 -0.045165885264500147 0.062622112702820296 0.04831317281924203 0.085112053930535378 0.041543404028591024 -0.0041731572246439322 0.063340907161602206 0.0074314875953046438 -0.018478708339055207 -0.013121023964928267 -0.041691036958088623 -0.056217007881563343 -0.038738685077723732 -0.042539160350857419 0.026655126345896236 -0.038020718702423399 -0.029266052452815522 0.0030295074661819675 0.0522115582893714 -0.084492704456898188 -0.031017321674771687 0.054402830736094969 0.0029854228523751788 0.06557452942260672 0.06108124959273982 -0.024608869686065758 -0.018525422656773548 -0.082035240408328755 0.029986543920614141 0.052470765329752478
leaf_weight=19.939580406993628 0.81488731410354276 2.0347918234765512 1.497734235599643 2.1300146076828232 3.797762541100381 10.858752822503446 3.4247067570686331 12.225549410097299 3.7332089506089687 5.3012171275913715 2.6136390557512632 3.2892210353165856 3.5417986046522856 12.288609221577643 6.0604489743709546 0.59678500983864058 1.7020569834858168 2.1281425859779111 3.515337503515183 3.5654897429049015 2.2940995059907427 9.041575654409824 87.53760951012373 1.3539607878774402 2.8825400713831186 2.1071041449904442 1.5515966638922689 1.5150169935077427 0.50877417437732209 3.8016232228837907
leaf_count=473 7 17 16 13 37 137 25 171 33 59 34 57 93 205 70 12 20 57 90 19 21 161 1287 22 27 29 19 14 23 135
internal_value=4.27397e-05 -0.00658729 -0.00948722 -0.00113395 0.0240008 -0.0072103 0.0120145 -0.0157474 0.016979 0.009695 0.00549107 -0.0256851 -0.0182161 -0.0326691 0.00253455 0.0344855 0.00366573 0.00474554 0.00155114 -0.051779 0.0284496 0.0411476 0.00488593 0.0448521 0.0358233 0.0182451 -0.0531699 -0.0643588 0.0535834 0.0498169
internal_weight=217.654 98.1797 87.422 57.6776 11.229 46.4486 14.2835 32.1651 10.7576 9.09898 119.474 29.7444 23.3886 13.7863 9.60225 7.07603 112.398 109.784 96.7466 5.69363 13.0377 10.7436 91.0529 6.26114 7.02444 4.1419 6.35583 4.80424 5.66436 4.3104
internal_count=3383 1495 1389 915 109 806 162 644 106 96 1888 474 384 221 163 199 1689 1655 1453 76 202 181 1377 192 73 46 90 71 180 158
is_linear=0
shrinkage=0.05


Tree=93
num_leaves=27
num_cat=0
split_feature=23 42 35 12 61 78 44 34 60 32 38 29 22 15 29 36 21 12 25 22 21 22 28 67 25 66
split_gain=3.16339 3.13017 4.37685 2.83244 5.79998 4.7288 4.76174 4.43649 4.18261 3.96658 6.64139 3.62164 3.94183 5.29103 4.45877 3.28516 5.40608 2.61901 2.58014 2.27014 1.61018 1.49357 0.668158 0.112414 0.0712014 0.00950347
threshold=0.009808787735547388 46.412461253802924 0.58694650264250881 1.0000000180025095e-35 0.00056471621675654353 0.37940952255126054 5815.8265049999782 66354.05671313619 0.00030305358876967365 63869.001401426307 63786.772722815011 40.491376716177918 0.00057446037133135352 0.000585812356753035 -61.356720734034745 0.55577087088226718 0.0009561723030520054 -0.0026003266693866429 40.343299129212319 0.00099435049827434363 0.0029858655547759798 0.00088485599970855599 0.60399193269420492 0.82846235725733086 42.473267732299995 0.98166988715365788
decision_type=2 2 2 2 2 2 2 2 2 2 2 2 2 2 2 2 2 2 2 2 2 2 2 2 2 2
left_child=3 17 -3 5 7 11 -7 15 -6 22 -11 12 13 -1 -14 18 -17 -2 -5 -13 21 -8 -10 -19 -25 -26
right_child=1 2 -4 4 8 6 20 -9 9 10 -12 19 14 -15 -16 16 -18 23 -20 -21 -22 -23 -24 24 25 -27
leaf_value=-0.0032334627642358615 -0.02700845592172654 -0.049848061471508082 0.054763579454760659 -0.016623506860819249 -0.069738081134814042 0.037502546504484729 -0.050944815274456989 -0.031789576950752449 0.0063677812512022772 -0.080405989200768718 -0.0035220219663078343 0.0004304856494720756 0.062027905622590473 -0.053125578717844679 0.0061279925767766183 -0.0039453016701685327 0.035039179924594113 0.034153326953037355 0.053082871834924099 -0.068838707560929593 -0.10254030428536061 -0.0040163957776260893 0.053014386762827062 0.067219924327804562 0.052751012089371024 0.05851326389902492
leaf_weight=47.459396633319557 1.1550028938800085 2.6389587819576255 1.6097926953807471 1.5311744231730688 2.5866332510486236 1.9287011045962561 8.0290099540725333 4.4246606398373833 1.009442564100026 3.0253349076956502 39.252089276909828 1.8473272509872902 4.1332965902984169 5.98394926264882 26.047989615239203 20.293106024153531 15.829630889929829 0.63151591690257092 9.9803324704989773 3.2880871705710888 1.1883540153503407 2.1493589729070655 3.2052880683913827 1.2037985175848005 4.2883550738915801 0.85885299183428276
leaf_count=744 12 23 38 22 26 30 241 38 16 22 481 24 32 112 273 236 594 35 108 29 6 28 66 8 127 12
internal_value=4.17711e-05 0.0245734 -0.0102122 -0.00145363 0.00447641 -0.00733035 -0.0351393 0.0161023 -0.00785542 -0.00441252 -0.00902377 -0.00316482 -0.000661974 -0.00881979 0.0137834 0.0205509 0.0131384 0.0427356 0.0438111 -0.043921 -0.0474652 -0.041035 0.0418424 0.0542722 0.0562728 0.0537125
internal_weight=215.579 12.3863 4.24875 203.193 101.138 102.055 13.2954 52.0589 49.0788 46.4922 42.2774 88.76 83.6246 53.4433 30.1813 47.6342 36.1227 8.13753 11.5115 5.13541 11.3667 10.1784 4.21473 6.98252 6.35101 5.14721
internal_count=3383 255 61 3128 1609 1519 305 998 611 585 503 1214 1161 856 305 960 830 194 130 53 275 269 82 182 147 139
is_linear=0
shrinkage=0.05


Tree=94
num_leaves=31
num_cat=0
split_feature=22 42 12 13 6 59 62 69 59 59 44 10 6 13 29 12 79 68 15 70 50 61 72 59 3 26 70 76 76 14
split_gain=3.02044 4.29347 3.43477 4.24219 3.73129 5.09831 3.75712 3.13893 2.94005 2.90532 3.16623 2.83207 4.47555 4.15863 3.79306 3.47869 3.40193 2.70394 2.56556 2.47133 2.29708 2.29457 5.06741 2.10763 1.79546 1.69778 1.45017 1.35713 1.01072 0.937423
threshold=0.0012915180167083486 22.741529647510742 0.0011690311349908946 0.00036630169646945104 4165.0000000000009 0.00042877896057281589 0.00013287996734423873 0.84913307517938463 0.00041734668899138632 0.00093429952839152637 4829.9937000000018 0.0006075817929905859 4636.5000000000009 0.0024138101948083528 34.895621852519987 0.0019200434030419713 -0.12940952255126037 5.1454328156896885e-05 -0.0044923764653759237 0.84446279931415036 0.70817681732991555 0.00065422959716122323 0.0006123504399502029 0.00087211619130901391 62909.055000000008 0.20605979043210312 0.86202647515964947 38.500000000000007 37.500000000000007 -0.00095008434553262011
decision_type=2 2 2 2 2 2 2 2 2 2 2 2 2 2 2 2 2 2 2 2 2 2 2 2 2 2 2 2 2 2
left_child=9 18 3 21 23 8 -7 25 -6 10 19 13 17 14 -12 -14 -15 -13 -2 28 -9 22 -3 24 -4 -5 -23 -11 -1 -20
right_child=1 2 4 7 5 6 -8 20 -10 27 11 12 15 16 -16 -17 -18 -19 29 -21 -22 26 -24 -25 -26 -27 -28 -29 -30 -31
leaf_value=0.036135681272846519 -0.066313048513084435 0.024729609568492385 -0.032458396273801308 -0.03803908052533015 -0.013213329659060767 0.036102915035375827 -0.018539080954381542 -0.085691789726814432 -0.10712719627704954 -0.048691105928423351 -0.008382200762018472 0.038088205968040169 0.010312338067639475 -0.0078963616603209205 0.022974960795987057 -0.041420584692149182 -0.067918126816511076 0.0025366091377297694 0.011796567709661247 -0.0041138887293420785 -0.026172269096702047 0.061269012714439047 -0.03963938293967581 -0.039551539272119123 0.050198052708971409 0.045302937182316087 0.0081856883972277403 0.011513965783003679 0.095175865621744557 0.054198978372022949
leaf_weight=1.4054821468889707 0.53264140710234542 6.2922803396359139 0.70524644479155618 1.0508914105594143 1.9398529045283823 8.165502028539775 5.1174528226256362 3.1871024556457996 1.4610200822353361 5.0120803955942383 83.697190004400909 12.164547270163895 6.7412802288308722 4.480514220893383 10.899901456199585 6.2736607976257801 4.9898193590342981 9.5449031041935068 1.5856012934818853 2.15279620885849 3.2990457471460104 2.4328036382794371 5.9475945336744189 0.80312637798488218 9.6026449622586352 1.4600908192805944 2.7307955734431744 1.1510018166154621 1.4969936590641735 7.3249854724854222
leaf_count=23 5 80 8 11 44 178 63 23 7 86 1319 206 71 40 105 51 37 137 27 24 41 22 70 10 370 41 21 16 17 230
internal_value=4.17346e-05 0.0091693 0.00374813 -0.0091674 0.0160158 0.00106562 0.0150513 -0.037043 -0.0535589 -0.00383044 -0.00239014 -0.00380587 0.00855874 -0.0079316 -0.00476909 -0.0146248 -0.0395212 0.0224574 0.0402818 0.0364786 -0.0554184 0.00524353 -0.00654854 0.0384643 0.0445429 0.0104228 0.0331956 -0.0374474 0.0665865 0.0466536
internal_weight=213.649 63.6387 54.1955 26.4006 27.7948 16.6838 13.283 8.99713 3.40087 150.01 143.847 138.792 34.7244 104.067 94.5971 13.0149 9.47033 21.7095 9.44323 5.05527 6.48615 17.4035 12.2399 11.111 10.3079 2.51098 5.1636 6.16308 2.90248 8.91059
internal_count=3383 1251 989 309 680 292 241 116 51 2132 2030 1966 465 1501 1424 122 77 343 262 64 64 193 150 388 378 52 43 102 40 257
is_linear=0
shrinkage=0.05


Tree=95
num_leaves=31
num_cat=0
split_feature=21 67 60 21 65 60 62 0 32 37 60 38 21 65 67 22 2 74 45 41 21 2 34 24 32 17 22 0 21 26
split_gain=2.84111 5.14038 3.21013 3.18815 3.23386 3.32397 3.02622 2.36239 4.39026 6.70654 4.87121 4.79388 4.26442 3.91907 4.65171 4.16173 3.41195 3.31103 2.57905 2.25679 2.22086 1.9969 1.93335 0.013123 0.00535369 0.00253689 0.00171408 0.00153215 0.00121547 0.000829291
threshold=0.00065107709692036064 0.8249567824984062 0.00028862353511936207 0.00078473903099052233 0.0051212294767676624 0.00029738393794821537 0.0002224096938931794 64048.990000000013 64627.720207833721 64619.20144673944 0.00057946083877855905 64111.326887419018 -0.0040013608905932188 0.0060912805334998894 0.87210862955882262 -0.0043401216098214448 64643.005000000012 48.345323844062484 5623.9392471325127 29.868699146605753 0.00078654059059057879 64200.005000000012 64483.338704070367 51.635234374446966 64395.803833885562 -0.00021933695999576394 0.0013033238190381937 65584.115000000005 -0.00086714260236858676 0.5474040133485657
decision_type=2 2 2 2 2 2 2 2 2 2 2 2 2 2 2 2 2 2 2 2 2 2 2 2 2 2 2 2 2 2
left_child=2 20 23 22 25 19 -7 12 11 10 -10 17 18 14 -14 -15 -11 -9 -4 -6 -2 -13 -3 28 -20 -5 27 29 -1 -22
right_child=1 3 7 4 5 6 -8 8 9 16 -12 21 13 15 -16 -17 -18 -19 24 -21 26 -23 -24 -25 -26 -27 -28 -29 -30 -31
leaf_value=-0.051525871264780879 -0.036942680455270292 -0.00037531697372511713 0.021096821640771094 0.054617895976581489 -0.0037555638195356602 -0.0014479241136139583 0.055819224745661124 0.046887164602740283 -0.004030114484480235 -0.05617341203155958 0.060311626749760351 -0.053809466935342602 0.086282304635946216 -0.042073420581541315 0.013650088889110623 0.013818740099826572 -0.0053627182875106262 -0.038024458760576862 -0.052655151483379049 -0.092037105736528207 0.053108594770923737 -0.02181171111398985 0.06559543471096993 -0.059754818036738461 -0.056848321292685938 0.051394328628907221 0.051021427657603924 0.053921732193247265 -0.053974913413685155 0.051354071159067198
leaf_weight=1.7714731963351373 0.77386438194662144 1.7200764901936043 1.6077672615647305 0.87876059347763691 1.2798603819683187 66.352928232867271 2.3899968899786463 3.3131215004250434 5.160461029969154 3.5690068444237104 6.8416229356080294 9.3369712177664059 3.5927961319685 4.1580816525965956 5.7045209994539618 16.734195935539901 44.486713273450732 1.756866782903671 3.0562386633828282 1.6665821820497511 0.98802762851119075 10.205342726781963 3.1341653410345316 0.75497133284807194 1.0136994011700151 1.9980992502532888 3.2762660798616707 1.3668640181422231 0.70956538431346339 2.1155348643660545
leaf_count=69 11 22 19 14 40 956 47 39 77 72 56 140 19 78 74 237 651 15 89 7 20 126 34 7 12 105 217 23 13 94
internal_value=4.39311e-05 0.00691551 -0.00483833 0.00295602 0.000400004 -0.00168589 0.000543093 -0.00351897 -0.00807481 -0.000786257 0.032647 -0.02586 0.00723577 0.0147124 0.0417176 0.00269481 -0.00913633 0.0174633 -0.0325193 -0.0536898 0.0438221 -0.0370997 0.042219 -0.0539827 -0.0536995 0.052379 0.0518902 0.0525269 -0.0522263 0.0519126
internal_weight=211.714 87.941 123.773 79.4205 74.5662 71.6894 68.7429 120.537 84.6701 60.0578 12.0021 24.6123 35.8673 30.1896 9.29732 20.8923 48.0557 5.06999 5.67771 2.94644 8.52056 19.5423 4.85424 3.23601 4.06994 2.87686 7.74669 4.47043 2.48104 3.10356
internal_count=3383 1590 1793 1225 1169 1050 1003 1704 1176 856 133 320 528 408 93 315 723 54 120 47 365 266 56 89 101 119 354 137 82 114
is_linear=0
shrinkage=0.05


Tree=96
num_leaves=31
num_cat=0
split_feature=22 61 35 58 27 58 15 10 23 73 74 74 13 70 35 13 14 10 42 22 69 69 15 70 44 14 65 12 69 25
split_gain=2.7949 4.07156 4.60606 4.1741 4.58114 3.46328 3.40196 3.47787 3.23313 3.22947 2.66961 4.83428 3.91918 5.97848 6.65767 4.47613 3.62784 3.35949 3.16328 4.00677 5.48058 3.93438 3.02031 2.6251 2.41841 2.39683 2.36077 2.20681 2.32368 2.15692
threshold=0.0012915180167083486 0.00039596906193193926 0.35129024571130485 0.00085079796881710015 0.13011579079926289 0.001069732814373357 -0.0020569715105864801 -0.00046150284951179671 0.008360614922835909 1.5169145759764315 21.197600286948539 23.240498732136885 -0.00075639377193076329 0.81016220731984301 0.40230440081356639 0.00076414280066416939 -0.0040484754892258215 0.0001382869728721037 19.666730460823786 0.0012727370202528789 0.86071634508949757 0.47854807723830911 -0.0046251005019332095 0.78895761735595304 7027.8477949999733 0.0016591379554464771 0.0063112567204314744 -0.00027817546797403997 0.48952415942246824 22.205458052035365
decision_type=2 2 2 2 2 2 2 2 2 2 2 2 2 2 2 2 2 2 2 2 2 2 2 2 2 2 2 2 2 2
left_child=10 26 6 4 -4 8 7 -3 -5 -6 12 22 16 14 15 -14 29 -15 21 20 -20 -13 -12 24 -8 -25 -2 -28 -29 -1
right_child=1 2 3 5 9 -7 23 -9 -10 -11 11 18 13 17 -16 -17 -18 -19 19 -21 -22 -23 -24 25 -26 -27 27 28 -30 -31
leaf_value=0.015774514409751295 0.052399731505042527 -0.031805222128145592 -0.045528187268416925 -0.035398521282093184 -0.0097631684159347355 0.033997791704228418 0.041621022373755014 0.067336734416408806 0.02144888743061504 0.046621472474958785 -0.034098663729083392 0.020856277391792959 -0.0172049485369212 0.048455372577317038 -0.054161964454801419 0.044990581123913582 -0.045538349482763085 -0.0034157872220792994 0.02205742870978912 -0.052284913794145987 -0.0073866295193884633 -0.044393221013210138 0.04305545397551741 -0.074441101631141135 -0.0474441915144019 -0.016944019279201559 -0.044088557260964271 -0.032632857942260896 0.055305319629104982 -0.036304769318434009
leaf_weight=5.3431922663003224 7.4315678710117918 1.6648893263190987 1.8978015780448938 8.8865092843770999 3.1043362114578512 4.025058787316083 1.7615111055783912 1.8873779047280539 3.4808829333633176 13.957327090669422 1.4647675594314922 3.1666290629655114 8.4621616145595926 7.0282317511737329 7.9449291322380295 4.3954480150714508 13.093001306988297 5.6155643695965409 25.772767956368625 3.3191865123808375 40.859942643903196 8.5428529642522317 9.4641054747626168 4.5467068748548627 1.3434654306620357 3.0140987616032362 1.4462171145714817 1.0706147812306883 2.517980725504458 3.1662324164062738
leaf_count=77 213 16 22 80 66 51 52 34 56 398 20 36 148 62 62 87 300 74 368 23 551 131 140 44 22 49 21 18 109 53
internal_value=4.22941e-05 0.00894776 0.00252402 0.0121898 0.0281653 -0.00628735 -0.0215092 0.0208705 -0.0193984 0.0363624 -0.00369969 0.00148455 -0.0124194 -0.00169753 -0.0181781 0.00405695 -0.0290197 0.0254175 -0.00269504 0.00133121 0.00400199 -0.0267476 0.0327147 -0.0356239 0.00308417 -0.05152 0.0344904 0.00805569 0.02907 -0.00360343
internal_weight=209.675 62.0363 49.57 35.3519 18.9595 16.3925 14.218 3.55227 12.3674 17.0617 147.639 92.5903 55.0488 33.4463 20.8025 12.8576 21.6024 12.6438 81.6614 69.9519 66.6327 11.7095 10.9289 10.6658 3.10498 7.56081 12.4664 5.03481 3.5886 8.50942
internal_count=3383 1251 890 673 486 187 217 50 136 464 2132 1269 863 433 297 235 430 136 1109 942 919 167 160 167 74 93 361 148 127 130
is_linear=0
shrinkage=0.05


Tree=97
num_leaves=31
num_cat=0
split_feature=21 65 46 60 56 52 16 49 68 73 45 44 32 45 30 14 14 35 16 32 41 30 56 47 52 41 76 42 36 15
split_gain=2.68453 2.64953 2.40538 4.34831 3.24079 2.83768 2.59683 4.22874 2.53942 3.63611 2.4706 2.41164 5.04869 4.24788 2.25623 6.05664 4.00908 3.5708 3.3803 2.53098 3.49643 2.46241 2.13851 1.7253 1.59999 1.16327 2.58451 0.483796 0.05626 0.00578188
threshold=-0.00021426771200661052 0.0051212294767676624 -0.18627184901714586 0.00074977223655867716 0.0021821821879221639 0.6243805229369096 -0.00035758044391473611 0.24181775346693732 -3.011429736693438e-05 4.027165712356898 4771.8165791768324 7580.8667549999955 65088.118338003747 6862.1470175539207 -52.810105883216224 -0.0028300395042705757 -0.00078462964995357199 0.38912488882503932 -0.0010531090556416209 64445.818705582242 80.082306664335206 -42.129442006898351 0.0018676318833688802 1.2261849690482218 0.47748784497884217 50.046671499618917 4.5000000000000009 16.919731230659469 0.19311490451017893 -0.0060379111067098692
decision_type=2 2 2 2 2 2 2 2 2 2 2 2 2 2 2 2 2 2 2 2 2 2 2 2 2 2 2 2 2 2
left_child=2 27 3 11 6 25 7 -4 9 -8 -9 12 13 -1 19 21 17 -17 -18 20 24 -16 -10 -13 -3 -6 -27 -2 -21 -30
right_child=1 14 4 -5 5 -7 8 10 22 -11 -12 23 -14 -15 15 16 18 -19 -20 28 -22 -23 -24 -25 -26 26 -28 -29 29 -31
leaf_value=0.016679037756704033 -0.010773100219372979 -0.050745935793192788 0.066358942276467561 0.092837183194965076 0.066444173008237947 -0.021722122172801644 0.018128422068351028 0.051929403838351706 -0.017267226015638109 -0.0287299890802441 -0.044188602698850804 0.0054597245181547448 -0.052806427583052776 -0.052721624908642434 0.00016640966830531141 0.050143823318980221 -0.040096493090336201 -0.01292841174386113 0.0037545907087976542 0.068119222266280199 0.056474344014987646 -0.058015237541618241 -0.081666485413463386 0.071386736406493304 0.0069096880460365138 0.058139109019225067 -0.016799058198112022 0.052151382169323551 0.057614702709685543 0.052497042597813542
leaf_weight=15.628082826733602 0.33545559225603883 1.9427860043942908 1.001971860416236 1.3729281574487675 1.9512894228100757 3.4898884631693363 13.398490057326855 0.70116107724606891 18.858194097876552 5.9912706427276126 14.373867182992397 2.0412677871063347 4.3982720868661991 2.5670528719201675 2.6767879314720631 8.2418112521991116 4.671108651906251 3.083625682629644 74.282951950095594 1.3334001004695895 2.5700325015932322 5.6720969695597869 1.3836939483880986 1.9312984207645056 3.1613275511190295 2.2832342833280563 2.3193101435899734 3.416880588978529 1.1290316805243494 1.0797007288783786
leaf_count=205 15 13 11 13 23 32 172 9 290 87 315 32 140 92 25 122 40 39 1323 7 34 39 9 17 32 19 29 158 11 30
internal_value=4.32729e-05 0.0052108 -0.00622215 0.00606816 -0.0114444 0.0146984 -0.0161577 -0.0331069 -0.00928212 0.00364957 -0.039718 0.00158394 -0.00473301 0.00688768 0.00379946 0.00138291 0.00515085 0.0329709 0.00116026 0.025049 0.00891255 -0.0393613 -0.0216694 0.0375107 -0.0150359 0.0340922 0.0203763 0.046526 0.0600091 0.055113
internal_weight=207.288 113.597 93.6913 27.9389 65.7524 10.0437 55.7086 16.077 39.6316 19.3898 15.075 26.566 22.5934 18.1951 109.845 98.6284 90.2795 11.3254 78.9541 11.2163 7.67415 8.34888 20.2419 3.97257 5.10411 6.55383 4.60254 3.75234 3.54213 2.20873
internal_count=3383 1888 1495 499 996 103 893 335 558 259 324 486 437 297 1715 1588 1524 161 1363 127 79 64 299 49 45 71 48 173 48 41
is_linear=0
shrinkage=0.05


Tree=98
num_leaves=31
num_cat=0
split_feature=22 42 12 73 62 6 59 76 58 61 59 58 15 35 28 22 76 46 76 59 14 3 25 14 66 73 7 42 63 30
split_gain=2.61284 3.88689 2.89888 4.5213 4.07522 3.32726 4.30265 3.4278 2.99349 2.85987 2.59091 2.84717 3.32282 4.34255 3.39853 3.07698 3.24662 2.58039 2.91943 2.55301 2.09467 1.77681 1.71823 1.4731 1.21398 1.20515 1.178 0.556584 1.19337 0.396015
threshold=0.0012915180167083486 22.741529647510742 0.0011690311349908946 4.1973842989678349 6.3568467982374653e-05 4165.0000000000009 0.00042877896057281589 47.500000000000007 0.001033295689321888 0.0007059042075922196 0.00093429952839152637 0.00094541244818300717 -0.010367814933541218 0.86796057356199252 0.2472579485227874 -0.0072730673542571447 4.5000000000000009 -0.12816314031130957 32.500000000000007 0.00041734668899138632 -0.0025877099358981299 62909.055000000008 63.066647874241532 -0.0035223371866137105 0.98982610597610032 2.2936291974265433 11.699630000000001 20.561379469441295 0.0017622997427756699 -7.3248451261585528
decision_type=2 2 2 2 2 2 2 2 2 2 2 2 2 2 2 2 2 2 2 2 2 2 2 2 2 2 2 2 2 2
left_child=10 20 3 4 23 8 19 -8 21 -6 11 12 -1 14 -14 16 -13 -5 -19 -7 -2 -4 -15 -3 29 -17 -18 -22 -29 -12
right_child=1 2 5 17 9 6 7 -9 -10 -11 24 15 13 22 -16 25 26 18 -20 -21 27 -23 -24 -25 -26 -27 -28 28 -30 -31
leaf_value=0.040786707085958711 -0.045770602573396657 0.074672364296006238 -0.030183599101194964 0.0214898393071613 -0.045653886516673174 -0.010901748489757243 0.031321588525192623 -0.02489399503922925 -0.043005630133832851 0.024627078008648565 -0.055876227633226444 0.049006247357556494 -0.016923333444656654 -0.061351210072673183 0.0018469593402781548 0.01400562114874513 -0.056680540239263388 -0.06290830105657387 0.00037852783841698154 -0.098654408329334947 0.056368746638277172 0.052836592433561702 -0.0044002824319312748 0.021954453525703355 0.0066972650282792617 0.064486193286161703 0.0053952455172499979 -0.0070913732610141736 0.057575990210815442 -0.018448941818712872
leaf_weight=3.9614729210734358 0.66432895511388679 1.6529515348374832 0.69737735204398887 1.7810454131104041 4.0930648799985638 1.8962617423385411 8.9249955941922945 3.8951846398413172 1.0387510024011124 2.2394233737140894 3.6285472661256786 1.792583182454109 33.791841034777462 4.7116701528429976 84.211394161917269 1.7227689567953328 2.1359427608549599 6.2595096612349135 2.5706250937655568 1.4724295511841772 5.1986375832930189 8.4976759604178351 1.8422274105250833 6.6814512312412289 1.2737055867910383 3.7687991242855787 1.1900799386203287 1.2780247870832684 1.6148777650669215 0.87772860936820452
leaf_count=31 4 16 8 22 44 44 182 59 12 22 70 10 688 52 1125 18 34 68 36 7 181 368 17 101 12 41 14 32 45 20
internal_value=4.0691e-05 0.00877217 0.00355482 -0.00854987 0.00943646 0.0151351 0.00102812 0.0142415 0.0374511 -0.0207997 -0.00360212 -0.00223941 -0.00429458 -0.00572836 -0.00352817 0.0226543 -0.00523538 -0.0334108 -0.0444843 -0.0492578 0.0395791 0.0465401 -0.0453429 0.0324099 -0.0364036 0.0486498 -0.0344693 0.0465864 0.0290073 -0.0485862
internal_weight=205.365 60.4566 51.7007 25.2781 14.6669 26.4227 16.1889 12.8202 10.2338 6.33249 144.909 139.129 128.519 124.557 118.003 10.6102 5.11861 10.6112 8.83013 3.36869 8.75587 9.19505 6.5539 8.3344 5.77998 5.49157 3.32602 8.09154 2.8929 4.50628
internal_count=3383 1251 989 309 183 680 292 241 388 66 2132 2030 1913 1882 1813 117 58 126 104 51 262 376 69 117 102 59 48 258 77 90
is_linear=0
shrinkage=0.05


Tree=99
num_leaves=23
num_cat=0
split_feature=23 27 24 66 66 43 38 45 45 62 57 22 66 41 62 62 27 22 25 39 61 45
split_gain=2.55762 2.76188 2.93018 2.27092 2.39348 4.56013 3.37466 3.37459 5.50666 3.78512 2.32983 3.92167 1.2877 1.28152 1.03335 0.7831 0.777468 0.0159235 0.000717774 0.000546351 0.000160682 0.000151791
threshold=0.009808787735547388 0.54771171828086385 63.641535091308477 0.42832500662411516 0.67657080579946682 28.163875573529236 66785.763378291434 7813.8370544876898 7714.8273295617955 3.4637837919878808e-05 0.000546048449125355 -0.0025794997088930956 0.95185999338086891 71.780673031454114 0.00010416146767514165 8.3369077028671332e-05 0.56523375642931473 -0.0037353679414005576 52.945340462982223 63603.326219448179 0.00073741206076600866 5374.099033151957
decision_type=2 2 2 2 2 2 2 2 2 2 2 2 2 2 2 2 2 2 2 2 2 2
left_child=3 2 12 14 5 15 7 8 -6 -9 11 -7 -2 -14 -1 -5 -12 -3 -19 20 -20 -21
right_child=1 17 -4 4 6 10 -8 9 -10 -11 16 -13 13 -15 -16 -17 -18 18 19 21 -22 -23
leaf_value=-0.0058466914963826774 -0.012185445305287796 0.059732869933166066 -0.047558084742336498 -0.0050572749616379963 -0.0013198182153550462 -0.060238271530916244 -0.063532795321303626 -0.036799820561277931 -0.060250388489678154 0.051299515808704045 0.0793520750132123 0.04472644473637967 0.0076674654061433109 0.071153525282619021 -0.065055382235436471 -0.059627478568059424 0.041320934336414185 0.054302726007572966 0.052795261658421161 0.051773543852154061 0.051910764629593369 0.050642370359370942
leaf_weight=1.1652330216020339 1.6164198834449033 0.82257981598377217 2.0162650775164366 1.1447423119097941 163.32492424966767 1.3659375403076404 2.2065723594278088 1.555925991386174 4.0627329843118778 5.6335707362741232 2.4822013815864921 2.5531865456141523 1.4473454579710963 1.7633129004389045 2.0047736344859004 1.5443380475044248 2.930190771818161 0.32024493440985713 0.98615272901952344 0.45133687835186698 1.0712430123239753 0.86486809235066175
leaf_count=33 28 8 17 26 2658 17 21 37 72 79 30 66 21 24 23 21 45 6 23 15 33 80
internal_value=4.13314e-05 0.0230939 0.0030653 -0.00132277 -0.000618119 0.0209711 -0.0020861 -0.00130944 -0.00275015 0.0322334 0.0375029 0.00814295 0.0242106 0.0425344 -0.0432914 -0.0363969 0.0587626 0.0534415 0.0520405 0.0518258 0.0523347 0.0510303
internal_weight=203.334 11.3598 6.84334 191.974 188.804 12.0206 176.784 174.577 167.388 7.1895 9.33152 3.91912 4.82708 3.21066 3.17001 2.68908 5.41239 4.51643 3.69385 3.3736 2.0574 1.3162
internal_count=3383 255 90 3128 3072 205 2867 2846 2730 116 158 83 73 45 56 47 75 165 157 151 56 95
is_linear=0
shrinkage=0.05


Tree=100
num_leaves=31
num_cat=0
split_feature=21 35 46 75 67 63 62 71 22 69 41 59 14 67 14 70 63 57 33 39 42 42 60 59 71 55 56 59 25 15
split_gain=2.3515 4.40461 4.3793 3.13629 3.07618 2.76625 5.70596 2.5629 2.51931 5.82783 2.45 2.98977 2.41519 2.59463 3.9296 2.10243 2.34398 2.82477 1.93625 1.81022 2.77417 1.71195 1.24962 1.11015 0.833727 0.788428 0.267968 0.0209289 0.0139677 0.00231987
threshold=-0.0015361486470858441 0.50003405913669097 0.25184916219825765 1.0000000180025095e-35 0.88552672068424299 0.0013599481605087607 4.2962242853828904e-05 -0.00067248022485288928 -0.0060198657627308907 0.97798567242909129 80.082306664335206 0.00076594623916438696 -0.0062559353799319086 0.85208363492657602 -0.013041542139009986 0.91229231970636093 0.0015237565959581938 0.0011098032191679669 64311.141750000017 64427.431067515652 29.376377839289599 42.936442190554523 0.00063626374713094346 0.00057153767650798613 0.00031859265055766978 66198.665755888112 -0.0019223912410022135 0.00049665462982157631 57.937232262166646 -0.010367814933541218
decision_type=2 2 2 2 2 2 2 2 2 2 2 2 2 2 2 2 2 2 2 2 2 2 2 2 2 2 2 2 2 2
left_child=1 2 5 4 26 6 27 21 9 24 11 -10 13 -3 -15 16 23 -18 -12 -17 -21 22 -5 -14 -9 28 -2 -1 -7 -16
right_child=3 12 -4 7 -6 25 -8 8 10 -11 18 -13 15 14 29 19 17 -19 -20 20 -22 -23 -24 -25 -26 -27 -28 -29 -30 -31
leaf_value=-0.051610374072618974 0.085470093293053509 0.042645559698937616 0.020330106649776681 -0.022282006494839909 -0.0020459681018626698 -0.051796278652258942 0.045985824777233009 -0.06271804414505304 0.0068130221712883691 0.057472133833414013 0.055650104948384099 -0.014728861577600819 0.011300740785197331 0.051351068988359665 -0.05465933099298706 0.069551459792246625 0.0026728202122889041 -0.06106036652674867 -0.0075879248143875012 -0.027469843690892976 0.057221661520662874 0.011820102201106141 -0.073516770065927439 0.07256769156756028 -0.019332704432713888 -0.0097802102395385879 0.057388211598001615 -0.061543907858016236 -0.056453060333708671 -0.05246859350645583
leaf_weight=2.3674780577421255 1.4676700159907343 1.3010170757770563 4.2525544017553321 2.8240746730007222 2.678398733958602 9.8814226789399964 2.6973965568467975 3.9134117029607287 102.4374906369485 1.6231901925057171 4.0505346562713376 19.111914854496717 1.4334706161171262 1.087089531123637 1.9485946223139756 2.4300058856606475 13.183384976349769 2.0026761200278989 1.7263290137052534 1.951882138848305 1.9161498509347437 1.9236286915838716 2.0569378864020109 1.527003727853298 1.5443067420274017 1.1854436993598927 2.0169765492901197 0.68328584730625141 1.9237340036779631 3.1813971158117069
leaf_count=109 8 11 32 35 36 408 38 53 1777 20 64 220 30 8 31 11 172 21 17 26 19 24 17 12 16 20 35 5 25 83
internal_value=4.02247e-05 -0.00878704 -0.0254773 0.00333178 0.0382461 -0.0358728 -0.00699293 0.00180798 0.00332361 -0.0257042 0.00493791 0.00342587 0.00321858 -0.0215648 -0.0350018 0.0108409 0.00220224 -0.00573205 0.0367524 0.0357314 0.0144847 -0.028129 -0.0438732 0.042902 -0.0504418 -0.0486518 0.0692158 -0.0538352 -0.0525551 -0.0533007
internal_weight=202.329 54.954 22.9913 147.375 6.16305 18.7388 5.74816 141.212 134.407 7.08091 127.326 121.549 31.9627 7.5181 6.21708 24.4446 18.1465 15.1861 5.77686 6.29804 3.86803 6.80464 4.88101 2.96047 5.45772 12.9906 3.48465 3.05076 11.8052 5.12999
internal_count=3383 1061 637 2322 79 605 152 2243 2167 89 2078 1997 424 133 122 291 235 193 81 56 45 76 52 42 69 453 43 114 433 114
is_linear=0
shrinkage=0.05


Tree=101
num_leaves=17
num_cat=0
split_feature=23 66 45 21 15 66 32 14 9 46 63 57 50 58 7 15
split_gain=2.36295 2.09247 2.2902 2.36363 2.67815 3.07173 2.03253 2.98302 1.98364 3.23254 2.24436 1.78883 1.4519 0.887504 0.782678 0.577788
threshold=0.009808787735547388 0.42832500662411516 4740.2509986648056 -0.004414770304740522 -0.016813578180158602 0.59884312662175576 62995.780705169374 0.00969469402951262 -0.00034036415900862144 -0.21337015567054818 0.00085242002197392019 0.0012334855150735063 1.3746515895536309 0.00072717872719533464 1.8956200000000003 -0.0032693102504304235
decision_type=2 2 2 2 2 2 2 2 2 2 2 2 2 2 2 2
left_child=1 13 -3 4 -4 -6 -2 11 9 -5 -10 14 -13 -1 -8 -16
right_child=6 2 3 8 5 -7 7 -9 10 -11 -12 12 -14 -15 15 -17
leaf_value=-0.011113587495425356 -0.03113522455657676 0.067261981704909005 0.066895336542069361 0.016678738629579717 0.046790340263597907 -0.033833553030658985 -0.0011785221214177738 -0.062261698188462639 -0.055146426012061878 -0.014773908360049574 0.0047380211703306578 -0.040180760998410094 0.04080004005235488 -0.065489606400275208 0.1014510464157056 0.052822209315210436
leaf_weight=1.3108303267508739 1.516166703775524 1.2351038269698609 0.82386191189288993 10.412307606078683 1.3089516349136818 12.123425470665095 0.60443300800397626 0.78252983279526311 1.5851008929312218 37.91640132619068 120.99212347017601 1.0910547282546761 1.1233903439715502 1.7551881726831196 0.69299318827688416 5.1519730510190156
leaf_count=37 18 26 6 145 14 267 20 6 30 556 2028 12 30 19 5 164
internal_value=3.43307e-05 -0.00127158 -0.000597664 -0.00105031 -0.0206099 -0.025977 0.0226041 0.0312294 0.000581263 -0.00799751 0.00396363 0.0396736 0.000900886 -0.042242 0.0529865 0.0585878
internal_weight=200.426 189.463 186.397 185.162 14.2562 13.4324 10.9625 9.44637 170.906 48.3287 122.577 8.66384 2.21445 3.06602 6.4494 5.84497
internal_count=3383 3128 3072 3046 287 281 255 237 2759 701 2058 231 42 56 189 169
is_linear=0
shrinkage=0.05


Tree=102
num_leaves=31
num_cat=0
split_feature=21 67 60 21 65 62 60 39 45 28 14 74 66 70 30 62 60 46 45 61 67 18 33 24 11 11 21 33 22 22
split_gain=2.25411 4.6202 2.96757 2.85992 2.80092 2.89751 2.61221 2.12552 5.6025 3.6911 3.52559 3.04726 3.46309 2.47957 4.3727 4.35838 5.21537 2.98254 2.0798 1.86946 1.41658 0.516451 0.149668 0.0121646 0.00164884 0.00143227 0.00126431 0.000475617 0.000276416 0.000204181
threshold=0.00065107709692036064 0.8249567824984062 0.00028862353511936207 0.00078473903099052233 0.0051212294767676624 0.0002224096938931794 0.00029738393794821537 63819.249817630371 5777.4974697106973 0.84105368080912712 -0.0035819448245013592 21.291319563658206 0.96925517956704643 0.5666228974065235 17.963378896803004 4.8732998549303208e-05 0.00081549670442072485 0.31899321560412081 8032.903588076626 0.00051353051977060719 0.83942268230246275 -0.0013336771512596488 64599.385500000004 51.635234374446966 -0.00021933695999576394 -0.00044428078238056829 -0.00024108015517676493 66582.293750000026 -0.00081959875322096243 0.00035293348625620174
decision_type=2 2 2 2 2 2 2 2 2 2 2 2 2 2 2 2 2 2 2 2 2 2 2 2 2 2 2 2 2 2
left_child=2 18 23 19 24 6 -6 8 9 10 -4 12 -10 14 21 16 -15 -17 25 -3 -13 -9 -7 26 -5 -2 -1 28 -27 -26
right_child=1 3 7 4 5 22 -8 13 11 -11 -12 20 -14 15 -16 17 -18 -19 -20 -21 -22 -23 -24 -25 29 27 -28 -29 -30 -31
leaf_value=-0.051409858485962648 0.053226203617857681 -0.0013700033411269358 0.0039718665096470625 0.054005324564533802 -0.050632653100597828 0.044742955213794115 -0.001564139928902355 0.022835543284134178 -0.040888395570518432 0.048201535880300392 -0.056804781470920919 0.094103089642723806 0.054850913833417586 -0.032006070628576945 -0.048221593963046941 -0.004821657419113801 0.078887345932528163 0.036669811983739052 -0.037715820151560199 0.064695632090268851 0.043173647686769935 0.060504015783450139 0.071811084710482476 -0.05953392668110126 0.052156269045622795 0.051947157381389865 -0.054215789545818731 0.052871278853952944 0.051019605428444373 0.050911460934059474
leaf_weight=1.7132505243644123 1.1981929675675926 1.6833970695734013 4.8305304422974578 0.78201532736420665 2.8336094971746197 1.246622417122125 63.369006148539484 1.2756941514089701 2.0981798563152538 2.0295686246827236 4.7154767513275173 1.9544288162142036 1.7179029230028389 22.742304194718603 1.5326539874076841 57.160598563961685 1.1121112182736386 4.6863020341843358 0.71823855489492405 2.9424485582858324 4.5298761446028948 3.1737477714195839 0.8650549966841935 0.72136147692799557 0.44494932144880195 0.98711835872381914 0.52431885525584143 0.45835627987980831 4.31109007121995 1.2687405589967964
leaf_count=74 27 23 81 14 47 32 956 31 37 32 65 12 21 449 14 806 12 31 6 33 78 35 15 7 13 36 8 9 287 92
internal_value=3.25644e-05 0.00632359 -0.00445462 0.00256374 7.54169e-05 -0.00182528 -0.00366437 -0.00316658 0.0108374 -0.0130315 -0.0260502 0.0376613 0.00221099 -0.00650799 0.0246149 -0.00868042 -0.0268361 -0.00167774 0.043288 0.0406536 0.0585242 0.0497041 0.0558315 -0.0538876 0.0521028 0.0516535 -0.0520674 0.0513261 0.0511924 0.0512347
internal_weight=199.627 83.1088 116.518 75.4358 70.81 68.3143 66.2026 113.559 21.876 11.5756 9.54601 10.3004 3.81608 91.6834 5.9821 85.7013 23.8544 61.8469 7.673 4.62585 6.4843 4.44944 2.11168 2.95893 2.49571 6.95476 2.23757 5.75656 5.29821 1.71369
internal_count=3383 1590 1793 1225 1169 1050 1003 1704 326 178 146 148 58 1378 80 1298 461 837 365 56 90 66 47 89 119 359 82 332 323 105
is_linear=0
shrinkage=0.05


Tree=103
num_leaves=22
num_cat=0
split_feature=23 60 62 59 15 21 58 38 83 28 11 41 45 60 70 73 28 26 27 62 7
split_gain=2.14992 3.40463 3.3299 3.13774 2.88042 3.13689 3.05073 5.07444 2.98226 2.88321 2.77101 2.54539 2.05574 1.97903 0.165064 0.151884 0.0101527 0.00652693 0.00070504 0.000146024 0.000131535
threshold=-0.016135671453120001 0.00051419551232168622 0.00022921988763948295 0.0010359009172052024 -0.010367814933541218 -0.0037040062555472315 0.00083053608153781122 64349.102234450496 1.5000000000000002 0.42673642577591092 -0.00047442034348771362 62.092973860269502 4771.8165791768324 0.00050702462640111806 0.85404910039034865 1.1693092448554137 0.68197791656805984 0.48708617430327233 0.37967093147277281 0.0001956930470908216 10.185210000000003
decision_type=2 2 2 2 2 2 2 2 2 2 2 2 2 2 2 2 2 2 2 2 2
left_child=1 15 4 -3 13 9 8 -8 -7 12 -11 14 -6 -2 -4 -1 18 -16 19 -17 -19
right_child=2 3 11 -5 5 6 7 -9 -10 10 -12 -13 -14 -15 17 16 -18 20 -20 -21 -22
leaf_value=-0.078702972916699337 0.068968343524549544 0.055115119663642576 0.076076989976298443 -0.05318011550493168 0.018524484060363271 0.021035595733547092 0.0059812580710943324 -0.038260827280815486 0.00067834515691516718 0.055237543848761762 -0.021555479112511839 -0.0075325692147511702 -0.045088743067007185 0.0060789624620954117 0.057495090398867445 -0.051085199267372844 -0.058995705123324707 0.051679154996867455 -0.053510629088881101 -0.052178170391938422 0.052690118385180999
leaf_weight=0.81445210054516737 2.481130462139844 1.7299704318866136 1.4360299333930009 1.090480728074908 1.4652587771415699 21.243876248132437 13.755741069093348 12.255637436173854 117.48030487494543 1.9762567328289149 2.8963742293417445 1.9619003217667339 9.5317436316981894 2.5229934062808752 1.0151823461055758 0.59915011655539341 0.81526307575404633 0.70340538397431351 0.86067531816661347 0.62372609227895737 0.59297949634492397
leaf_count=9 14 32 7 24 8 393 165 113 2094 30 30 29 279 31 10 31 9 26 18 17 14
internal_value=3.47586e-05 -0.0281691 0.000997948 0.0132446 -0.00015898 -0.00119578 0.000849456 -0.014864 0.0037958 -0.0224265 0.00959047 0.0386083 -0.0366128 0.0372606 0.0627635 -0.0596253 -0.0542652 0.0544927 -0.0524143 -0.0516427 0.0521416
internal_weight=197.853 6.53372 191.319 2.82045 185.609 180.605 164.736 26.0114 138.724 15.8696 4.87263 5.7095 10.997 5.00412 3.7476 3.71327 2.89881 2.31157 2.08355 1.22288 1.29638
internal_count=3383 140 3243 56 3157 3112 2765 278 2487 347 60 86 287 45 57 84 75 50 66 48 40
is_linear=0
shrinkage=0.05


Tree=104
num_leaves=31
num_cat=0
split_feature=22 61 35 67 42 46 59 45 41 70 59 70 30 76 70 50 21 47 20 59 14 55 76 12 26 61 35 30 61 11
split_gain=2.20326 4.20127 4.51667 3.70288 3.29207 3.65093 2.50131 2.82406 2.9481 2.39234 2.18308 2.69218 3.65346 4.86066 4.32787 5.02034 3.17851 2.71255 2.70602 2.82115 2.60118 2.00601 1.73083 1.66618 1.23347 1.15659 0.971211 0.411345 0.342326 0.310431
threshold=0.0016837022465089337 0.00039596906193193926 0.35129024571130485 0.72152107015690969 21.351827176138915 -0.12816314031130957 0.00066744783093895994 5209.4298136531097 86.676941992146368 0.61239062320818582 0.00094417061082029705 0.72800661068983807 16.902978727752956 10.500000000000002 0.60666477740877556 0.31384784354845324 0.0001006164242394192 2.8818796889727785 -0.010367814933541218 0.00071178816293548171 0.0014701965168459898 63296.156696507336 39.500000000000007 -0.0016280453854829455 0.36201121085720994 0.00044268887847612892 0.37855545975212268 61.196492198566709 0.00065932098654641186 -0.0011783081152431094
decision_type=2 2 2 2 2 2 2 2 2 2 2 2 2 2 2 2 2 2 2 2 2 2 2 2 2 2 2 2 2 2
left_child=10 21 3 -3 24 -6 9 -8 -9 -4 11 12 14 -14 15 -1 -16 18 19 -13 -20 -2 -12 -23 -5 -11 -19 29 -15 -25
right_child=1 2 6 4 5 -7 7 8 -10 25 22 17 13 28 16 -17 -18 26 20 -21 -22 23 -24 27 -26 -27 -28 -29 -30 -31
leaf_value=-0.074595442929036235 -0.026742741593695371 0.090558541915365789 -0.030429604477482941 -0.034807970321204688 0.039561245267859389 -0.051733167150138419 0.055573830086213444 -0.012409071697656206 0.041966058620644731 -0.020460390349373043 -0.055143923086615303 0.080534737693425174 0.039661695468548558 -0.052223873965977642 -0.040996215412700543 0.033700952161435545 -0.00074141699562753338 0.074524445022637983 -0.0070121728830053161 0.0077169240474633805 0.011433468350474906 -0.023597171626141729 0.022055550462977955 0.013229683377504265 0.053274245002970649 0.049208720735138795 0.02247837605908018 0.0086421907289403795 -0.075884848114467107 0.057446039052066668
leaf_weight=1.2121611572802091 1.0765225198119868 0.68234583269804616 1.2550447001121963 0.54544530622661058 1.2470537135377515 8.9875836051069182 2.2587305651977685 15.486245079897346 2.9709950704127541 0.6468125954270344 3.3457325818017116 2.0696253925561896 1.4868198093026856 4.6923592686653137 8.9279310195706802 9.134516020305453 10.879315583966671 1.5449839895591133 64.042339932173491 3.7225550301373005 27.243151015602052 0.79605410993099113 0.92727490141987789 0.41981709375977239 1.4649399849586187 7.5407590139657259 2.1350193358957767 0.50930390134453762 2.2673138231039047 7.288501736242325
leaf_count=12 17 9 26 6 22 104 51 214 42 27 77 10 40 49 235 178 152 18 1016 55 330 9 15 8 57 269 22 15 16 282
internal_value=3.09506e-05 0.00872553 0.00192436 -0.0228021 -0.0291191 -0.0406093 0.0125233 0.00280157 -0.0036565 0.0338515 -0.00318802 -0.00210862 -0.0133365 -0.0424008 -0.00519525 0.0210135 -0.0188859 0.00219281 0.000595514 0.0337357 -0.00150727 0.0377671 -0.0383911 0.0454716 0.0293763 0.0437049 0.044329 0.0521624 -0.0599321 0.0550379
internal_weight=196.807 53.1762 43.086 12.9274 12.245 10.2346 30.1586 20.716 18.4572 9.44262 143.631 139.358 38.6004 8.44649 30.1539 10.3467 19.8072 100.758 97.0777 5.79218 91.2855 10.0902 4.27301 9.01368 2.01039 8.18757 3.68 8.21762 6.95967 7.70832
internal_count=3383 1158 827 198 189 126 629 307 256 322 2225 2133 682 105 577 190 387 1451 1411 65 1346 331 92 314 63 296 40 305 65 290
is_linear=0
shrinkage=0.05


Tree=105
num_leaves=29
num_cat=0
split_feature=23 42 46 47 22 73 63 27 35 27 47 4 78 12 32 25 12 66 66 63 61 39 4 32 75 62 12 22
split_gain=2.11701 2.861 2.70234 2.17068 3.61545 2.39684 3.15196 2.99335 4.38705 2.98636 2.88 2.6378 2.43575 2.3177 2.08721 2.50355 2.0696 1.88742 3.32816 1.66529 1.62405 0.669238 0.583398 0.570863 0.11698 0.0885312 0.0482433 0.0103108
threshold=0.009808787735547388 46.412461253802924 0.20092973706078002 0.53472974662360406 0.00088485599970855599 8.5370223600121022 0.0018014540548392302 0.21172505186294685 0.81722202135732458 0.5982175947097913 0.57305042291063746 21.845970000000005 -1.0000000180025095e-35 -0.0052619755250616343 63678.450217983402 33.826504616723682 -0.0026003266693866429 0.96090838462219841 0.97443659341816302 0.0024129494132185372 0.00050353637091189241 63439.628225248503 1.8391200000000003 64554.65379545169 17.500000000000004 3.9393434232435274e-05 -0.0021313841030296539 -1.0000000180025095e-35
decision_type=2 2 2 2 2 2 2 2 2 2 2 2 2 2 2 2 2 2 2 2 2 2 2 2 2 2 2 2
left_child=3 16 -3 4 13 7 -7 10 9 -9 -5 -12 -10 -1 21 -16 -2 22 -19 20 -8 -15 -6 -20 -24 -18 -27 -28
right_child=1 2 -4 5 17 6 19 8 12 -11 11 -13 -14 14 15 -17 25 18 23 -21 -22 -23 24 -25 -26 26 27 -29
leaf_value=0.059729540279935628 -0.024074946460492463 -0.04747073048348717 0.04096578240632881 0.042158455022522433 0.011679680693270985 -0.081395454111219068 -0.022454359236696461 0.016533398260705792 -0.013261271399444578 -0.0020254759400125657 -0.028719054057555989 -0.00074090759160661554 -0.064276169793720653 0.013850224795739883 -0.045709555669880594 -0.0020914470634284996 0.032946390554305559 -0.031932070932127236 0.024198153030040553 -0.053763019164670849 0.049997864611885601 0.063395156915704423 0.058786220153006302 0.064673296324616131 0.037473385513659786 0.069547030754073161 0.058731718496245713 0.052561408279701183
leaf_weight=1.4549329429864908 1.0178210847079752 2.2490082345902924 1.4024730906821785 2.1111134365200988 0.85574204940348675 2.2467719744890919 1.6471667652949693 38.607074247673154 11.781064965762196 49.426505303941667 21.884477788582444 13.697337671648709 2.9196645338088265 1.5661399392411142 4.1098297135904458 16.486495548859239 0.48463283618911912 2.5630606976337731 1.8699990771710875 1.4222018606960771 1.4581599049270151 1.2067835181951521 4.8985959296114743 1.6309440331533549 0.74124704068526615 0.53267866373062034 0.82341527566313688 3.8088910300284637
leaf_count=12 12 30 31 24 26 32 44 509 148 945 437 219 28 29 115 253 27 34 37 21 20 13 119 31 32 3 8 144
internal_value=3.27141e-05 0.0220722 -0.0135037 -0.00119937 0.00955992 -0.00393183 -0.0329805 -0.0025305 0.00189126 0.00611351 -0.0145823 -0.0179488 -0.0233932 -0.00150019 -0.00531226 -0.0107951 0.0415557 0.0314204 0.0113597 -0.00895479 0.0115668 0.0354123 0.0501482 0.0430538 0.0559851 0.0533796 0.0552969 0.0536582
internal_weight=194.904 10.3189 3.65148 184.585 37.3838 147.202 6.7743 140.427 102.734 88.0336 37.6929 35.5818 14.7007 24.8242 23.3692 20.5963 6.66744 12.5596 6.064 4.52753 3.10533 2.77292 6.49559 3.50094 5.63984 5.64962 5.16498 4.63231
internal_count=3383 255 61 3128 701 2427 117 2310 1630 1454 680 656 176 422 410 368 194 279 102 85 64 42 177 68 151 182 155 152
is_linear=0
shrinkage=0.05


Tree=106
num_leaves=17
num_cat=0
split_feature=66 45 21 70 12 46 79 66 71 78 33 21 48 62 41 24
split_gain=2.01202 2.49961 2.23505 2.78623 2.90372 2.8859 2.69943 2.7867 2.4363 2.19024 3.08901 1.95419 1.14207 0.961438 0.867451 0.396778
threshold=0.42832500662411516 4740.2509986648056 -0.0015361486470858441 0.91229231970636093 -0.0052619755250616343 0.31899321560412081 0.98296291314453421 0.94649182157384937 -0.00067248022485288928 -0.60355339059327362 64766.517500000009 -0.0014700963310746438 0.9288008475615197 0.00010416146767514165 59.635854041277916 39.494905244761483
decision_type=2 2 2 2 2 2 2 2 2 2 2 2 2 2 2 2
left_child=13 14 3 4 -3 -6 8 15 12 -5 -11 -10 -4 -1 -2 -8
right_child=1 2 6 9 5 -7 7 -9 11 10 -12 -13 -14 -15 -16 -17
leaf_value=-0.0043463804233419652 0.02457998821948373 0.027437034879599503 -0.00039938079631245756 0.060049083222682799 -0.022742139110625056 0.021652605826452485 0.073964289671451952 -0.014813151873682479 0.063424908108038483 0.0261299504031214 -0.05347878062542049 0.002814975678404062 -0.043951634552347935 -0.063587834750271591 0.094889279689907471 0.042776831981001823
leaf_weight=1.1007753582671278 0.86932859662920126 3.855087609961628 2.3774604545906177 2.2485493086278439 34.718353077769279 4.0921233035624018 2.1757516898214808 1.8341135075315831 1.3442491404712189 3.9943427685648194 1.7534493114799259 124.58101655961946 4.1030801176093519 1.8126619467511771 0.88558981753885746 1.9195934762246905
leaf_count=33 34 37 29 16 852 35 14 19 11 48 45 2087 44 23 10 46
internal_value=3.26437e-05 0.000662481 0.000110946 -0.00887391 -0.0139502 -0.0180612 0.00340143 0.0364069 0.00192337 0.0182112 0.00184413 0.00346199 -0.027974 -0.0412048 0.0600604 0.0593459
internal_weight=193.666 190.752 188.997 50.6619 42.6656 38.8105 138.335 5.92946 132.406 7.99634 5.74779 125.925 6.48054 2.91344 1.75492 4.09535
internal_count=3383 3327 3283 1033 924 887 2250 79 2171 109 93 2098 73 56 44 60
is_linear=0
shrinkage=0.05


Tree=107
num_leaves=31
num_cat=0
split_feature=23 42 28 72 47 47 26 67 64 38 32 60 32 55 66 61 45 70 12 65 64 69 51 74 65 11 69 27 60 9
split_gain=1.95253 2.70825 2.47251 2.98482 1.95734 2.7609 2.51459 2.71412 2.70887 2.24732 4.07836 3.60643 3.15153 8.25463 3.93378 2.93777 2.72237 2.12396 1.92946 1.82766 1.77832 1.76255 1.47986 1.23471 0.855593 1.43332 0.680878 0.582217 0.566755 0.502787
threshold=0.009808787735547388 46.412461253802924 0.42673642577591092 0.00061971243405630567 0.53472974662360406 0.45619953672155994 0.48112344504518822 0.89289831086945137 0.0033339209991899996 65612.506951050673 66041.0528308621 0.00059212608687455269 65104.415147417501 64888.895785978581 0.98665987847137682 0.00036660301387691363 7714.8273295617955 0.75397377774477414 -0.0026003266693866429 0.005404554769889664 0.0045033540960506208 0.96797669994123936 -0.55273896068914585 22.4126406109357 0.0053281786680842306 -0.0011152381803989917 0.91727364138350798 0.16236216507359272 0.00037381526820944667 1.6946037852960674e-06
decision_type=2 2 2 2 2 2 2 2 2 2 2 2 2 2 2 2 2 2 2 2 2 2 2 2 2 2 2 2 2 2
left_child=4 18 -3 -4 5 6 8 19 26 12 28 15 13 16 17 -12 -6 -14 -2 -8 -10 -9 23 -7 27 -26 -1 -24 -11 -25
right_child=1 2 3 -5 9 22 7 21 20 10 11 -13 14 -15 -16 -17 -18 -19 -20 -21 -22 -23 24 29 25 -27 -28 -29 -30 -31
leaf_value=-0.026423749064911337 -0.022415077436189722 -0.067869769978938996 -0.043338791303370643 0.071384786350807972 -0.0046883631778300155 -0.026353101582222056 -0.039062875356172727 0.050895707041699635 0.03195114760566152 0.02456700701425639 -0.057525442134074782 0.062343158796763415 -0.06331624865634615 0.059167122970964929 0.021501311416965971 0.003057507140402988 -0.064546686128513983 -0.023155502465676873 0.052962246692718609 0.012059195399298749 -0.030091820683422855 -0.016685261225525428 0.077491715646130249 0.0031823490218557864 -0.024288545602338119 0.044623008365000161 -0.060456423762688477 0.039148928320658152 0.065890906585569772 0.04983051203000638
leaf_weight=3.5463393628597277 1.0078612398356197 1.3118341490626337 1.0555078405886891 1.2249162741936741 103.88204509811476 1.7828491069376466 2.7196029741317016 5.1168517945334315 3.1575218224897981 1.1177064203657234 2.7048550704494101 1.8921061111614097 4.934518845286223 5.1290343860164276 3.6378122568130484 7.6903319004923105 1.9348768293857563 9.8914920557290298 5.385309577919541 4.8952574930153787 1.8210612582042811 1.1889707827940581 1.9774903114885076 1.047635746188462 1.0588752813637259 2.6256485120393336 2.5097340410575271 1.9827226968482135 3.2202601288445294 1.2875643474981187
leaf_count=80 12 8 18 35 1679 32 36 101 49 35 55 31 105 69 33 135 33 212 182 135 39 21 12 20 27 51 39 38 40 21
internal_value=3.08398e-05 0.0215603 -0.0131778 0.0182843 -0.00114551 0.00917399 -0.000239022 0.0138919 -0.0180658 -0.00374018 0.0135649 -0.00114955 -0.00596335 -0.00278024 -0.0250901 -0.0127063 -0.00578288 -0.0365221 0.0410793 -0.00619875 0.00925713 0.0381532 0.0291442 0.00498059 0.0421606 0.0248189 -0.0405274 0.058295 0.0552435 0.0289028
internal_weight=192.739 9.98543 3.59226 2.28042 182.753 36.7181 24.9553 13.9207 11.0347 146.035 16.6253 12.2873 129.41 110.946 18.4638 10.3952 105.817 14.826 6.39317 7.61486 4.97858 6.30582 11.7628 4.11805 7.64474 3.68452 6.05607 3.96021 4.33797 2.3352
internal_count=3383 255 61 53 3128 701 500 293 207 2427 296 221 2131 1781 350 190 1712 317 194 171 88 122 201 73 128 78 119 50 75 41
is_linear=0
shrinkage=0.05


Tree=108
num_leaves=30
num_cat=0
split_feature=22 30 14 76 78 41 65 62 58 74 21 22 2 30 55 32 79 47 76 62 66 76 58 7 76 22 46 10 30
split_gain=2.04399 3.94699 4.16449 4.37507 3.37839 3.34584 4.47713 3.95053 3.82512 3.30836 3.18718 3.01438 2.87423 2.69441 4.2686 3.94689 3.93004 3.38765 3.56546 2.25057 1.99077 1.60245 4.68902 1.59399 1.11665 0.626371 0.45844 0.150508 0.0176795
threshold=-0.00067788921431788374 -52.810105883216224 -0.0028868292892301746 32.500000000000007 0.12940952255126045 27.558332239497933 0.0055266187141041851 3.2553438657822202e-05 0.00068789959993832434 56.983898412665248 0.0024091447923335623 0.0015640107068409794 63894.465000000004 -26.948121226043742 64482.55140175725 63844.486571380177 -0.12940952255126037 2.8818796889727785 4.5000000000000009 0.00021608670958179541 0.61326914187903603 43.500000000000007 0.00064663316679559033 1.4044450000000002 7.5000000000000009 0.0010918636271182172 0.032332012400849486 -0.00011806746193215865 -60.321133448442417
decision_type=2 2 2 2 2 2 2 2 2 2 2 2 2 2 2 2 2 2 2 2 2 2 2 2 2 2 2 2 2
left_child=4 25 3 12 10 6 11 23 -9 19 13 -4 -3 14 15 -1 -16 18 -15 21 -8 24 -23 -7 -6 -2 -12 -14 -27
right_child=1 2 5 -5 9 7 20 8 -10 -11 26 -13 27 17 16 -17 -18 -19 -20 -21 -22 22 -24 -25 -26 28 -28 -29 -30
leaf_value=0.015685595379505143 0.018769882010206532 0.0040707648201784618 -0.049115953221674967 0.018206222501708128 -0.011572578154727165 -0.019666902865090652 -0.025218202718717594 -0.011383343019504406 0.010940649771910893 0.044027855224227384 0.057952876747085373 0.054450746101353302 -0.060634416018900843 0.024119843584601123 0.046279819662157828 -0.031818915102344733 -0.026099249879768079 0.063847233678556464 -0.023032693204474083 0.027793869528677153 0.060134963258350299 -0.048341387766084952 0.09377969756102443 0.057685909747856916 -0.058224892477045459 0.055484581452305962 0.020947777034264758 -0.077663757751257181 0.062505163606209294
leaf_weight=8.7819998785853439 1.3106832029297937 1.9047606941312532 2.290382917039095 3.6399409677833319 1.521835971623658 0.79116091458126803 0.75541003793478001 39.055602630134672 37.721701277419925 1.4779820162802924 2.3101434949785467 1.0134661709889767 3.3297751694917679 4.6709307599812737 9.0725568961352092 8.7081401590257865 2.3642012057825914 1.3715355796739448 28.294013700447977 1.3062588423490513 7.1426528273150325 2.0627987310290332 0.80758492276072491 4.2098530344665051 8.1610210998915118 1.7180675361305473 1.3124369224533436 2.1258519627153873 1.8757823407649996
leaf_count=112 23 24 52 33 59 16 31 781 488 17 30 55 36 65 124 136 59 13 467 9 242 73 5 136 210 29 26 12 20
internal_value=3.20732e-05 0.00452555 0.00245807 -0.0266335 -0.00591846 0.00589984 0.031527 0.00238946 -0.000415271 -0.0270834 -0.00106517 -0.0173465 -0.0488081 -0.00367696 0.00756527 -0.00796636 0.0313177 -0.013148 -0.0163515 -0.0346667 0.0519714 -0.0411662 -0.0083555 0.0454487 -0.0508926 0.0483581 0.0445462 -0.0672701 0.0591489
internal_weight=191.109 108.885 103.981 11.0003 82.2234 92.9802 11.2019 81.7783 76.7773 15.3375 66.886 3.30385 7.36039 63.2634 28.9269 17.4901 11.4368 34.3365 32.9649 13.8595 7.89806 12.5532 2.87038 5.00101 9.68286 4.90453 3.62258 5.45563 3.59385
internal_count=3383 1978 1906 105 1405 1801 380 1421 1269 373 1032 107 72 976 431 248 183 545 532 356 273 347 78 152 269 72 56 48 49
is_linear=0
shrinkage=0.05


Tree=109
num_leaves=28
num_cat=0
split_feature=22 42 43 18 41 35 10 8 18 43 49 43 9 11 2 33 56 74 62 57 72 14 2 9 9 18 21
split_gain=1.88396 3.40445 2.53571 2.44978 2.41712 4.70391 2.24391 2.72755 2.63464 4.23216 3.89852 3.0979 2.68762 2.21727 2.17544 1.93385 1.70743 1.44469 1.29359 0.874283 0.495511 0.296879 0.264127 0.10604 0.00301025 0.000190067 2.00024e-05
threshold=0.0012915180167083486 22.741529647510742 91.251238674266332 -0.0055405996056281373 27.343720963885094 0.31459807333057765 0.0033587275225439588 1549224.8978326505 0.0022957446839593225 56.670443695497205 0.35275421788649419 35.98346005294249 0.00034379314320309723 0.0010947179140698984 63814.150000000009 63231.630250000009 -0.0023041688528474681 22.4126406109357 5.1297660607348555e-05 0.00017998181909384715 0.0016183982816519238 -0.00070650416189277354 63174.270000000011 0.00043916246279462895 -0.0004008633675652295 0.0052514516896379213 0.0024843702232777436
decision_type=2 2 2 2 2 2 2 2 2 2 2 2 2 2 2 2 2 2 2 2 2 2 2 2 2 2 2
left_child=6 16 3 -3 19 -6 7 8 9 11 -11 -1 18 -14 15 -9 -2 -16 -10 -5 21 -18 -23 -19 -4 26 -26
right_child=1 2 24 4 5 -7 -8 14 12 10 -12 -13 13 -15 17 -17 20 23 -20 -21 -22 22 -24 -25 25 -27 -28
leaf_value=0.00081846969654030151 -0.040176724837763765 0.07445989100692367 0.055889734580939647 -0.025484039654417586 -0.043749725539561884 0.0025008736010094608 -0.059559732213440346 0.024032684321624448 -0.060194533384903659 -0.029061749776005587 0.024874671967673314 -0.019145396729622073 -0.033818618390195822 0.039740129705118143 0.0081339604935245068 -0.049356439498785376 0.026414408246221613 0.047045692380522787 -0.02449748689412394 0.054064286487705462 0.0026008587268002157 0.01401943758838404 0.057278853823438163 0.062529432006355232 0.051249343390959684 0.05182118706982445 0.050732306194253333
leaf_weight=47.952936482150108 0.63615811616182316 1.0794116184115399 0.43807078432291779 0.40236840350553338 6.541055836249142 34.458075899165124 1.7415089905261982 1.9581788238137945 3.7451810855418426 3.985684389248493 21.013536264188588 32.671487503219396 1.7050528656691302 2.5664387680590153 2.547272888943553 1.6573795294389126 1.1645466722548006 2.0599323259666562 7.8728136382997036 2.439864126034081 0.62131788162514556 0.37946789152920146 5.030514560174197 2.3871559388935566 0.2435043100267642 0.97633621189743269 0.80697223031893373
leaf_count=849 4 6 10 20 91 644 10 24 28 67 312 586 13 43 38 25 28 26 84 107 16 8 206 27 13 32 66
internal_value=3.11066e-05 0.00780207 0.00275467 4.52866e-05 -0.00178686 -0.00487801 -0.00317433 -0.00243112 -0.00455393 -0.00169836 0.0162755 -0.0072715 -0.023536 0.0103777 0.021881 -0.00960904 0.0383401 0.038159 -0.0360048 0.0428028 0.0452815 0.049315 0.0542445 0.0553572 0.0521313 0.0513189 0.0508522
internal_weight=189.082 55.2177 47.3857 44.9208 43.8414 40.9991 133.865 132.123 121.513 105.624 24.9992 80.6244 15.8895 4.27149 10.6099 3.61556 7.83201 6.99436 11.618 2.84223 7.19585 6.57453 5.40998 4.44709 2.46488 2.02681 1.05048
internal_count=3383 1251 989 868 862 735 2132 2122 1982 1814 379 1435 168 56 140 49 262 91 112 127 258 242 214 53 121 111 79
is_linear=0
shrinkage=0.05


Tree=110
num_leaves=21
num_cat=0
split_feature=23 60 59 62 20 21 58 38 69 28 76 11 33 60 56 69 26 36 76 59
split_gain=1.9127 3.0815 2.84328 2.80221 2.38971 2.80115 2.875 4.31939 3.62512 2.59349 2.38497 2.339 1.87823 1.61624 0.136723 0.124008 0.024102 0.0127115 0.000623056 0.000150234
threshold=-0.016135671453120001 0.00051419551232168622 0.0010359009172052024 0.00022921988763948295 -0.010367814933541218 -0.0037040062555472315 0.00083053608153781122 64349.102234450496 0.92782847996500473 0.42673642577591092 20.500000000000004 -0.00047442034348771362 65769.465500000006 0.00050702462640111806 -0.0056480729841255229 0.82675726366403535 0.52299560433502057 0.65086730155694517 53.500000000000007 0.0006226739627704168
decision_type=2 2 2 2 2 2 2 2 2 2 2 2 2 2 2 2 2 2 2 2
left_child=1 14 -3 4 13 9 8 -8 -7 12 -5 -11 -6 -2 -1 -12 -17 18 19 -16
right_child=3 2 -4 10 5 6 7 -9 -10 11 15 -13 -14 -15 17 16 -18 -19 -20 -21
leaf_value=-0.079709613641497409 0.064117982595548517 0.054546961596407963 -0.052923838882238096 -0.010381103437857447 -0.042515145525479574 -0.0011261120412543481 0.004831287858042297 -0.03697035496765174 0.017710729898967364 0.050619396870638933 0.074094480008492308 -0.020978788991626366 0.036677442710531513 0.0061021745189811993 -0.051040801084977397 0.0583828745402169 0.047936151130532595 -0.059812067949449856 -0.053538127730216017 -0.052061569533994802
leaf_weight=0.64831024408340487 2.3647959157824507 1.6011948268860581 0.99965433590114106 1.7654482908546913 9.2981281108222866 97.710026727057993 13.194179812446238 11.624399279244242 34.580989961978048 1.9544972777366636 1.1854418367147448 2.7395316259935489 0.81429089233279306 2.4382403213530779 0.67466993257403352 1.3728389255702498 0.92354484368115652 0.73629788309335698 0.56954310461878765 0.7739702221006155
leaf_count=6 14 32 24 36 278 1928 165 113 559 30 6 30 9 31 38 13 31 6 12 22
internal_value=3.38199e-05 -0.0277337 0.0132398 0.000949958 -0.00011922 -0.00109107 0.00086824 -0.0147476 0.00379786 -0.0218811 0.036958 0.00883323 -0.0361383 0.0346665 -0.059051 0.0609612 0.0541815 -0.0541886 -0.052137 -0.0515862
internal_weight=187.97 6.00364 2.60085 181.966 176.719 171.916 157.11 24.8186 132.291 14.8064 5.24727 4.69403 10.1124 4.80304 3.40279 3.48183 2.29638 2.75448 2.01818 1.44864
internal_count=3383 140 56 3243 3157 3112 2765 278 2487 347 86 60 287 45 84 50 44 78 72 60
is_linear=0
shrinkage=0.05


Tree=111
num_leaves=31
num_cat=0
split_feature=21 67 60 14 56 13 65 64 43 70 65 21 21 55 22 21 32 37 0 58 60 32 70 72 11 0 64 41 22 31
split_gain=1.85869 4.16152 2.60006 2.49154 3.68988 3.31792 4.60204 3.18568 3.48598 4.36098 2.26501 2.13549 1.84389 1.77667 3.58067 3.61198 3.23262 4.88367 3.91935 4.48743 3.57266 2.56228 2.34019 1.79433 1.21996 1.19921 1.14867 0.911605 0.169147 0.00817345
threshold=0.00065107709692036064 0.8249567824984062 0.00028862353511936207 0.0045154915194057796 0.0017959062249655784 0.0022598039839234478 0.0059685132223071691 0.0021648657863213047 78.630498742628362 0.80623986731160791 0.0058950217298557846 0.00082253024776191019 0.00078654059059057879 64078.234371559694 -0.0043401216098214448 -9.8132278004980908e-05 64627.720207833721 64619.20144673944 64048.990000000013 0.00074954009823225136 0.00057946083877855905 64797.558451824858 0.86667083082392626 0.00054720714943758445 -0.004618006091000825 64546.055000000008 0.0024286596596255132 32.164399979572416 0.0048464735326493322 6.9869587608456296
decision_type=2 2 2 2 2 2 2 2 2 2 2 2 2 2 2 2 2 2 2 2 2 2 2 2 2 2 2 2 2 2
left_child=2 12 29 4 5 6 -3 -5 25 -10 -7 -6 -2 14 24 22 18 20 19 -15 -18 -19 -16 -20 -4 -9 -13 -26 -17 -1
right_child=1 3 13 7 11 10 -8 8 9 -11 -12 26 -14 16 15 28 17 21 23 -21 -22 -23 -24 -25 27 -27 -28 -29 -30 -31
leaf_value=-0.051871002961893391 -0.034929010108053431 0.023597862399199108 0.031368427475563891 0.055810276223647218 -0.03333718116833892 -0.047575120973732961 -0.010639420357793208 -0.029314443209137259 -0.042231826697139152 0.044547201426508781 0.007415091548239371 0.012853431039214235 0.051602860564152822 0.062934868567781327 0.012272343109257206 0.057053548433829017 -0.0045402654586621958 -0.060781867788181954 -0.0086199460053158639 -0.0256771657514843 0.053877196806228315 -0.0049899139113514582 -0.037860824318776395 -0.04415039580810342 0.00073079865279610857 -0.070934782811479843 0.053682720427402401 -0.054281245124191246 0.034768089891256251 -0.058447493651796335
leaf_weight=1.9998210449703031 0.68345438782125612 20.501185174565762 0.66382339783012856 1.3780545108020295 1.0285892039537419 5.2229748293757421 18.829997728578746 3.859615443274377 2.6949390266090631 3.1283324928954244 2.9191688210703433 2.3489167317748052 6.2041819528676569 2.5437101973220733 16.830630260519694 4.0767516242340163 4.4502235408872348 2.1694953395053735 4.9339914796873954 3.2595408800989389 6.3544051209464669 40.006367684341967 2.7013863706961265 12.698935331776736 0.98010163661092775 3.1376976249739528 6.4608053578995168 3.2508809352293611 1.0762302363291381 0.61859152279794205
leaf_count=82 11 302 7 24 16 56 286 44 43 78 58 61 354 23 233 70 78 39 84 50 56 684 54 186 18 18 239 91 31 7
internal_value=3.04585e-05 0.00589765 -0.00420447 0.0023225 0.00696789 0.00119238 0.00720659 -0.0164282 -0.024193 0.00438693 -0.0278597 0.0348368 0.0430164 -0.00298859 0.00741599 0.0151625 -0.00701605 -0.000176328 -0.0224781 0.0131637 0.0298161 -0.00785981 0.00533865 -0.0342084 -0.0316504 -0.0479776 0.0427965 -0.0415378 0.0523991 -0.0534247
internal_weight=187.013 78.3979 108.615 71.5103 57.3116 47.4733 39.3312 14.1986 12.8206 5.82327 8.14214 9.83831 6.88764 105.996 29.5798 24.685 76.4167 52.9805 23.4362 5.80325 10.8046 42.1759 19.532 17.6329 4.89481 6.99731 8.80972 4.23098 5.15298 2.61841
internal_count=3383 1590 1793 1225 1018 702 588 207 183 121 114 316 365 1704 504 388 1200 857 343 73 134 723 287 270 116 62 300 109 101 89
is_linear=0
shrinkage=0.05


Tree=112
num_leaves=21
num_cat=0
split_feature=23 60 62 59 76 15 21 58 7 69 62 69 60 15 69 26 36 25 57 15
split_gain=1.74937 2.88807 2.65014 2.59221 2.23597 2.11878 2.52361 2.57008 3.89255 3.26859 2.55837 2.14235 1.46118 0.177177 0.10626 0.0219772 0.00966282 0.00557802 0.000732249 0.000120258
threshold=-0.016135671453120001 0.00051419551232168622 0.00022921988763948295 0.0010359009172052024 20.500000000000004 -0.010367814933541218 -0.0037040062555472315 0.00083053608153781122 17.426145000000002 0.92782847996500473 8.5861305785585177e-05 0.86353770598809654 0.00050702462640111806 -0.01531757586256821 0.82675726366403535 0.52299560433502057 0.65086730155694517 55.47016741256224 0.0005604814793242714 -0.0088069059255350673
decision_type=2 2 2 2 2 2 2 2 2 2 2 2 2 2 2 2 2 2 2 2
left_child=1 13 5 -3 -4 12 10 9 -9 -8 17 -12 -2 -1 -6 -16 18 -7 -15 -20
right_child=2 3 4 -5 14 6 7 8 -10 -11 11 -13 -14 16 15 -17 -18 -19 19 -21
leaf_value=-0.089271746611789202 0.061519510100865031 0.054263539549518659 -0.0097278128544382569 -0.052635776242667 0.072554768825887461 -0.051700039783286481 -0.0011168433274408882 -0.023173692607941637 0.030090770643418564 0.016902098720732617 0.020559742018272424 -0.026556160536243163 0.005736975444604886 -0.053723078281174244 0.057925689645361489 0.047736317305803626 -0.059179179778731772 -0.057157997924652287 -0.052256177231257743 -0.051319508283958627
leaf_weight=0.41108465194702182 2.2940997146069995 1.4998101769015195 1.7283633360639203 0.91190739348530758 1.154867470264435 3.9687521355226627 96.693841434083879 20.194252214394513 4.1318387705832711 34.023168040905148 4.1413574777543527 5.7798579717054963 2.4042516108602285 0.69480734039098013 1.3156324028968813 0.88529544230550516 0.70244944840669621 0.53072276711463917 0.61565716192126352 0.77283577062189479
leaf_count=3 14 32 36 24 6 180 1928 206 72 559 53 108 31 22 13 31 6 6 16 37
internal_value=3.1863e-05 -0.0274658 0.000892254 0.0138433 0.0364756 -0.000146498 -0.00106477 0.000796075 -0.0141266 0.00357315 -0.0210715 -0.00688883 0.0329743 -0.0586296 0.0602721 0.0538271 -0.0541079 -0.0523438 -0.0523979 -0.0517348
internal_weight=184.855 5.60855 179.246 2.41172 5.08416 174.162 169.464 155.043 24.3261 130.717 14.4207 9.92122 4.69835 3.19683 3.3558 2.20093 2.78575 4.49947 2.0833 1.38849
internal_count=3383 140 3243 56 86 3157 3112 2765 278 2487 347 161 45 84 50 44 81 186 75 53
is_linear=0
shrinkage=0.05


Tree=113
num_leaves=28
num_cat=0
split_feature=12 65 78 44 65 65 29 22 31 31 78 36 38 33 32 73 68 31 65 42 22 56 22 47 66 13 22
split_gain=1.73164 3.73549 3.1288 4.50471 2.61381 4.11751 4.39192 2.90236 2.77722 2.90125 2.48869 2.75853 2.97859 4.9239 4.35127 2.00468 2.44198 1.59805 1.14096 0.977376 2.22755 0.761987 0.509003 0.0883693 0.0106217 0.00501734 0.000343487
threshold=1.0000000180025095e-35 0.0074750484714247055 0.37940952255126054 5815.8265049999782 0.0074177269372492456 0.0063063437085811936 40.491376716177918 0.0013033238190381937 -38.043032538030594 1.0000000180025095e-35 0.91597561503675362 0.57038509285688732 64349.102234450496 64419.151250000003 64360.870008149323 4.9746376953175888 -8.3442252438892237e-05 3.8784206942184283 0.0062948368928471112 24.115648904883344 0.00088485599970855599 -0.0034233859111867525 0.0042350348193197504 1.8773741972243811 0.97771114216265886 0.00027501788107264785 0.00014812497414062878
decision_type=2 2 2 2 2 2 2 2 2 2 2 2 2 2 2 2 2 2 2 2 2 2 2 2 2 2 2
left_child=2 10 4 18 5 6 7 -1 -7 -10 11 15 14 -14 -13 16 -2 -17 -4 20 25 -21 -23 24 26 -5 -12
right_child=1 -3 3 19 -6 8 -8 -9 9 -11 23 12 13 -15 -16 17 -18 -19 -20 21 -22 22 -24 -25 -26 -27 -28
leaf_value=0.0045119856975034713 0.059538672383867765 -0.058658875364329024 -0.0066393800307385595 -0.051265801415587314 0.044986146723782511 0.039788493713780959 -0.064365202960066217 0.043819797648705271 -0.028483789602246436 0.026412477497087913 0.052608830145232724 0.0042175886733952991 -0.05824061863029744 -0.0024325334279714345 0.05639613634591957 -0.034128333823854495 0.013822402601563042 0.023069240045941738 0.059669466290376318 0.00072262628910476278 0.039272341746470027 -0.055037563386767296 -0.096213689939445457 0.027976472284647325 0.058548443443327353 -0.057446722034893476 0.051100110536508293
leaf_weight=40.18326398357749 5.2783636478707203 2.2641592957079402 1.1986918915063136 1.5045591336674973 2.9378318628296247 1.9066635072231317 2.1292434800416222 5.3174836412072173 23.048911350779239 2.6874232571572056 0.50211520399898324 28.382874953560531 4.4687979947775593 34.198961444199085 4.6501123146153978 2.3023212235420933 6.5406820010393867 2.600490472279489 1.4140029987320302 0.54168930090963741 1.0034759249538181 4.9619241026230165 0.88428866863250721 0.39283533208072174 0.72004433535039414 0.41997461207211007 1.517074577976018
leaf_count=640 53 14 24 90 32 16 25 75 413 44 15 663 41 663 73 44 83 34 23 19 17 146 5 23 9 5 94
internal_value=2.93653e-05 0.00478438 -0.00491974 -0.0287726 -0.00128174 -0.00308753 0.00582129 0.00910573 -0.0184378 -0.0227514 0.00635334 0.00480184 0.000536954 -0.00888222 0.0115629 0.023089 0.0342392 -0.00379028 0.0292473 -0.0450446 -0.0211235 -0.0560092 -0.0612658 0.0501541 0.0533346 -0.0526146 0.0514753
internal_weight=183.958 93.8188 90.1394 11.9286 78.2108 75.273 47.63 45.5007 27.643 25.7363 91.5547 88.4226 71.7007 38.6678 33.033 16.7219 11.819 4.90281 2.61269 9.31591 2.92801 6.3879 5.84621 3.13207 2.73923 1.92453 2.01919
internal_count=3383 1809 1574 329 1245 1213 740 715 473 457 1795 1654 1440 704 736 214 136 78 47 282 112 170 151 141 118 95 109
is_linear=0
shrinkage=0.05


Tree=114
num_leaves=31
num_cat=0
split_feature=21 67 60 21 65 60 75 21 0 28 65 70 32 37 39 60 66 2 15 58 13 41 2 11 24 11 11 21 33 23
split_gain=1.75732 3.86624 2.45449 2.44697 2.42703 2.19009 2.37485 1.7524 1.6453 3.50683 3.74387 3.4627 3.27475 4.53734 3.72279 3.14045 2.97487 2.60675 2.39811 1.72992 1.52707 1.1152 0.295261 0.0796609 0.00723861 0.00110925 0.000934646 0.000708235 0.000651743 0.000126395
threshold=0.00065107709692036064 0.8249567824984062 0.00028862353511936207 0.00078473903099052233 0.0051212294767676624 0.00029738393794821537 20.500000000000004 0.00078654059059057879 64048.990000000013 0.84105368080912712 0.0063063437085811936 0.86202647515964947 64627.720207833721 64619.20144673944 64088.629077737969 0.00057946083877855905 0.94347972595324281 64643.005000000012 0.0056852262579251142 0.00058546978286866771 0.0012258196268564172 30.93317253198359 63174.270000000011 0.00062128334738875701 51.635234374446966 -0.00021933695999576394 -0.00044428078238056829 -0.00024108015517676493 66582.293750000026 -0.0028853042685283432
decision_type=2 2 2 2 2 2 2 2 2 2 2 2 2 2 2 2 2 2 2 2 2 2 2 2 2 2 2 2 2 2
left_child=2 7 24 20 25 21 -7 -2 9 10 11 -4 14 15 16 -14 -10 -15 -12 -16 -3 -6 -11 -24 27 -5 -9 -1 29 -28
right_child=1 3 8 4 5 6 -8 26 12 22 18 -13 13 17 19 -17 -18 -19 -20 -21 -22 -23 23 -25 -26 -27 28 -29 -30 -31
leaf_value=-0.051172604817292459 -0.033714408705700277 0.061875398195481858 0.034805958462904976 0.053506633797487838 -0.013130080512270065 -0.0016222760251408546 0.054457658331202689 0.052862551575763909 -0.027156372106985585 0.028368972360298381 -0.023246071693696583 -0.026196681694040849 -0.003969324470258895 -0.054884755313978163 -0.013960763436297938 0.051497831151457098 0.056173714769483685 -0.0043758341409135563 0.053768689262784976 -0.046794005026919883 -0.0016264876662953475 -0.078558633858597252 0.072308462225384618 0.054636227715520895 -0.057962841229845491 0.051088789504285741 0.051621104073095926 -0.053468994718801843 0.052864001176266898 0.050883343639120573
leaf_weight=1.4287197627127171 0.67290319129824538 2.6973402835428706 9.7915400164201909 0.69652107683941755 1.2719282670877867 59.139837253373116 1.9500752938911308 1.0403443621471522 1.9799721427261854 0.78146308101713602 12.772810434922574 3.0511389058083287 4.2965138684958202 2.7341916095465413 6.5352371358312693 6.2845067773014307 2.3330904450267553 38.865091694984585 1.0976555347442616 10.389806262683122 1.4587168740108607 1.3346376121044157 1.278904937207699 1.2718330873176453 0.61594681069254864 1.4872629055753339 0.69345352938398663 0.43890223093330782 0.52917518839240063 3.5657094679772858
leaf_count=74 11 37 106 14 41 957 46 27 20 17 257 74 77 72 125 56 31 651 25 144 19 6 11 38 7 105 36 8 11 280
internal_value=2.8231e-05 0.00580105 -0.00414214 0.00237712 2.97286e-05 -0.00174723 0.000167874 0.0426842 -0.00296304 0.00689322 0.000860103 0.0203131 -0.00699656 -0.000259646 -0.0235486 0.0289749 0.0179199 -0.00769563 -0.0171514 -0.0341162 0.0395871 -0.0466314 0.0552587 0.0634968 -0.0532625 0.05186 0.0515042 -0.0517123 0.0512091 0.0510035
internal_weight=182.485 76.5379 105.947 70.0363 65.8803 63.6965 61.0899 6.50159 103.464 30.0453 26.7131 12.8427 73.4184 52.1803 21.2381 10.581 4.31306 41.5993 13.8705 16.925 4.15606 2.60657 3.3322 2.55074 2.48357 2.18378 5.82868 1.86762 4.78834 4.25916
internal_count=3383 1590 1793 1225 1169 1050 1003 365 1704 528 462 180 1176 856 320 133 51 723 282 269 56 47 66 49 89 119 354 82 327 316
is_linear=0
shrinkage=0.05


Tree=115
num_leaves=31
num_cat=0
split_feature=22 42 46 46 12 10 70 74 74 76 43 13 23 21 23 22 12 34 67 63 45 67 48 9 15 35 64 58 67 14
split_gain=1.62762 3.17817 2.44733 2.65861 2.23179 3.22186 2.91953 2.01389 3.32966 3.3174 3.12768 5.91573 3.3335 2.59779 2.44837 2.41181 3.57862 2.36841 3.25502 4.41891 3.06384 2.33125 2.19707 2.08851 1.96074 1.78894 1.448 1.64085 0.978232 0.743033
threshold=0.0012915180167083486 22.741529647510742 0.33844307020485187 -0.27995713361846708 0.0011690311349908946 0.0011574526561483058 0.85404910039034865 20.951393906740183 23.240498732136885 47.500000000000007 56.670443695497205 0.0023495255861795132 0.0048253420108624887 -0.0015361486470858441 -0.0090982218040563927 -0.0031850154030703122 -0.0027499762536041801 66643.964193072359 0.87337021868878784 0.0021226454660582118 4740.2509986648056 0.90100522527828308 1.039451601186163 0.00095780144134760558 -0.0044923764653759237 0.66694747249613384 0.0030373061281831035 0.00042821472146173172 0.88039548602471307 -0.00070650416189277354
decision_type=2 2 2 2 2 2 2 2 2 2 2 2 2 2 2 2 2 2 2 2 2 2 2 2 2 2 2 2 2 2
left_child=7 24 3 -3 6 -6 -5 9 15 10 14 12 -12 25 21 16 -9 18 19 -10 -20 -1 -13 -16 -2 -11 27 -17 -15 -26
right_child=1 2 -4 4 5 -7 -8 8 17 13 11 22 -14 28 23 26 -18 -19 20 -21 -22 -23 -24 -25 29 -27 -28 -29 -30 -31
leaf_value=-0.0264363766522848 -0.062637089355854145 0.065430410755241489 0.052114583990883645 -0.0002671619166017714 0.026910801127952251 -0.012845172248909069 -0.039371798743489214 0.043325150115645972 0.022950769358166572 -0.052308844204012023 0.044012420929791407 -0.070160508795323206 -0.015699547218871734 0.012184042105754571 -0.041076801512013546 -0.033434541852669523 -0.058045301096283912 -0.06611910368316222 0.09539998257453404 -0.042243257247821353 -0.010114565375386747 0.049561186723256295 -0.0069245487842980145 0.026931593251319719 0.013635362458974702 0.021105770363197839 0.066639471990922391 0.042360150866552301 0.059778164969565006 0.053104942557367307
leaf_weight=2.3814840964041641 0.45586786419153202 1.4870307287201274 2.3529513482935718 13.447070951573552 11.348788251169028 9.2497022333554906 7.3995068147778502 1.7730470048263671 20.014911689795557 1.6629758775234225 6.5027140723541361 3.0473211854696265 3.6488559022545815 1.7087866235524405 17.654319550842054 0.97873333841562127 1.7105902386829255 1.4201622959226359 0.69851868227124114 2.9871141379699102 45.639203969854861 1.7510438980534671 2.5008451640605927 1.2060081735253323 1.5293360222131012 1.6562106907367704 3.60300905816257 2.6404224941506982 2.9322787262499332 5.4123225333169094
leaf_count=36 5 19 130 205 349 205 81 20 311 66 107 26 36 37 425 28 40 19 6 75 698 15 28 16 31 16 42 54 31 226
internal_value=2.95495e-05 0.00742763 0.00246409 -0.000257067 -0.00261391 0.00905848 -0.0141474 -0.00301255 0.00173133 -0.0112964 -0.0173439 -0.000140386 0.0225497 0.0180991 -0.0290907 0.027719 -0.00645136 -0.00220054 -0.000891406 0.0144845 -0.00852398 0.00576548 -0.0416568 -0.0367281 0.0378126 -0.0156764 0.0442011 0.0218629 0.0422546 0.0444093
internal_weight=180.801 52.6826 45.2851 42.9321 41.4451 20.5985 20.8466 128.119 81.4657 46.6528 38.6926 15.6997 10.1516 7.96025 22.9929 10.7058 3.48364 70.7599 69.3397 23.002 46.3377 4.13253 5.54817 18.8603 7.39753 3.31919 7.22216 3.61916 4.64107 6.94166
internal_count=3383 1251 989 859 840 554 286 2132 1293 839 689 197 143 150 492 184 60 1109 1090 386 704 51 54 441 262 82 124 82 68 257
is_linear=0
shrinkage=0.05


Tree=116
num_leaves=19
num_cat=0
split_feature=66 45 21 66 69 22 30 35 43 12 67 78 2 14 29 62 60 25
split_gain=1.65527 1.95638 1.73931 2.83135 4.66747 3.78426 2.6131 2.39382 1.99753 4.65969 2.8328 2.62243 2.57095 2.15123 1.71086 0.928394 0.624803 0.00187594
threshold=0.42832500662411516 4740.2509986648056 -0.00021426771200661052 0.77535546732442862 0.16242931498291036 -0.0022359281167608764 17.963378896803004 0.81722202135732458 35.701927360314741 -0.00016488880147902393 0.71349758011480768 0.91597561503675362 65919.905000000013 -0.0062559353799319086 -1.0000000180025095e-35 0.00010416146767514165 0.0005726800531500512 37.498412738226527
decision_type=2 2 2 2 2 2 2 2 2 2 2 2 2 2 2 2 2 2
left_child=15 16 8 5 14 -4 -7 -6 11 10 -10 13 -11 -3 -5 -1 -2 -13
right_child=1 2 3 4 7 6 -8 -9 9 12 -12 17 -14 -15 -16 -17 -18 -19
leaf_value=-0.00075832505080501288 0.028159459725873488 -0.021526688095538753 -0.049272255971174128 -0.017770404782888573 0.0085776294698172231 0.055349270945461264 -0.0029901662387552437 -0.014357514146065082 0.067327712508950879 0.0033194353392511722 -0.043279377642959617 -0.051427896449591337 -0.056879163259364873 0.010700832530814088 -0.073512216038365816 -0.062410855160760254 0.092118565372461464 -0.054762470990725926
leaf_weight=0.97246742155402843 0.85837253555655368 6.1916949106380335 1.3723829956725229 3.0741774309426546 65.992011243011802 7.0412303260527533 2.6387468660250306 13.74698199238628 0.6075282683596005 23.665014310739938 12.276586634572594 1.4795638415962451 1.9173150025308121 31.632097565103322 2.4927564058452836 1.6410420201718805 0.68779600504785776 0.58994388952851284
leaf_count=33 30 139 16 25 1353 180 52 182 9 265 374 78 27 559 16 23 14 8
internal_value=2.95191e-05 0.000615193 0.000119659 0.0046184 0.00153336 0.0284298 0.039446 0.00462362 -0.00541241 -0.0135422 -0.0380639 0.00242661 -0.00119226 0.00542524 -0.0427304 -0.0394704 0.056611 -0.0523785
internal_weight=178.878 176.264 174.718 96.3583 85.3059 11.0524 9.67998 79.739 78.3597 38.4664 12.8841 39.8933 25.5823 37.8238 5.56693 2.61351 1.54617 2.06951
internal_count=3383 3327 3283 1824 1576 248 232 1535 1459 675 383 784 292 698 41 56 44 86
is_linear=0
shrinkage=0.05


Tree=117
num_leaves=18
num_cat=0
split_feature=66 45 21 35 63 64 62 75 66 71 66 0 76 42 62 76 24
split_gain=1.53377 1.80458 1.64662 4.09297 2.92237 2.82456 2.44706 2.34745 2.37416 2.06515 1.88403 1.95873 1.5877 1.35516 0.895888 0.606177 0.307856
threshold=0.42832500662411516 4740.2509986648056 -0.0015361486470858441 0.50003405913669097 0.0013599481605087607 0.0059910456499894255 4.2962242853828904e-05 1.0000000180025095e-35 0.94649182157384937 -0.00067248022485288928 0.59884312662175576 65925.425000000017 36.500000000000007 42.936442190554523 0.00010416146767514165 40.500000000000007 39.494905244761483
decision_type=2 2 2 2 2 2 2 2 2 2 2 2 2 2 2 2 2
left_child=14 15 3 4 6 -6 -3 8 16 13 -5 -12 -11 -9 -1 -2 -4
right_child=1 2 7 10 5 -7 -8 9 -10 12 11 -13 -14 -15 -16 -17 -18
leaf_value=-0.00072063728093935901 0.025990293352911392 -0.023486140174355619 0.070850478393265123 0.05945862705109714 -0.048337129695945585 0.044152077913126121 0.039245945870311411 -0.041627965102599841 -0.013165740491689443 -0.00091055780655165976 -0.002983673602048249 0.047325322967525424 0.011648024106051379 0.011707658398580968 -0.061742371208943006 0.089493789340099453 0.042098493648875066
leaf_weight=0.97216646419838015 0.82498319167643674 4.1021302882581976 2.0017362982034679 1.4599387310445333 10.837793224025514 0.89354151114821512 2.5031430232338607 4.3521556053310624 1.7434014454483984 79.43925065244548 23.911642448976639 2.105069287121295 36.836793335620314 1.6396460486575959 1.5774794211611149 0.69016873743385077 1.7405134770087896
leaf_count=33 36 113 14 15 442 14 40 50 19 1375 391 18 723 23 23 8 46
internal_value=2.58036e-05 0.000586477 0.000112199 -0.00802031 -0.0263146 -0.0412925 0.000286893 0.00302857 0.0350266 0.00159295 0.00418845 0.00108694 0.00306806 -0.0270328 -0.0384751 0.0549168 0.057478
internal_weight=177.632 175.082 173.567 45.8133 18.3366 11.7313 6.60527 127.753 5.48565 122.268 27.4767 26.0167 116.276 5.9918 2.54965 1.51515 3.74225
internal_count=3383 3327 3283 1033 609 456 153 2250 79 2171 424 409 2098 73 56 44 60
is_linear=0
shrinkage=0.05


Tree=118
num_leaves=31
num_cat=0
split_feature=68 50 68 28 71 47 50 2 27 42 58 23 69 73 21 27 62 81 21 5 28 15 67 49 15 70 50 27 42 5
split_gain=1.5925 2.98686 2.38417 2.0152 1.97498 2.83361 2.65874 2.37931 2.36795 2.7505 2.81403 2.47496 2.2501 2.48312 2.11088 1.97006 1.89545 1.89485 1.87248 1.8088 1.54412 1.39575 1.363 1.30922 1.28484 1.27917 1.21204 1.18879 1.14115 0.957801
threshold=-0.00029724006051001778 0.39820201267841288 -0.00040584072120258824 0.89760441459828566 -0.00016583427701311046 0.61776339911442235 0.57278050492595456 64434.995000000003 0.19459462490006427 35.365347980572729 0.00027743447341254735 -0.016135671453120001 0.98753428952300804 1.4067475328932184 -0.0026484510504167775 0.5982175947097913 4.0159533437953043e-05 0.81174490092936691 -0.0011710510003500871 1797783.8772191501 0.46565037021896377 0.0041794779284246584 0.90303925800521867 0.73877738569976448 -0.0010211670399770665 0.66062317629145573 0.97785874300393683 0.13991258581077598 46.990428872849307 778191.47601525008
decision_type=2 2 2 2 2 2 2 2 2 2 2 2 2 2 2 2 2 2 2 2 2 2 2 2 2 2 2 2 2 2
left_child=1 -1 3 16 5 7 22 25 9 10 -6 -10 13 -13 -11 18 -3 -12 -8 -18 -9 -17 -7 -4 -22 -2 -25 -28 -16 -27
right_child=4 2 23 -5 8 6 15 20 11 14 17 12 -14 -15 28 21 19 -19 -20 -21 24 -23 -24 26 -26 29 27 -29 -30 -31
leaf_value=-0.039206847273593241 -0.029168932628017442 0.04060639345270281 0.062457012566221472 0.042428537280948177 0.06709808180276243 -0.075253158526347341 -0.026076718624150303 -0.054646406503185752 -0.048636341895860663 -0.044154323200821903 -0.041516124368595461 -0.018398370130450967 0.068745712501862247 0.009561587209963647 0.04100804994588509 -0.03676811112814269 -0.018839630325020562 0.00063049487713563333 0.0091107957105929886 0.013325399309321513 -0.045903479076014907 0.0090596368780522622 -0.019627208630806803 -0.03118841983928889 0.027663814999078485 0.053896910483929562 -0.0055342519424432411 0.051127836006105647 -0.0059141209553737646 0.0051636048965085822
leaf_weight=2.8793170717544845 0.73955730022862365 2.5361987715587082 3.1486312597990018 3.2632874695118508 0.77947388682514684 2.8078066632151595 5.531354378443214 1.6319254362024365 2.0322605380788437 1.3399960128590462 10.241434012074022 9.0790958874858898 1.4602302592247713 63.335932268993929 3.9021199643611899 9.4405822274275106 10.585576499812307 3.6056801318190983 11.946237393654885 7.4447628306224933 0.83725692331790957 2.016316895838826 1.8118517850525675 0.90014112833887328 2.038547592703253 3.8405381073243916 1.3711417266167698 2.849276970140636 1.9399551823735235 1.3671503840014336
leaf_count=51 18 56 52 105 15 46 194 42 56 43 251 170 18 1235 44 131 185 74 121 103 13 38 35 25 52 70 25 70 22 23
internal_value=2.27567e-05 0.00957732 0.0139533 0.00592612 -0.00233535 -0.0111304 -0.0182124 0.0115986 0.00162576 -0.0128954 -0.0253381 0.00579777 0.00729522 0.00605608 0.0124447 -0.0125886 0.000134295 -0.0305415 -0.00202544 -0.00555863 -0.0157991 -0.0287028 -0.0534364 0.0370858 0.00624556 0.0323646 0.021485 0.0327193 0.0254268 0.0411032
internal_weight=176.704 34.9783 32.099 23.8298 141.725 44.0091 33.5541 10.455 97.7162 21.8087 14.6266 75.9075 73.8753 72.415 7.18207 28.9345 20.5665 13.8471 17.4776 18.0303 4.50773 11.4569 4.61966 8.26919 2.8758 5.94725 5.12056 4.22042 5.84208 5.20769
internal_count=3383 672 621 449 2711 783 565 218 1928 449 340 1479 1423 1405 109 484 344 325 315 288 107 169 81 172 65 111 120 95 66 93
is_linear=0
shrinkage=0.05


Tree=119
num_leaves=18
num_cat=0
split_feature=31 23 62 28 69 63 10 35 63 76 60 59 20 69 25 36 71
split_gain=1.53727 2.16414 2.21525 2.27471 3.05875 2.88385 2.90534 2.77193 2.75516 1.78235 1.73805 1.8856 0.125144 0.0956601 0.013859 0.00770374 0.000450871
threshold=-38.043032538030594 -0.016135671453120001 0.00022921988763948295 0.23074641182979874 0.98908189333904162 0.0019814257559587194 -0.00030555419499111997 0.86796057356199252 0.0021545472982025964 20.500000000000004 0.00051419551232168622 0.0010359009172052024 -0.01531757586256821 0.8247473118841252 45.971858215859548 0.65086730155694517 -8.2893310646869875e-05
decision_type=2 2 2 2 2 2 2 2 2 2 2 2 2 2 2 2 2
left_child=-1 10 3 5 7 6 -3 -5 -7 -4 12 -12 -2 -11 -15 16 -14
right_child=1 2 9 4 -6 8 -8 -9 -10 13 11 -13 15 14 -16 -17 -18
leaf_value=0.033534485632010114 -0.084070364372466788 -0.042906262288993656 -0.006922369305666057 0.0044250405010215817 0.067293528073742934 0.029455417854379436 -0.00483182223016852 -0.020327588753334697 -0.0098017818128264406 0.071294634847568358 0.053033356116580756 -0.052292492140856954 -0.052868704297249471 0.056124768016987917 0.047353469920618792 -0.058431848973903827 -0.0513058924770236
leaf_weight=3.3563170209527007 0.39485432766377915 10.300994552671911 1.6063289139419783 107.27019454585388 1.8104917407035817 6.4056015713140395 9.755348976235835 12.643586302176116 14.786123809870331 1.016170606017113 0.94237255211919524 0.77389228623360395 0.99307921435683988 0.99058025702834107 0.82575436495244503 0.6601111739873885 0.86218605795875147
leaf_count=28 3 303 35 2100 22 92 179 173 268 5 27 24 31 12 31 6 44
internal_value=2.11738e-05 -0.000632644 0.00029961 -0.000649609 0.00278906 -0.0107972 -0.024387 0.00181515 0.00206445 0.0351503 -0.0343665 0.00554018 -0.0579009 0.0590099 0.0521371 -0.053793 -0.0521424
internal_weight=175.394 172.038 167.411 162.972 121.724 41.2481 20.0563 119.914 21.1917 4.43883 4.6265 1.71626 2.91023 2.83251 1.81633 2.51538 1.85527
internal_count=3383 3355 3220 3137 2295 842 482 2273 360 83 135 51 84 48 43 81 75
is_linear=0
shrinkage=0.05


Tree=120
num_leaves=31
num_cat=0
split_feature=68 50 57 31 71 47 50 31 11 63 57 49 45 13 62 66 44 22 52 0 67 12 15 5 47 30 74 15 25 24
split_gain=1.44955 2.72407 2.19987 2.04268 1.78528 2.58871 2.48068 2.23012 2.15704 2.89902 2.17438 1.87422 1.85752 1.77562 1.70213 1.79628 2.54248 2.43192 1.57888 1.44897 1.29293 1.11331 1.01216 0.737589 0.733667 0.662864 0.534636 0.337052 0.261596 0.187001
threshold=-0.00029724006051001778 0.39820201267841288 0.00033600771074497859 -38.043032538030594 -0.00016583427701311046 0.61776339911442235 0.57278050492595456 -12.366173433186098 -0.0020108781623494605 0.0022296999507507563 0.00075639491061387312 3.5180058612205936 7644.4261055469733 -0.0051666729608178521 0.00023473641511224071 0.77973326427932055 7822.8004399999945 -0.0016266788912107086 0.50278203603558402 64493.000000000007 0.90303925800521867 -0.00053206790131626869 -0.0010211670399770665 778191.47601525008 2.9677455331149272 -50.81805461937477 18.981139348043616 -0.0030053363327341982 58.173231604062529 52.162511873092306
decision_type=2 2 2 2 2 2 2 2 2 2 2 2 2 2 2 2 2 2 2 2 2 2 2 2 2 2 2 2 2 2
left_child=1 26 21 -4 5 7 20 -2 9 25 -11 12 -8 -5 15 17 -17 -10 -15 23 28 -3 -21 -9 -13 -6 -1 -16 -7 -23
right_child=4 2 3 13 8 6 11 19 14 10 -12 24 -14 18 27 16 -18 -19 -20 22 -22 29 -24 -25 -26 -27 -28 -29 -30 -31
leaf_value=-0.059877756894227467 -0.047884233274019583 -0.0011991049352237733 0.059744786962547938 -0.043748885655479026 -0.014566563379288675 -0.056152289990099663 -0.021067303177665989 0.046710027276618271 -0.0087413183137903024 0.059952879467011104 -0.022770895635341341 0.05220305704951328 0.020156122293926774 0.023305829833644667 0.022642186800129117 0.0009160570723032405 -0.066864692449131929 0.035395391285747202 -0.0022982257038252829 -0.046194966018893169 -0.018869262606255353 0.081257549228514012 0.013029414679047982 0.0013578178627436034 0.00034520108689708269 -0.057049421314355697 -0.01638903516599954 0.062944939186307544 -0.087255579876034356 0.054605669685796991
leaf_weight=1.3923816601745778 1.3714442830532778 0.78472784347832236 1.8394221179187322 1.7279248619452179 1.2114816457033155 1.2177803055383258 22.843365702778108 4.1928461408242566 4.8870079750195137 1.4324707742780449 1.7831969717517493 1.425654950551688 3.1039741775020948 10.546151494607328 0.84559110458940301 71.459088453557342 1.4108345862478007 8.6363858536351454 14.032562633976339 1.0258458792231979 1.8009474994614718 1.1945263016968994 2.4310083389282227 1.1403431920334695 1.3076031967066226 3.7928776741027814 1.4351284732110796 1.342163998633622 1.5195610616356132 1.4657447959762064
leaf_count=18 34 20 14 36 18 35 394 82 76 17 33 25 49 182 26 1428 24 189 310 23 35 10 61 18 16 92 33 25 11 49
internal_value=1.90447e-05 0.00921323 0.0134215 0.00880542 -0.00223839 -0.0106673 -0.0174227 0.0114168 0.00153893 -0.0229626 0.0140797 -0.0119875 -0.0161359 0.00524362 0.00381259 0.00270964 -0.000396246 0.0194455 0.00868788 0.0206691 -0.0517715 0.0511354 -0.00454584 0.0370128 0.027394 -0.0467649 -0.0378047 0.0473675 -0.0734184 0.066573
internal_weight=174.6 34.4186 31.5911 28.1461 140.181 43.3804 33.2189 10.1615 96.8011 8.22003 3.21567 28.6806 25.9473 26.3066 88.5811 86.3933 72.8699 13.5234 24.5787 8.79004 4.53829 3.445 3.45685 5.33319 2.73326 5.00436 2.82751 2.18776 2.73734 2.66027
internal_count=3383 672 621 542 2711 783 565 218 1928 160 50 484 443 528 1768 1717 1452 265 492 184 81 79 84 100 41 110 51 51 46 59
is_linear=0
shrinkage=0.05


Tree=121
num_leaves=31
num_cat=0
split_feature=23 42 46 12 47 47 73 7 46 27 35 28 47 5 10 24 70 6 21 71 51 45 12 62 21 21 62 21 12 45
split_gain=1.5256 2.71783 2.03889 1.53712 1.47995 2.21773 1.94661 2.37885 2.58322 2.20473 3.30827 2.85239 2.25511 2.14049 1.92022 1.8866 1.8731 1.9089 1.48247 1.29187 1.16988 1.33233 1.01433 0.690064 0.655086 0.607177 0.0643478 0.0509071 0.0295035 0.00685604
threshold=0.009808787735547388 46.412461253802924 0.20092973706078002 -0.0026003266693866429 0.53472974662360406 0.45619953672155994 8.5370223600121022 1.2285750000000004 0.032332012400849486 0.21172505186294685 0.81722202135732458 0.72379350986386726 0.57305042291063746 1445436.2431595502 -0.0017078136552689525 65.512902234003846 0.81340262839857524 2427.5000000000005 -0.00047586584289599493 -0.00038386110108412636 -0.55273896068914585 6225.0617615052106 1.0000000180025095e-35 0.00012004235998564303 -0.0006082144756929252 0.0022948276200503996 3.9868705206661288e-05 -0.00086714260236858676 -0.0021313841030296539 6803.5926475104343
decision_type=2 2 2 2 2 2 2 2 2 2 2 2 2 2 2 2 2 2 2 2 2 2 2 2 2 2 2 2 2 2
left_child=4 3 -3 -2 5 15 9 -8 22 12 11 -11 -6 -14 -12 16 17 -1 -18 -7 21 -21 -9 27 -22 -10 -5 -17 -28 -30
right_child=1 2 -4 26 6 19 7 8 25 10 14 -13 13 -15 -16 23 18 -19 -20 20 24 -23 -24 -25 -26 -27 28 -29 29 -31
leaf_value=-0.00222600034557591 -0.01770450215501514 -0.046308399063020311 0.034956004661438216 0.033908321219680133 0.039947492810501133 -0.026903931750884277 0.040582672577697571 -0.041118607473756855 -0.048550368310620616 0.014112013270843889 0.03140823891958832 -0.0049039219461962553 -0.026820404611014849 1.8142639500004482e-05 -0.028129705832004206 0.072979179122814541 -0.0077035113207098898 -0.043424151253704781 0.036416444845698462 0.048600279842809957 0.030547316230779845 -0.016672625453322959 0.040364539649700104 -0.010806620280637553 0.063311403974212949 -0.090079493991003234 0.066356842670292945 0.0520630140759515 0.052154685725822394 0.057643200412295308
leaf_weight=7.3722715722397023 0.92461703158915032 2.063847267068923 1.2329647531732915 0.41111878817900827 1.8851392921060313 0.98467210121452708 0.97493307897820969 0.6320113707333801 1.8297664877027275 44.555331260897219 1.5308595746755589 35.379339683800936 19.070151970721785 12.170135171618311 11.739974167197941 0.36273745447397265 3.9061885853298008 4.5451595727354288 3.7144236303865901 1.293638129718601 3.1920675137080243 1.9758309195749459 0.96522230003029108 0.48613056354224671 2.9222593940794468 1.6958647449500857 0.47568761557340611 1.4690536800771941 3.1285967188887303 0.69547243043780316
leaf_count=190 12 30 31 28 24 23 23 17 32 702 17 752 445 211 159 3 79 54 82 25 50 41 32 8 62 13 3 84 144 7
internal_value=1.77616e-05 0.0201428 -0.0159166 0.0412379 -0.00107401 0.00853561 -0.00341236 -0.0310046 -0.0446284 -0.00208052 0.00185727 0.0056955 -0.0131603 -0.016365 -0.0212617 -0.000498876 -0.00555868 -0.0179385 0.0138013 0.0275797 0.0332968 0.00915405 0.00812237 0.0421508 0.0462065 -0.0685263 0.0528067 0.0562049 0.0546136 0.0531529
internal_weight=173.585 8.9323 3.29681 5.63549 164.653 32.2244 132.429 6.0978 5.12286 126.331 93.2055 79.9347 33.1254 31.2403 13.2708 21.856 19.538 11.9174 7.62061 10.3685 9.3838 3.26947 1.59723 2.31792 6.11433 3.52563 4.71088 1.83179 4.29976 3.82407
internal_count=3383 255 61 194 3128 701 2427 117 94 2310 1630 1454 680 656 176 500 405 244 161 201 178 66 49 95 112 45 182 87 154 151
is_linear=0
shrinkage=0.05


Tree=122
num_leaves=31
num_cat=0
split_feature=21 41 60 59 30 64 76 64 60 45 59 38 57 28 66 22 35 31 76 76 76 61 66 51 25 27 12 30 21 17
split_gain=1.49916 2.89224 2.58154 2.46909 4.09621 3.3245 2.74891 2.70302 2.27421 1.59265 3.80279 3.2749 3.16719 3.47544 3.01109 2.85289 2.79512 2.34804 2.23316 2.21479 2.207 1.42288 1.02936 0.642744 0.011009 0.00724514 0.00381103 0.000575831 0.000518524 0.00039777
threshold=0.00065107709692036064 22.701418017615705 0.00030305358876967365 0.00074900439360742351 -50.81805461937477 0.0021648657863213047 36.500000000000007 0.0041380422912592951 0.00028862353511936207 6821.5980289811678 0.00067392698497212267 64111.326887419018 0.00044341740679332178 0.037434007756069344 0.97262305319114761 -0.0021043783312049698 0.8220490380482034 2.6315288418685943 25.500000000000004 56.500000000000007 14.500000000000002 0.0004094504840577706 0.96753620653804961 -0.31375174325612909 42.473267732299995 0.87995246059658916 -0.0010617057761015956 -33.332054493090823 -0.00086714260236858676 -0.00044428078238056829
decision_type=2 2 2 2 2 2 2 2 2 2 2 2 2 2 2 2 2 2 2 2 2 2 2 2 2 2 2 2 2 2
left_child=8 26 22 5 24 21 -6 -7 25 12 11 17 13 27 -13 -15 18 -11 -12 20 -14 -4 23 -3 -5 28 -2 -10 -1 -28
right_child=1 2 3 4 6 7 -8 -9 9 10 16 14 19 15 -16 -17 -18 -19 -20 -21 -22 -23 -24 -25 -26 -27 29 -29 -30 -31
leaf_value=-0.051101159508616559 0.056682147197821643 -0.047210313040663254 -0.0052621966472938307 0.059334356698095406 -0.030371832120393641 -0.00052054226501098075 0.014765186712159407 0.029981048619906012 -0.053818774373318772 -0.027406768683300633 -0.012109350705821762 -0.046898488780902241 0.0088643240076104815 -0.00034638700223963944 -0.0031251243605553108 0.04150581858923591 -0.055865908431936145 0.039426283798541323 0.04171195232966142 0.037717315108614403 -0.0158123107741928 0.057290315454309459 -0.066482868994470035 0.019112371284845109 0.052050942557858748 -0.058393906245256505 0.052536083310530293 -0.051589927338062169 -0.052967871172051921 0.05096060282853853
leaf_weight=1.2498791408725083 0.36053219810128245 0.64762501395307481 1.1104523045942176 1.1653684936463862 12.249330034479501 31.720004638424143 4.655006772838532 9.4206735785119218 0.38324083574116219 2.2577681089751449 2.8625474954023939 12.267129294574262 13.107332742772995 6.5847734296694442 5.7796448133885852 10.669477540999647 1.2474986193701614 3.1446367530152202 5.8990791533142328 2.8000429132953277 29.350132604129612 5.0140976952388883 1.7379210274666546 0.83797843800857597 0.93514391593635071 0.5144132375717162 0.48200129158794958 1.1883264943026031 0.52965432405471724 2.3731983755715178
leaf_count=70 4 12 24 11 119 657 64 303 9 56 58 265 207 150 71 130 24 44 83 26 522 115 16 29 30 6 13 59 13 193
internal_value=1.89696e-05 0.0054802 0.00333504 0.00546046 -0.00975967 0.0115803 -0.0179423 0.00646392 -0.0039584 -0.00280111 -0.0116432 -0.0226562 0.00181541 0.0190501 -0.0328797 0.0255337 0.0141577 0.0114955 0.0241278 -0.00535371 -0.00819422 0.0459488 -0.0403598 -0.00979994 0.0560918 -0.0531676 0.0518382 -0.0521335 -0.0516568 0.0512266
internal_weight=172.545 72.7093 69.4936 66.2701 19.0048 47.2652 16.9043 41.1407 99.8356 97.5416 33.4583 23.4492 64.0833 18.8258 18.0468 17.2543 10.0091 5.4024 8.76163 45.2575 42.4575 6.12455 3.22352 1.4856 2.10051 2.29395 3.21573 1.57157 1.77953 2.8552
internal_count=3383 1590 1380 1323 224 1099 183 960 1793 1704 601 436 1103 348 336 280 165 100 141 755 729 139 57 41 41 89 210 68 83 206
is_linear=0
shrinkage=0.05


Tree=123
num_leaves=24
num_cat=0
split_feature=23 42 35 12 64 60 58 49 47 25 22 9 70 67 59 21 80 62 12 22 24 44 59
split_gain=1.42322 2.55347 2.56789 1.45862 1.41307 1.91224 2.65198 1.72691 2.49743 2.85732 2.61845 2.07164 2.77977 1.99534 0.965038 1.30974 0.328841 0.0697905 0.0233842 0.00544079 0.00137151 3.93423e-05 8.22509e-06
threshold=0.009808787735547388 46.412461253802924 0.58694650264250881 -0.0026003266693866429 0.0013017834687188607 0.00029435289247814656 0.00024881079496916398 1.7599169155764447 0.53472974662360406 81.699943271643932 0.00099435049827434363 -0.00022732988005513818 0.72800661068983807 0.91862296662204723 0.00030342085328919087 0.00016251337919570566 -1.0000000180025095e-35 3.9393434232435274e-05 -0.0021313841030296539 -1.0000000180025095e-35 42.721452801314861 6692.4218399999918 0.00030589573340757695
decision_type=2 2 2 2 2 2 2 2 2 2 2 2 2 2 2 2 2 2 2 2 2 2 2
left_child=4 3 -3 -2 20 6 -6 8 10 -10 -7 12 -9 -13 15 -8 -16 -5 -19 -20 -1 22 -22
right_child=1 2 -4 17 5 7 14 11 9 -11 -12 13 -14 -15 16 -17 -18 18 19 -21 21 -23 -24
leaf_value=0.054715526575939234 -0.016623964336558703 -0.047409371145494442 0.046004826934205906 0.0312066155311852 0.052170312628326658 -0.00043745320151692866 -0.051769600087365253 -0.046800461211347288 -0.0050702763771557418 -0.052460300172398645 0.03155081442313902 0.033539074972345324 0.0087433643294697778 -0.012313089707680639 -0.065994940806990282 0.051381479964706323 -0.032866718688275127 0.064959384400943149 0.056956896211275476 0.052076300595640335 0.050693604658680551 0.051584605034519115 0.051087672277228428
leaf_weight=0.39213620126247295 0.91847894620150317 2.135391298681498 1.1223568213172255 0.35381728783249666 0.84446512581780453 19.557111358735714 0.68855691235512473 2.8811733922921148 95.078077431302518 3.290805014781653 9.5073878751136345 11.44020834751427 10.324478500988333 2.9935127058997741 2.6378739587962627 0.55641352850943804 1.0461646826006474 0.46088907122611988 0.70662726834416378 2.9756756285205488 0.28749925107695162 0.30846806149929762 0.24547641258686781
leaf_count=6 12 23 38 27 29 385 34 65 1633 71 240 275 164 58 36 37 41 3 8 144 28 12 14
internal_value=1.93048e-05 0.0197524 -0.0152264 0.0407943 -0.00103666 -0.00144551 -0.0296998 -0.000393578 -0.00285089 -0.00665565 0.0100263 0.010936 -0.00337504 0.0240295 -0.0437263 -0.00566838 -0.0565874 0.0525216 0.0543418 0.0530129 0.0522733 0.0511352 0.0508751
internal_weight=170.753 8.67324 3.25775 5.41549 162.08 160.846 5.77347 155.073 127.433 98.3689 29.0645 27.6394 13.2057 14.4337 4.92901 1.24497 3.68404 4.49701 4.14319 3.6823 1.23358 0.841444 0.532976
internal_count=3383 255 61 194 3128 3068 177 2891 2329 1704 625 562 229 333 148 71 77 182 155 152 60 54 42
is_linear=0
shrinkage=0.05


Tree=124
num_leaves=25
num_cat=0
split_feature=66 21 67 44 49 24 30 35 43 43 32 49 70 78 12 76 59 21 69 73 66 47 44 27
split_gain=1.40683 1.52966 4.46589 3.51907 3.03827 2.88328 2.5443 2.4665 2.08204 2.4044 2.9548 3.44804 3.32876 2.25148 2.02873 2.15415 2.34939 2.02527 1.96963 1.12242 0.80074 0.673442 0.0100881 0.00207453
threshold=0.24377118162016057 0.00098919180514622806 0.85021479816920265 8310.6170699999911 0.66494145793769521 41.017200414757802 88.153230794695375 0.5943872541756906 35.98346005294249 56.369939859592769 65104.415147417501 0.67525295538064634 0.73278239878362539 -0.60355339059327362 -0.00027817546797403997 56.500000000000007 0.00050025867821753395 -0.0015361486470858441 0.12901284398581711 3.1116599319735556 0.96012544918109854 0.64576599422201475 8272.8605449999905 0.038118378555131692
decision_type=2 2 2 2 2 2 2 2 2 2 2 2 2 2 2 2 2 2 2 2 2 2 2 2
left_child=-1 8 3 22 5 -4 18 -7 14 13 11 -11 -12 20 15 16 -2 -15 -6 -16 -10 -21 23 -3
right_child=1 2 4 -5 6 7 -8 -9 9 10 12 -13 -14 17 19 -17 -18 -19 -20 21 -22 -23 -24 -25
leaf_value=-0.054268930732691893 -0.02361236219728724 0.054587049707566476 -0.033051800338284316 -0.052850644332176934 -0.047600118094173582 0.047828849289672952 -0.05119597898185714 -0.0013079593872051159 -0.055528434091094626 -0.013383796304131459 -0.052642514689552666 0.026473451631756434 0.0014619679394263807 -0.034776738850709144 0.052196856335879331 0.038468098361916725 0.0048370513488508625 0.0007411016916037275 0.00083421417113816961 0.035002458041390246 -0.024059110474699011 -0.012157123490798484 0.058503426075938128 0.051294733757223876
leaf_weight=1.1849739789031435 9.9658784857019764 0.51756425295024922 2.0347723476588717 0.8956664279103278 2.2339721806347361 7.6910111973993462 2.8405450312420717 3.8236004305072129 4.7760520321317035 9.2043139650486427 4.8390151131898147 13.21957068890333 6.8915798240341246 5.9428636603988734 3.1677448088303199 3.4430572716519228 26.696456876583397 12.363030231092123 34.750048492336646 1.4099637772887947 3.5047898488119245 1.6346508329734204 0.56343386322259892 6.334926858311519
leaf_count=28 312 10 16 5 15 198 30 57 107 130 56 195 88 197 38 38 460 175 678 24 67 25 5 429
internal_value=2.06519e-05 0.000401889 0.0066734 0.0407656 0.00136444 0.0218164 -0.00559385 0.0315122 -0.00321165 -0.0093005 -0.000523611 0.0101133 -0.0208568 -0.0205757 0.00477329 0.000654826 -0.00289632 -0.0107895 -0.0020914 0.031361 -0.0422093 0.00968252 0.0520722 0.0515434
internal_weight=169.929 168.745 61.6855 8.31159 53.3739 13.5494 39.8246 11.5146 107.059 60.7412 34.1545 22.4239 11.7306 26.5867 46.3178 40.1054 36.6623 18.3059 36.984 6.21236 8.28084 3.04461 7.41592 6.85249
internal_count=3383 3355 1443 449 994 271 723 255 1912 1015 469 325 144 546 897 810 772 372 693 87 174 49 444 439
is_linear=0
shrinkage=0.05


Tree=125
num_leaves=31
num_cat=0
split_feature=23 42 46 12 68 50 68 10 58 61 73 22 30 42 58 59 41 67 59 23 32 32 13 7 3 71 43 62 12 22
split_gain=1.33454 2.29036 1.70802 1.37678 1.37204 2.67675 2.05883 2.38019 2.48778 1.8968 1.8274 1.69512 3.32692 3.14127 3.18942 2.82283 2.40462 3.8557 2.03845 1.93407 1.82175 1.38677 0.797954 0.541056 0.396516 0.242464 0.218819 0.0740332 0.0184937 0.00418591
threshold=0.009808787735547388 46.412461253802924 0.20092973706078002 -0.0026003266693866429 -0.00029724006051001778 0.39820201267841288 -0.00087364430902364665 -0.00036325498747191704 0.0010609375969597814 0.00065059812969289635 3.6060383092792243 -0.0024234837707569619 -51.528523029520855 23.659675920540597 0.00068343247461897692 0.00076014971480045451 29.868699146605753 0.85776030747140564 0.00055354446945513611 0.00034381745518130563 64645.897001858139 63869.001401426307 -0.0037700649381153801 3.0600800000000006 64827.890000000007 -0.00046101373078105684 65.537662532936608 3.9393434232435274e-05 -0.0021313841030296539 0.0022159930852087011
decision_type=2 2 2 2 2 2 2 2 2 2 2 2 2 2 2 2 2 2 2 2 2 2 2 2 2 2 2 2 2 2
left_child=4 3 -3 -2 5 23 9 8 -8 24 -9 16 19 14 -14 -15 25 18 -18 22 -19 -11 -13 -1 -7 -6 -27 -5 -29 -30
right_child=1 2 -4 27 11 6 7 10 -10 21 -12 12 13 15 -16 -17 17 20 -20 -21 -22 -23 -24 -25 -26 26 -28 28 29 -31
leaf_value=-0.0093184481304234394 -0.015700260255362634 -0.042644248000246521 0.032681789121283278 0.029820884476949833 -0.085352712325937261 0.0023797335340546098 -0.011648831786922898 0.048200149009120195 0.053041209453158281 0.0044155900813418088 0.012223872631265965 -0.02354886101209137 -0.0014121094914612555 -0.0037953389708862192 0.032937580714617692 -0.032312137633532433 0.038543886134401455 -0.036253312940215873 -0.012968172572865653 0.062370153612004653 -0.0071547697855224414 -0.062170138727335081 0.030327794313053186 -0.057239092583140985 0.062990530502882169 -0.053115489181490352 -0.021135815938459115 0.063667604817967335 0.056358281173001137 0.051945888243206777
leaf_weight=0.90881045022979678 0.91021781694143999 1.9665020946413281 1.2190975595731286 0.34385828860103895 0.45429414138197932 0.45885560289025551 8.2984974449500495 7.684291309909888 1.8104366436600692 1.247688649222255 6.5285689551383257 1.2765722535550597 18.426003105472777 48.748225175309926 10.671697353944181 10.5574933597818 5.4894883912056702 9.1664877072908002 2.9540199339389801 3.2435700064525008 13.017131133005021 2.0948382010683417 1.4887138810008753 1.6740098125301299 0.65504324482753873 2.5149019928649063 0.67941383365541685 0.44077610224485431 0.66533194482326541 2.7976644195150584
leaf_count=24 12 30 31 27 9 23 151 171 21 20 147 13 446 971 136 118 93 218 50 39 253 24 27 25 18 114 17 3 8 144
internal_value=2.10898e-05 0.0195163 -0.0138177 0.0401041 -0.000995206 0.0083826 0.0127588 0.0184834 -6.33154e-05 -0.0184842 0.0316747 -0.00328056 0.000177082 -0.00226994 0.0111858 -0.00887185 -0.0128046 -0.00823362 0.020522 0.0361782 -0.0191786 -0.0373152 0.00545607 -0.0403774 0.0380227 -0.0511744 -0.0463136 0.0520623 0.0540214 0.0527936
internal_weight=168.393 8.34345 3.1856 5.15785 160.049 31.361 28.7782 24.3218 10.1089 4.45643 14.2129 128.688 94.4123 88.4034 29.0977 59.3057 34.2757 30.6271 8.44351 6.00886 22.1836 3.34253 2.76529 2.58282 1.1139 3.64861 3.19432 4.24763 3.90377 3.463
internal_count=3383 255 61 194 3128 624 575 490 172 85 318 2504 1750 1671 582 1089 754 614 143 79 471 44 40 49 41 140 131 182 155 152
is_linear=0
shrinkage=0.05


Tree=126
num_leaves=18
num_cat=0
split_feature=66 45 21 35 62 74 68 50 52 62 68 70 70 62 76 27 62
split_gain=1.32027 1.64926 1.45502 2.06144 4.04289 2.90228 1.65751 2.54872 1.99108 1.94969 1.94121 1.81191 1.35245 0.852018 0.547529 0.52408 0.0253799
threshold=0.42832500662411516 4740.2509986648056 -0.004414770304740522 0.85409686167445087 0.00018838463356147365 32.974839758398154 -0.00029724006051001778 0.39820201267841288 0.68070818917791387 8.8213189091307503e-05 -0.00087364430902364665 0.67198463115876106 0.84446279931415036 0.00010416146767514165 40.500000000000007 0.49667653505177595 0.00013445339047350272
decision_type=2 2 2 2 2 2 2 2 2 2 2 2 2 2 2 2 2
left_child=13 14 3 4 16 -5 7 15 11 -10 -9 -8 -7 -1 -2 -4 -3
right_child=1 2 6 5 -6 12 8 10 9 -11 -12 -13 -14 -15 -16 -17 -18
leaf_value=0.00081863723506270041 0.025104876339221219 -0.05165757904915276 -0.060418182142558924 0.05157761676020331 0.036266553052300553 0.014533745531279322 -0.020588907303859382 -0.013931054182631518 0.020518097510990218 -0.0082559059319479294 0.022873984067187093 -0.0015388900295992822 -0.055356900928161881 -0.061096643571685198 0.088268896600545654 -0.014995952003979874 -0.058641787379817525
leaf_weight=0.90425255335867349 0.72335555590689071 3.3494856124743801 1.1491743680089741 2.1624494828283787 1.5868768319487569 1.2119761873036625 14.748714788351206 4.2810402004979577 17.789266477338973 8.7991231710184348 21.959356611128896 81.217425364535302 1.613959766924381 1.4412515079602597 0.65263647586107254 1.4194182138890026 2.1266125030815601
leaf_count=33 36 172 17 21 15 15 301 79 436 144 456 1521 38 23 8 28 40
internal_value=2.22996e-05 0.000552473 9.34749e-05 -0.0166271 -0.0340061 0.00797948 0.00142475 0.0122164 -0.00111206 0.0109957 0.0168694 -0.00446662 -0.0253825 -0.0372267 0.0550637 -0.0353176 -0.0543699
internal_weight=167.136 164.791 163.415 12.0514 7.06297 4.98839 151.364 28.809 122.555 26.5884 26.2404 95.9661 2.82594 2.3455 1.37599 2.56859 5.4761
internal_count=3383 3327 3283 301 227 74 2982 580 2402 580 535 1822 53 56 44 45 212
is_linear=0
shrinkage=0.05


Tree=127
num_leaves=30
num_cat=0
split_feature=22 6 35 67 46 42 14 43 27 61 69 63 64 74 67 39 74 76 43 31 3 12 62 23 66 21 26 65 13
split_gain=1.31019 3.08025 3.02251 3.1531 2.20345 2.62215 2.0632 3.0266 2.8528 3.12558 2.14691 1.68261 1.89956 1.58832 3.56186 3.02433 2.99727 2.91988 3.10094 2.49382 1.52999 1.65551 1.6082 1.31596 0.157505 0.0844752 0.00768566 0.00288298 0.00213841
threshold=0.0016837022465089337 2349.0000000000005 0.36204923153076163 0.72152107015690969 -0.12816314031130957 20.561379469441295 0.0055384897347063875 78.378935440416726 0.6133228098623521 0.00067895810924362154 0.92242065428365672 0.00085242002197392019 0.0014619917074448028 20.951393906740183 0.84293177308888778 65075.744384825295 23.240498732136885 47.500000000000007 56.670443695497205 -0.92467454069448063 62909.055000000008 -0.00027817546797403997 8.1864797917790408e-05 0.008360614922835909 0.86503004454148313 -0.00049736631271762855 0.72913390149910939 0.0074439118419252475 0.0061440598977181579
decision_type=2 2 2 2 2 2 2 2 2 2 2 2 2 2 2 2 2 2 2 2 2 2 2 2 2 2 2 2 2
left_child=11 20 3 -3 -5 -6 8 23 9 -4 -9 26 24 17 15 -15 -16 18 -14 -19 -2 22 -22 -8 -13 -23 -1 -27 -10
right_child=1 2 6 4 5 -7 7 10 28 -11 -12 12 13 14 16 -17 -18 19 -20 -21 21 25 -24 -25 -26 27 -28 -29 -30
leaf_value=-0.052500141659248635 -0.045922936245796304 0.076244191307977716 -0.02699216875136469 0.03729795405916151 0.025747730922725788 -0.045667854170251598 -0.055591240837964954 0.055654450488355503 0.051707259799615629 0.034451677271663955 -0.0084494652157855697 0.027928970948212013 -0.028244036852849042 0.045099443101406095 0.026667749462359766 -0.0027298774075922676 -0.0076176224988299601 -0.010400132464387027 0.001381347019711992 0.051105645278631831 0.039858858551696436 0.066691879021756328 -0.028901067601898818 -0.00054837463896013146 0.056683613925913673 0.051255948399263319 -0.059751692583883353 0.056719045762132547 0.054757662383641548
leaf_weight=0.79143279930576571 0.58310942072421212 0.79317368753254314 3.9507444854825753 1.1908600758761156 1.5186431298498053 8.365776557940988 2.9916666448116285 2.3147536562755704 4.6724350592121473 4.3471132284030318 2.9974959804676473 0.76195233734324519 21.449815853033215 7.7760357609949988 7.2259740699082604 5.7482668878510594 54.099564290139824 3.3219188684597611 15.016762677580116 3.2707172636874011 2.0074953918810929 1.180530410259961 1.4753058939240871 1.7045764382928608 1.2700099316425619 4.0219234812539071 0.67877037823200226 0.25691896118223656 0.65508690197020758
leaf_count=34 7 11 54 23 58 120 32 54 234 49 63 24 501 164 127 107 881 79 224 53 35 8 23 30 24 341 7 4 12
internal_value=1.87466e-05 0.00730325 0.00052943 -0.0200577 -0.0269545 -0.0346956 0.0108679 -0.0063692 0.0235293 0.00519727 0.0194831 -0.00268285 -0.00203116 -0.00285719 0.00154433 0.0247704 -0.00357779 -0.0105084 -0.0160444 0.0201139 0.0325504 0.0376676 0.0107323 -0.0356126 0.0459011 0.0548509 -0.0558481 0.051584 0.0520823
internal_weight=166.439 45.0276 35.5023 11.8685 11.0753 9.88442 23.6339 10.0085 13.6254 8.29786 5.31225 121.411 119.941 117.909 74.8498 13.5243 61.3255 43.0592 36.4666 6.59264 9.52528 8.94217 3.4828 4.69624 2.03196 5.45937 1.4702 4.27884 5.32752
internal_count=3383 1158 740 212 201 178 528 179 349 103 117 2225 2184 2136 1279 271 1008 857 725 132 418 411 58 62 48 353 41 345 246
is_linear=0
shrinkage=0.05


Tree=128
num_leaves=19
num_cat=0
split_feature=21 31 21 67 50 49 30 24 43 12 76 67 12 76 57 45 66 1
split_gain=1.2435 1.75518 1.374 4.09007 2.74075 2.72279 2.79944 2.45417 1.90562 2.21553 3.20167 2.47679 1.76259 1.85813 1.1809 0.00913107 8.7092e-05 2.06407e-05
threshold=0.0073145346789116336 47.02557552918578 0.00098919180514622806 0.85021479816920265 0.30639603919560371 0.66494145793769521 88.153230794695375 41.017200414757802 35.98346005294249 -0.00016488880147902393 4.5000000000000009 0.94077660854189937 -0.00027817546797403997 56.500000000000007 0.0005432322759055349 8173.6301706060412 0.9751123890050698 64912.820000000007
decision_type=2 2 2 2 2 2 2 2 2 2 2 2 2 2 2 2 2 2
left_child=1 2 8 4 -4 7 -7 -5 12 11 -11 -10 13 -1 -14 -6 17 -2
right_child=16 -3 3 5 15 6 -8 -9 9 10 -12 -13 14 -15 -16 -17 -18 -19
leaf_value=-0.0026690927243907571 0.0507771072845054 -0.052402545098508682 -0.034712050285474381 -0.030725137912935276 0.05149558442331971 -0.0021893245424549198 -0.057935072728381345 0.029767082481251535 -0.030682704278652037 0.044162938510213225 -0.0069322513584129074 0.028612512667798656 0.04852243420503493 0.03649085176804593 0.0032241231788110291 0.05749168065832936 0.051911300946036555 0.051312318100515592
leaf_weight=35.711433566175401 0.39155928697436937 1.6032522413879622 1.052090398268773 1.9730848483741272 5.9412682913243771 34.383948157075793 2.4099509976804248 11.160384463844819 15.62956076860428 3.3314098045229903 38.467059169197455 1.9847657475620497 3.4970311066135755 3.3099945569410911 2.4444866273552179 0.71090051904320706 0.44594741426408291 0.33363580238074064
leaf_count=773 29 13 33 16 407 641 21 256 437 54 521 21 49 38 38 7 14 15
internal_value=2.33882e-05 -0.000344095 0.000171084 0.00636786 0.0402764 0.00113546 -0.0058406 0.0206791 -0.0032505 -0.00912777 -0.00285988 -0.0240014 0.00451557 0.000652651 0.0298856 0.0521364 0.0513615 0.0510233
internal_weight=164.782 163.611 162.007 57.6316 7.70426 49.9274 36.7939 13.1335 104.376 59.4128 41.7985 17.6143 44.9629 39.0214 5.94152 6.65217 1.17114 0.725195
internal_count=3383 3325 3312 1381 447 934 662 272 1931 1033 575 458 898 811 87 414 58 44
is_linear=0
shrinkage=0.05


Tree=129
num_leaves=19
num_cat=0
split_feature=23 42 28 72 12 31 23 20 28 62 80 22 60 62 12 21 22 9
split_gain=1.24043 2.04925 1.68761 2.38664 1.24938 1.21337 1.78829 1.84506 2.0056 1.9953 1.92002 1.67969 1.10945 0.0726073 0.0138312 0.00455912 0.00338072 0.00146566
threshold=0.009808787735547388 46.412461253802924 0.42673642577591092 0.00061971243405630567 -0.0026003266693866429 -38.043032538030594 -0.016135671453120001 -0.010367814933541218 0.037434007756069344 0.00022921988763948295 1.0000000180025095e-35 -0.00060121550690861436 0.00050702462640111806 3.9393434232435274e-05 -0.0021313841030296539 1.0000000180025095e-35 0.0022159930852087011 -0.0015155857639178592
decision_type=2 2 2 2 2 2 2 2 2 2 2 2 2 2 2 2 2 2
left_child=5 4 -3 -4 -2 -1 11 12 10 -10 -9 15 -8 -6 -15 17 -16 -7
right_child=1 2 3 -5 13 6 7 8 9 -11 -12 -13 -14 14 16 -17 -18 -19
leaf_value=0.029939496543158473 -0.014247213276590818 -0.06284243920636795 -0.042085549790471008 0.068071463015256364 0.028889187313050971 -0.054949157362724092 0.057567614476632167 -3.2348732704964616e-05 -0.0010749803972851806 0.041639495276270866 -0.048990404324455679 0.017512181284705081 0.0066029982305066421 0.06230699367478381 0.055899544502605716 -0.056697692836294271 0.051803621544674855 -0.051587468382428461
leaf_weight=3.1150329113006583 0.87829243950545777 1.0820139124989512 0.95072092860937107 1.018418500665575 0.32062334474176113 0.38957607652992043 2.1046516615897408 3.7896280405111593 133.42838426586241 2.7911957949399939 4.2468582633882761 1.1581369866617013 2.1676786690950394 0.41464451700449023 0.6259112358093265 0.72309971600770939 2.5819586126599461 1.9331109379418197
leaf_count=28 12 8 18 35 27 9 14 95 2614 59 152 30 31 3 8 8 144 88
internal_value=2.53218e-05 0.0193894 -0.0126781 0.0148865 0.0396827 -0.00095285 -0.00158291 -0.000672692 -0.00163173 -0.000199743 -0.0259041 -0.0337418 0.0317094 0.0516951 0.0537136 -0.0532307 0.0526028 -0.0521513
internal_weight=163.72 7.87258 3.05115 1.96914 4.82143 155.847 152.732 148.528 144.256 136.22 8.03649 4.20392 4.27233 3.94314 3.62251 3.04579 3.20787 2.32269
internal_count=3383 255 61 53 194 3128 3100 2965 2920 2673 247 135 45 182 155 105 152 97
is_linear=0
shrinkage=0.05


Tree=130
num_leaves=24
num_cat=0
split_feature=66 23 30 59 59 74 57 69 61 69 56 29 46 73 36 62 29 57 58 5 43 43 59
split_gain=1.2124 1.33767 2.96757 3.48877 4.22057 2.85183 3.32633 3.14433 2.48317 3.97413 3.41778 3.15335 3.56742 2.92933 2.45081 2.28882 1.72885 1.68758 2.29559 0.800047 0.622041 0.303848 0.00239506
threshold=0.24377118162016057 -0.00088612307050939243 -52.810105883216224 0.00074900439360742351 0.00090086095262586422 17.679165048573097 0.0010363312934959172 0.95427661571699907 0.00071952989588262904 0.95973615311530891 0.0041522162402710507 64.175712668922657 0.41675585673020382 2.6838569801394803 0.1089654732204495 8.6693241219841388e-05 -49.069426254663988 0.0011807031088649166 0.0011441133865621753 356898.37060895009 79.214254117791185 13.831571424012077 0.00093235801159232779
decision_type=2 2 2 2 2 2 2 2 2 2 2 2 2 2 2 2 2 2 2 2 2 2 2
left_child=-1 8 14 5 15 7 -7 -4 11 10 16 12 13 -2 -3 -5 -10 18 -11 -16 -13 -21 -6
right_child=1 2 3 4 22 6 -8 -9 9 17 -12 20 -14 -15 19 -17 -18 -19 -20 21 -22 -23 -24
leaf_value=-0.052848277706040891 0.0042821931423509324 -0.01244763279601668 -0.016463355243379153 -0.0051015299006898079 0.055733231771529494 0.021299893978945161 -0.023246199882090757 0.0268769828658697 0.0095906758565966824 -0.029648459671152889 -0.034295987563423433 -0.073849919082363366 0.052721664233687342 -0.020216279240971791 0.014817715504254739 -0.047263660380178318 0.046919708212531983 -0.056639078436477634 0.045127690870281012 0.086398326862555053 -0.032789319635603456 0.055195269576104045 0.051929552406995261
leaf_weight=1.0770823503844429 21.425371249672025 1.9611349161714304 18.191978387068961 5.5719000520184618 0.6790464436635365 33.028071413515136 4.7996886735782018 5.4352068104781202 4.8983531454578033 3.0234839580953112 2.1798611730337134 1.9622292146086686 2.4016479207202783 28.344418102409691 1.0913041373714802 7.6223048618994653 8.4566572043113428 2.3162935916334391 1.5538673922419546 1.0340498453006146 1.7405526121146975 3.1780200116336346 1.0597191443666814
leaf_count=28 419 21 478 74 10 871 91 78 96 54 25 20 30 670 18 91 131 38 17 7 24 53 39
internal_value=2.41585e-05 0.000375786 0.00477218 0.00186802 -0.019809 0.00713532 0.0156478 -0.00649333 -0.00432098 0.0097327 0.0237531 -0.00996227 -0.00679782 -0.00966994 0.0353102 -0.0294586 0.0332282 -0.0218624 -0.0042643 0.0529705 -0.0545487 0.0628555 0.053415
internal_weight=163.032 161.955 83.6524 76.3879 14.933 61.4549 37.8278 23.6272 78.3027 22.4285 15.5349 55.8742 52.1714 49.7698 7.26451 13.1942 13.355 6.89364 4.57735 5.30337 3.70278 4.21207 1.73877
internal_count=3383 3355 1831 1732 214 1518 962 556 1524 361 252 1163 1119 1089 99 165 227 109 71 78 44 60 49
is_linear=0
shrinkage=0.05


Tree=131
num_leaves=24
num_cat=0
split_feature=64 22 42 35 41 76 76 34 10 8 13 43 9 22 15 23 74 6 22 26 11 29 67
split_gain=1.22146 1.22592 2.64948 2.26328 4.53821 1.78428 5.45315 4.09285 1.775 2.05048 2.01412 3.00428 1.91912 1.74082 1.64846 1.63919 1.71148 0.780248 0.391289 0.253375 0.00114292 5.38883e-05 1.37383e-05
threshold=0.0013017834687188607 0.0012915180167083486 22.741529647510742 0.31459807333057765 32.060748369470069 48.500000000000007 36.500000000000007 63904.510145071414 0.0033587275225439588 1549224.8978326505 0.0022957446839593225 56.670443695497205 0.00034379314320309723 0.0055013088763585802 -0.0044923764653759237 -0.016135671453120001 31.759621017309623 5470.5000000000009 0.0058916604816688931 0.046079288476958122 -0.00055762301286627059 -3.2039340238407017 0.84871256998283651
decision_type=2 2 2 2 2 2 2 2 2 2 2 2 2 2 2 2 2 2 2 2 2 2 2
left_child=20 8 14 4 18 6 -5 -7 9 10 11 -2 -12 -6 -3 -11 -17 19 -4 -16 -1 -22 -23
right_child=1 2 3 5 13 7 -8 -9 -10 15 12 -13 -14 -15 17 16 -18 -19 -20 -21 21 22 -24
leaf_value=0.054652795516260566 -0.0067145592648079873 -0.062567633368361977 0.054201764547523734 -0.00016913449042076274 -0.069463551530669923 0.052819212524849994 0.051834769900847455 -0.040320864557056108 -0.055196741273980221 -0.028283403855610983 -0.033091301210329299 0.014741711482598192 0.0085877255832830495 -0.010467866301276663 0.020801965541080061 0.0049465009539451932 0.053343487638280444 -0.00056944929167596081 -0.0030808992332877973 0.054817699018658274 0.05165235244318888 0.050578083527260981 0.051093317983786302
leaf_weight=0.31049657613039017 68.186253537656739 0.39341840520501126 1.5189647874794889 20.017130487365652 3.3179009733721614 1.5788621939718712 6.7377868681214741 4.6628772381227463 1.6136575341224659 1.4208855414763091 10.307095731608568 21.44554594065994 3.7728887759149066 2.0066535510122776 0.62432892620563407 3.4736713194288296 3.8528693020343781 0.87215123046189535 0.37091794377192844 4.4458120591007173 0.27529606036841869 0.31302797142416128 0.22052347240969539
leaf_count=5 1418 5 92 437 34 70 203 82 10 27 112 362 55 32 12 60 51 20 17 219 11 37 12
internal_value=2.4189e-05 -0.000338542 0.00649976 0.00176464 -0.0236042 0.00731132 0.0129272 -0.0167609 -0.00312887 -0.00238176 -0.00434253 -0.00158087 -0.0219229 -0.04723 0.0365523 0.0208656 0.0303974 0.0431146 0.0429592 0.0506291 0.0520741 0.0510842 0.050791
internal_weight=161.739 160.62 46.5468 40.2111 7.21444 32.9967 26.7549 6.24174 114.073 112.459 103.712 89.6318 14.08 5.32455 6.33571 8.74743 7.32654 5.94229 1.88988 5.07014 1.11934 0.808848 0.533551
internal_count=3383 3318 1223 967 175 792 640 152 2095 2085 1947 1780 167 66 256 138 111 251 109 231 65 60 49
is_linear=0
shrinkage=0.05


Tree=132
num_leaves=31
num_cat=0
split_feature=21 65 46 60 46 76 67 20 8 42 39 55 58 77 22 45 63 63 60 59 29 45 28 67 69 59 67 45 66 31
split_gain=1.16941 2.03491 1.98939 2.53655 2.28636 2.88542 2.50274 2.08834 2.96326 2.4314 2.05399 2.54315 2.33369 2.10555 2.04817 1.69578 1.56826 2.42488 2.75727 1.6709 3.61184 2.40887 2.7719 2.75217 2.3053 1.63818 1.54473 1.45688 3.15022 1.35249
threshold=-0.00049736631271762855 0.0051212294767676624 -0.18346086146416285 0.00074977223655867716 0.23461556480790302 21.500000000000004 0.88219627388161193 -0.0015867699102159458 525406.65325675008 20.778164102386757 63793.788087630128 63730.606449841238 0.0011441133865621753 4.5000000000000009 0.0023600472199856175 7654.8185398437236 0.0012987543289029373 0.0011777570243589951 0.00030305358876967365 0.00074900439360742351 -61.356720734034745 5262.9371892108747 0.14278781823953571 0.93385795363105939 0.95889232687109238 0.00030589573340757695 0.86125571720007366 6848.8428693911219 0.93429364035550078 -13.785151448137361
decision_type=2 2 2 2 2 2 2 2 2 2 2 2 2 2 2 2 2 2 2 2 2 2 2 2 2 2 2 2 2 2
left_child=2 15 3 7 10 -6 -7 8 -1 -9 11 13 14 -4 -12 -2 17 18 25 21 -21 22 -18 -23 -22 -3 -10 28 -19 -11
right_child=1 16 4 -5 5 6 -8 9 26 29 12 -13 -14 -15 -16 -17 19 27 -20 20 24 23 -24 -25 -26 -27 -28 -29 -30 -31
leaf_value=-0.041561501490685417 0.052121763617342713 0.036589160457354233 -0.030230834469283527 0.08715825608488259 0.063076803687585295 0.032972390447207414 -0.031354996068086831 -0.048545723427616434 0.045010701160573735 0.014362459348010155 -0.033837528557706491 0.062002828640960753 0.045893933909543778 0.038471592842191274 0.0033252468499913703 -0.056556489227773177 -0.014530549510181871 0.053869764857155882 0.04371513433693907 0.044059814717202161 -0.0028097985253583042 0.0030102682719966543 0.057543439888517262 0.058417086740387071 -0.039317843889382538 -0.039299590961961672 -0.009856980597326823 -0.066801566664144968 -0.038747868789603006 0.057726871935890968
leaf_weight=4.5584612931124902 3.2345026179682459 0.95060891844332074 3.7640517312102011 0.95733803138136764 2.0638720048591477 2.554981542751193 3.704197071492672 1.0755954317282883 2.2375920587219298 4.4564335849136105 20.498085745144643 1.5983181493356822 1.1445767488330592 1.5847549270838497 4.5262689003720871 0.40374715998768795 1.8492172709666181 1.1729168081656096 3.0554995005950332 3.0193843273445991 13.317591707222165 50.060020403936505 4.7881582882255316 2.3462849925272158 6.4030167162418357 2.822787166107446 3.0063057425431907 2.212527341209352 4.226124863140285 3.0142525783739993
leaf_count=191 179 62 92 10 23 19 47 43 35 79 582 12 15 29 57 7 16 31 118 50 204 1025 104 45 67 42 73 34 51 41
internal_value=2.78478e-05 0.00335541 -0.00544252 0.00781411 -0.0116186 0.0118083 -0.00509671 0.00367434 -0.0120761 0.0217396 -0.0175065 0.00666144 -0.0239224 -0.00987554 -0.0271157 0.0400614 0.00196755 -0.0132232 0.00840827 0.00464977 -0.00686628 0.00908504 0.0374631 0.00549089 -0.0146635 -0.0201814 0.0135553 -0.0326304 -0.0186271 0.031859
internal_weight=160.607 99.8624 60.7451 19.306 41.4391 8.32305 6.25918 18.3486 9.80236 8.54628 33.1161 6.94712 26.1689 5.34881 25.0244 3.63825 96.2241 14.4405 6.8289 81.7837 22.74 59.0437 6.63738 52.4063 19.7206 3.7734 5.2439 7.61157 5.39904 7.47069
internal_count=3383 2035 1348 472 876 89 66 462 299 163 787 133 654 121 639 186 1849 338 222 1511 321 1190 120 1070 271 104 108 116 82 120
is_linear=0
shrinkage=0.05


Tree=133
num_leaves=22
num_cat=0
split_feature=64 60 58 8 58 21 62 35 62 74 21 41 59 21 35 77 33 57 11 29 67
split_gain=1.1367 1.58147 2.3968 1.28343 1.696 1.65865 2.17856 2.12958 1.50014 2.10949 1.32904 0.870583 0.709102 1.11648 0.522516 0.199815 0.172525 0.161327 0.00107297 4.15913e-05 9.33349e-06
threshold=0.0013017834687188607 0.00029435289247814656 0.00024881079496916398 1645938.6688573502 0.0011441133865621753 -0.0015361486470858441 9.7398674043374953e-05 0.50281480740765128 0.00013287996734423873 32.974839758398154 -0.00033254893747691744 89.114557234812068 0.00030342085328919087 0.00016251337919570566 0.85409686167445087 3.5000000000000004 65137.355250000001 0.001119586701606899 -0.00055762301286627059 -3.2039340238407017 0.84871256998283651
decision_type=2 2 2 2 2 2 2 2 2 2 2 2 2 2 2 2 2 2 2 2 2
left_child=18 2 -2 4 5 7 -7 -3 9 10 -5 -6 13 -4 -10 16 -14 -11 -1 -20 -21
right_child=1 3 12 8 11 6 -8 -9 14 17 -12 -13 15 -15 -16 -17 -18 -19 19 20 -22
leaf_value=0.054551436812459275 0.050515180484345584 -0.02577009500178461 -0.05164870593887122 -0.024907481523546604 0.053803256435438984 0.0061124138646006434 -0.010042742088746261 -0.00038452396142415438 0.0084623009124496929 0.055752480017483896 0.024733797889357301 0.0025714789532655341 -0.0096615482359940202 0.051195061732808689 -0.036837995644853481 -0.061024138796140839 -0.05294285934763801 0.033318170998687578 0.051512628669723164 0.050546849360587454 0.050990125025939782
leaf_weight=0.29636763408780098 0.83183990838006039 14.456361812539397 0.60317701008170821 2.2996836388483635 2.1142458003014322 73.381825318327174 29.161152731860057 19.279189695138484 1.0966936573386186 3.3833017428405583 3.2592338721733531 1.3643196038901804 0.41355297528207335 0.46916166832670569 1.5171805787831543 2.4015163299627602 0.51945022912696004 1.0500601232051847 0.25685344822704792 0.29122304474003502 0.20051319245249033
leaf_count=5 34 567 34 34 38 1405 496 343 24 68 90 23 24 37 23 39 17 22 11 37 12
internal_value=2.84192e-05 -0.000316205 -0.0273276 0.000612528 -0.000765695 -0.0016457 0.00151821 -0.0112628 0.0158921 0.0247138 0.00419756 0.0337098 -0.0420213 -0.00665326 -0.0178315 -0.0533952 -0.0337585 0.0504388 0.0520051 0.050997 0.0507276
internal_weight=158.647 157.602 5.2387 152.363 139.757 136.279 102.543 33.7356 12.6062 9.99228 5.55892 3.47857 4.40686 1.07234 2.61387 3.33452 0.933003 4.43336 1.04496 0.74859 0.491736
internal_count=3383 3318 185 3133 2872 2811 1901 910 261 214 124 61 151 71 47 80 41 90 65 60 49
is_linear=0
shrinkage=0.05


Tree=134
num_leaves=17
num_cat=0
split_feature=31 23 62 28 69 12 45 24 64 76 22 64 26 21 9 30
split_gain=1.09742 1.7166 1.65988 1.75606 2.66319 3.11907 2.72379 2.64006 1.98189 1.56931 1.50218 0.0697002 0.0100177 0.00326483 0.000981086 0.000133057
threshold=-38.043032538030594 -0.016135671453120001 0.00022921988763948295 0.23074641182979874 0.72904961376183075 -0.0023751110796337289 6874.2245282135655 24.971213707404583 0.0056655613726146045 20.500000000000004 -0.00060121550690861436 0.0023645252282073997 0.56974469066811773 -1.0000000180025095e-35 -0.0015155857639178592 -97.346923364982885
decision_type=2 2 2 2 2 2 2 2 2 2 2 2 2 2 2 2
left_child=-1 10 3 4 5 -3 -6 -5 -9 -4 13 -11 -13 14 -2 -16
right_child=1 2 9 7 6 -7 -8 8 -10 11 -12 12 -14 -15 15 -17
leaf_value=0.029609431546914412 -0.054302914624419121 -0.024497430440285496 -0.0095869624543641983 0.055582770015784544 -0.010135281032136751 0.03017269350721237 -0.049217082716876782 0.00050553829468535038 0.04872601893248682 0.068392293209747684 0.016280337541597925 0.054560956603609982 0.046157091689660576 -0.055922022644696028 -0.051826865427274986 -0.050952800744208548
leaf_weight=3.074139527976512 0.35829308256506998 4.1042825300246477 1.3613106887787574 2.3025816543959072 19.82732363417745 7.1608179518952948 5.7515034992247811 105.8477078655269 2.1746431698556981 0.93433964252471957 1.0930212000384916 0.8035635035485027 0.63470186293125153 0.67045728117227588 0.9644643850624568 0.79372449358925135
leaf_count=28 9 115 35 25 384 150 193 2188 82 5 30 13 30 8 31 57
internal_value=2.7719e-05 -0.000559803 0.000284519 -0.000550764 -0.0100019 0.0102544 -0.018923 0.00260554 0.00147628 0.0332064 -0.0333979 0.0577596 0.0508524 -0.0528814 -0.0519182 -0.0514323
internal_weight=157.857 154.783 150.903 147.169 36.8439 11.2651 25.5788 110.325 108.022 3.73392 3.87996 2.37261 1.43827 2.78694 2.11648 1.75819
internal_count=3383 3355 3220 3137 842 265 577 2295 2270 83 135 48 43 105 97 88
is_linear=0
shrinkage=0.05


Tree=135
num_leaves=31
num_cat=0
split_feature=23 30 59 59 21 45 76 15 24 61 45 30 46 30 52 5 62 5 60 59 57 24 5 5 26 62 25 42 46 42
split_gain=1.07756 2.78272 2.79172 3.75141 2.40684 2.63697 3.32935 3.18584 2.36687 2.19099 2.71352 2.69103 2.57901 3.42193 2.65344 3.5123 2.05123 3.27892 1.96959 1.87857 1.65759 1.60019 1.41076 1.65461 1.33929 1.20439 1.08528 0.534292 0.532268 0.405397
threshold=-0.00088612307050939243 -52.810105883216224 0.00074900439360742351 0.00090086095262586422 -0.0018834243728789721 7621.4321808038767 4.5000000000000009 -0.0019811138935216794 31.125782494142914 0.00071952989588262904 6721.1710190209815 -33.817692038648381 0.40949829341826544 51.327300839142175 0.30080122597255488 1016537.4472767002 8.6693241219841388e-05 981234.13385650015 0.0005726800531500512 0.00051972309740307848 0.00075237869748623635 44.389980155182393 1408827.5310451002 2923180.4887442505 0.99992082709708996 0.00020503649843972856 66.162561697237877 42.68570108348478 -0.19822793262588498 43.449901498568799
decision_type=2 2 2 2 2 2 2 2 2 2 2 2 2 2 2 2 2 2 2 2 2 2 2 2 2 2 2 2 2 2
left_child=9 8 4 16 19 7 -7 -6 -2 12 11 22 13 14 15 -1 17 -4 -16 -3 -21 25 29 -24 28 -12 -18 -15 -13 -11
right_child=1 2 3 -5 5 6 -8 -9 -10 10 21 24 -14 27 18 -17 26 -19 -20 20 -22 -23 23 -25 -26 -27 -28 -29 -30 -31
leaf_value=-0.014445922312338617 -0.0064105499145765662 -0.051415105376155894 0.037308951631737801 0.053186900602505319 0.050098662043154496 0.058992973928290032 -0.020393529661737381 0.010378702231120415 0.05487934271131472 -0.058115177777179707 -0.025090482733733245 0.074010412111769425 0.038981994219603862 -0.066813630393495013 -0.022393344871436804 0.039187432876420417 -0.055349477191141874 -0.040306612015374402 0.0043533993798190408 0.017013628612120996 -0.035774820120278099 -0.047468131471450903 0.038298302434723701 -0.015400805279045339 -0.0027141300435102409 0.058993200513706004 -0.0087063228624498744 -0.030460559179117459 0.039870681836894135 -0.0128096188806168
leaf_weight=6.2080445881001634 2.3839847194030872 2.8433709600940329 2.5197987146675569 1.6141814151778806 5.9560342624317775 1.5113432924263168 10.470430876128374 33.124350818572573 4.6430875831283629 1.1638872753828811 0.92779204715043195 1.4159551379270849 2.5968630369752637 2.8807038292288771 25.433200355852023 6.0054710740223527 5.6807495332323015 2.958234541118145 9.4368374589830619 4.0136549449525774 2.3623780738562346 2.8880468793213367 2.6888819132000208 3.0749821811914444 1.7062085755169389 0.78723002038896084 1.5979103371500967 1.5570403444580732 5.8943935129791498 0.857575955800712
leaf_count=176 27 177 36 49 126 23 120 979 72 29 30 16 36 34 595 99 73 38 198 72 41 39 48 49 32 12 18 30 86 23
internal_value=2.53837e-05 0.00400595 0.00117447 -0.0186287 0.00589546 0.0101407 -0.01038 0.0164322 0.0340863 -0.00427967 0.00926178 0.0185798 -0.00963561 -0.0120861 -0.0081301 0.011926 -0.0277159 -0.00460482 -0.0151549 -0.0176171 -0.00254497 -0.0247504 -0.00295457 0.00965019 0.0371736 0.0135056 -0.0451097 -0.0540587 0.0464833 -0.038895
internal_weight=157.203 81.6795 74.6524 14.3709 60.2816 51.0622 11.9818 39.0804 7.02707 75.5231 21.405 16.8019 54.1182 51.5213 47.0836 12.2135 12.7567 5.47803 34.87 9.2194 6.37603 4.60307 7.78533 5.76386 9.01656 1.71502 7.27866 4.43774 7.31035 2.02146
internal_count=3383 1851 1752 214 1538 1248 143 1105 99 1532 364 283 1168 1132 1068 275 165 74 793 290 113 81 149 97 134 42 91 64 102 52
is_linear=0
shrinkage=0.05


Tree=136
num_leaves=24
num_cat=0
split_feature=66 21 67 42 69 14 67 46 12 60 45 45 62 57 28 35 59 64 24 11 21 33 11
split_gain=1.07422 1.12422 2.63746 1.9842 3.24866 4.62288 2.22571 2.45052 2.37908 1.7154 1.49305 1.28797 3.72758 2.71038 2.89534 1.91857 1.84772 0.0518437 0.00331759 0.00040534 0.00020278 0.000135116 1.10002e-05
threshold=0.24377118162016057 0.00065107709692036064 0.8249567824984062 25.280752060207202 0.21877963667421782 -0.0028300395042705757 0.9235124635471873 0.092273576054108949 0.00035306325114736753 0.00028862353511936207 8032.903588076626 6821.5980289811678 2.9173092330680082e-05 0.00044341740679332178 0.037434007756069344 0.31162320090429602 0.00067392698497212267 0.0024820377114205777 51.635234374446966 -0.00040689287564787952 -0.00086714260236858676 66582.293750000026 -0.00044428078238056829
decision_type=2 2 2 2 2 2 2 2 2 2 2 2 2 2 2 2 2 2 2 2 2 2 2
left_child=-1 9 10 4 -4 -6 8 -8 -5 18 19 13 17 14 -11 -15 -14 -13 20 -3 22 -21 -2
right_child=1 2 3 6 5 -7 7 -9 -10 11 -12 12 16 15 -16 -17 -18 -19 -20 21 -22 -23 -24
leaf_value=-0.051929961854245713 -0.05075273152724518 0.052099502392039247 -0.024781962539279025 -0.012139551297268082 -0.063914779633956614 0.032664170100380488 0.0082623170392799733 -0.043635113096646007 0.016348127344090992 -0.051892151709089979 -0.037012591266448479 -0.065030403113769897 -0.013751856761663142 -0.035754191457343855 0.024873629856082338 -0.001100803395717567 0.014017284998749203 -0.052821480359819775 -0.056393866681387517 0.050775210878228054 -0.052213029415109108 0.051929877216874212 -0.05113137333248198
leaf_weight=0.9885968822054555 0.64152619801461686 0.83229246013797809 4.1110278386622694 13.979394987691196 1.3481546491384566 15.309948879992584 3.5808421801775676 6.2354749422520399 15.405104355188085 1.3328213053755487 0.5421340987086295 1.8425665572285681 17.628521946957338 4.4867669600062063 15.662936221808193 36.38003560481593 9.0736543522216362 1.6465407274663446 0.41711049899458874 3.1309466101229186 0.40212238300591607 0.27566431276500214 0.27363081648945808
leaf_count=28 52 30 34 148 9 403 65 83 478 68 6 11 345 101 276 650 165 74 5 317 13 8 14
internal_value=2.43802e-05 0.000356735 0.00537857 0.0025293 0.0150242 0.024848 -0.00409069 -0.0247037 0.00279539 -0.00326477 0.0411178 -0.00229484 -0.0106664 0.00207324 0.0188536 -0.0049054 -0.00431564 -0.0592689 -0.0525077 0.0511103 -0.0512772 0.0508686 -0.0508659
internal_weight=155.528 154.539 64.751 59.9699 20.7691 16.6581 39.2008 9.81632 29.3845 89.7882 4.78104 88.0538 30.1913 57.8626 16.9958 40.8668 26.7022 3.48911 1.73439 4.2389 1.31728 3.40661 0.915157
internal_count=3383 3355 1581 1220 446 412 774 148 626 1774 361 1690 595 1095 344 751 510 85 84 355 79 325 66
is_linear=0
shrinkage=0.05


Tree=137
num_leaves=31
num_cat=0
split_feature=68 50 28 68 62 57 71 55 27 68 23 49 47 15 22 23 65 59 59 69 22 31 28 68 60 49 4 67 61 23
split_gain=1.02744 1.83792 1.9436 1.7426 1.49873 1.58003 1.27177 1.84291 1.80285 1.78229 2.10312 1.71869 2.57545 1.98694 1.8777 1.67322 1.63461 1.78237 1.75126 1.56812 1.73071 1.47833 2.40633 2.18416 1.14381 1.08369 1.55024 0.937302 0.867784 0.778343
threshold=-0.00029724006051001778 0.39820201267841288 0.89760441459828566 -0.00040584072120258824 4.0506849366929805e-05 0.0014885398685177485 -0.00013925107987400318 64281.699734278758 0.19459462490006427 -0.00012140016982858935 -0.0023267352691172523 1.5658301794433152 0.74112702445911216 -0.0012430156248314781 0.0011445552239396364 -0.016135671453120001 0.0071270624802084641 0.00043156851667885287 0.00057656316466868373 0.2522770181918691 -0.0043401216098214448 15.898600869496109 0.92926824422272103 0.00059660160508534521 0.00037016669559792513 0.73877738569976448 15.534645000000001 0.83099647606993043 0.00081058739642300541 0.0027581980154499646
decision_type=2 2 2 2 2 2 2 2 2 2 2 2 2 2 2 2 2 2 2 2 2 2 2 2 2 2 2 2 2 2
left_child=1 -1 3 4 29 -6 7 9 11 10 -2 12 14 28 -8 -10 17 24 -19 -11 -21 23 -23 -17 -9 -5 -27 -14 -13 -3
right_child=6 2 -4 25 5 -7 8 16 15 19 -12 13 27 -15 -16 21 -18 18 -20 20 -22 22 -24 -25 -26 26 -28 -29 -30 -31
leaf_value=-0.033778993686431301 -0.068410887072451923 0.0017657410707303289 0.045764301399883016 0.056200408427146957 -0.012878661361581667 0.034749077310959657 -0.019186039406735335 -0.017736928078061581 -0.046302886348399068 -0.036424019741835692 0.00064737377042434294 -0.044045772648511644 -0.0039674372326936741 0.061889123618921106 0.035067039348195383 0.0076553838468742322 -0.049960016964607529 0.025943184015485312 -0.014216514622619606 -0.036541660402662039 0.02314922570155906 -0.024610812170256728 0.015743099150867149 0.044237321402055926 -0.067738805544237016 -0.041408218957223152 0.032227598554532631 -0.047220247816745553 0.027649573345784818 0.05932321998599685
leaf_weight=2.3887794031761613 1.7153896754607556 1.0016174935735862 3.6809230130165806 2.3813101560808709 13.565411762101574 1.9977975818328548 3.8251136518083539 2.5693288007751169 1.5190202281810332 1.5467880507931102 3.085625619627538 1.0752918198704722 1.5542951314710061 1.5304982610978175 2.7352981087751687 43.151124462485313 3.5240167544689021 3.589163687080144 11.1410426935181 1.3574529429897655 11.520414193626491 8.4099451429210585 6.5882521502207956 4.5064144795760503 2.0612883870489895 0.96814142144285176 2.7310552257113159 6.4515801412053406 0.6947461338713764 1.4201810518279669
leaf_count=51 19 40 148 40 245 38 118 85 53 20 54 52 40 24 44 950 74 99 200 32 204 169 186 65 67 34 55 144 12 21
internal_value=2.26859e-05 0.00830446 0.0119276 0.00675209 -0.00107114 -0.00676485 -0.00198754 -0.00905101 0.00163802 0.00236096 -0.024027 -0.0124092 -0.019791 0.020169 0.00343424 0.0055489 -0.0186383 -0.0129371 -0.0044312 0.0111438 0.0168572 0.00680599 -0.00688457 0.0111145 -0.0399949 0.0298917 0.0129559 -0.038823 -0.0159051 0.0355184
internal_weight=154.287 30.1352 27.7464 24.0655 17.985 15.5632 124.152 42.1105 82.0416 19.2257 4.80102 17.8668 14.5663 3.30054 6.56041 64.1748 22.8848 19.3608 14.7302 14.4247 12.8779 62.6557 14.9982 47.6575 4.63062 6.08051 3.6992 8.00588 1.77004 2.4218
internal_count=3383 672 621 473 344 283 2711 854 1857 329 73 434 346 88 162 1423 525 451 299 256 236 1370 355 1015 152 129 89 184 64 61
is_linear=0
shrinkage=0.05


Tree=138
num_leaves=19
num_cat=0
split_feature=44 73 41 32 38 22 78 78 76 66 2 14 31 11 26 67 15 31
split_gain=1.02367 1.70091 1.58422 1.57888 1.82801 1.41344 2.50453 2.23641 2.18744 1.85495 1.21263 0.799725 0.700082 0.623346 0.555111 0.547648 0.0723393 0.00893525
threshold=4829.9937000000018 4.006110804555119 87.798645003887486 62995.780705169374 63152.704518353166 -0.0024234837707569619 0.91597561503675362 0.37940952255126054 28.500000000000004 0.67657080579946682 63766.375000000007 -0.0020638387109130902 -4.5757234579910628 -0.00026474320141262048 0.57833992855910166 0.87792774655243822 -0.0067078638930730397 -14.992511097995388
decision_type=2 2 2 2 2 2 2 2 2 2 2 2 2 2 2 2 2 2
left_child=1 2 11 13 15 7 9 8 -6 -7 -9 -1 -8 -2 -13 -5 -17 -18
right_child=3 -3 -4 4 5 6 12 10 -10 -11 -12 14 -14 -15 -16 16 17 -19
leaf_value=0.059372979277708862 -0.060793019381047801 0.062661632222771532 -0.055719833422140645 0.0040594618654061117 0.0066928062540629156 0.029704360695745471 -0.021019444799260406 0.058719444046243109 -0.018937608998132488 -0.0008393917227404945 -0.054222810908694845 -0.051477786259040072 0.053655244056291886 -0.0097252463994457108 0.031853671945797628 0.035005847922795583 0.059336995535773977 0.051733553638385978
leaf_weight=0.89112880453467358 1.4823495079763236 1.7158930501900611 0.88663719408214081 0.94741904828697387 17.945540813263506 5.2380187767557791 0.35240910761058364 0.2554775364696974 15.527665833011268 97.445335511816666 3.4077814184129238 0.39679393079131786 2.8696202987339339 1.00110881961882 0.40264479443430901 0.67961168102920111 0.5736694354563957 1.1835828088223923
leaf_count=10 31 26 16 18 349 150 22 2 357 1945 166 20 148 23 26 17 6 51
internal_value=2.03112e-05 0.0240912 -0.0015888 -0.000673659 -3.1534e-06 -0.000862467 0.00208072 -0.00925583 -0.00519672 0.000718687 -0.0463462 0.0268008 0.0454877 -0.040207 -0.00950712 0.036317 0.0488583 0.0542158
internal_weight=153.203 4.2931 2.5772 148.91 146.426 143.042 105.905 37.1365 33.4732 102.683 3.66326 1.69057 3.22203 2.48346 0.799439 3.38428 2.43686 1.75725
internal_count=3383 98 72 3285 3231 3139 2265 874 706 2095 168 56 170 54 46 92 74 57
is_linear=0
shrinkage=0.05


Tree=139
num_leaves=18
num_cat=0
split_feature=66 45 12 61 76 36 49 70 38 76 66 22 55 47 62 62 76
split_gain=1.01356 1.32654 1.10535 2.87661 2.31543 2.21085 2.62705 2.12609 2.50665 2.44674 1.98479 3.28238 2.52263 1.50394 1.36858 0.769346 0.44298
threshold=0.42832500662411516 4740.2509986648056 1.0000000180025095e-35 0.00064213974097161242 56.500000000000007 0.55577087088226718 1.6957893303199219 0.80700394991292257 64356.532206339129 44.500000000000007 0.85044221458996871 -0.0022359281167608764 66198.665755888112 0.84044434666841805 5.8798764200546209e-05 0.00010416146767514165 41.500000000000007
decision_type=2 2 2 2 2 2 2 2 2 2 2 2 2 2 2 2 2
left_child=15 16 4 5 10 14 -7 9 -9 -5 11 -3 -12 -6 -4 -1 -2
right_child=1 2 3 7 13 6 -8 8 -10 -11 12 -13 -14 -15 -16 -17 -18
leaf_value=0.0028542578248298206 0.026159631100791197 -0.024918573696149669 0.012182204113253313 -0.035060935379541018 0.056027055887882309 0.00055709683551427873 0.037317109103177405 0.027385551647911038 -0.012750441434578201 0.018845639382684604 -0.012283903057372682 0.02900278008484506 0.056409276502301424 -0.005396820545114131 0.048891157153257515 -0.059505789972394044 0.088256092868737507
leaf_weight=0.81997480290010516 0.64830571366473921 4.2079835664480916 4.6195111009292287 9.9242255585268158 2.5295322313904753 31.842072501080111 5.7357058154884717 6.6246524443849948 9.4243417812976968 2.6716173437889656 54.44888594886288 8.5708747794851643 1.3701250283047546 1.6443601134233174 5.6375967329367995 1.2464012978598473 0.51563323568552732
leaf_count=33 39 139 97 135 32 862 232 137 147 82 1127 172 29 31 61 23 5
internal_value=1.959e-05 0.000497388 8.273e-05 0.00428002 -0.00432842 0.0117839 0.00616798 -0.00825102 0.00381677 -0.0236272 -0.00652841 0.0112469 -0.0105978 0.0318283 0.0323585 -0.0347602 0.0536688
internal_weight=152.482 150.415 149.251 76.4797 72.7718 47.8349 37.5778 28.6448 16.049 12.5958 68.5979 12.7789 55.819 4.17389 10.2571 2.06638 1.16394
internal_count=3383 3327 3283 1753 1530 1252 1094 501 284 217 1467 311 1156 63 158 56 44
is_linear=0
shrinkage=0.05


Tree=140
num_leaves=19
num_cat=0
split_feature=21 31 21 67 21 65 59 22 45 69 59 45 59 34 68 11 14 0
split_gain=1.02163 1.36198 1.07147 2.41551 1.91319 1.78274 1.52782 3.00865 2.26099 2.03091 1.98426 1.4324 1.31627 1.10216 1.04283 0.000372027 4.53363e-05 5.94925e-06
threshold=0.0073145346789116336 47.02557552918578 0.00065107709692036064 0.8249567824984062 0.00078473903099052233 0.0051212294767676624 0.00049802092795908084 -0.0019335836723472497 6821.5980289811678 0.21877963667421782 0.00055192978917894327 8032.903588076626 0.00068387371481753545 64483.338704070367 -0.00060651442334297412 -0.00040689287564787952 0.0070290393498509971 64763.490000000005
decision_type=2 2 2 2 2 2 2 2 2 2 2 2 2 2 2 2 2 2
left_child=1 2 6 11 13 -6 7 14 -9 12 -11 15 -8 -5 -1 -4 17 -2
right_child=16 -3 3 4 5 -7 9 8 -10 10 -12 -13 -14 -15 -16 -17 -18 -19
leaf_value=0.035982397967552454 0.050699639364892704 -0.048018857078500697 0.052033235672512383 0.0001503175352300961 0.051466553952981088 -0.0015182784476325576 0.0020959087122996347 0.013315611424928512 -0.019887382664706924 0.019807731941866451 -0.0052137793582354656 -0.036645460035960843 0.067656974823316229 0.059193831499019828 -0.044330206430820238 0.050802159109801237 0.051562368403747831 0.051015490537145596
leaf_weight=0.42827447317540634 0.29235620424151321 1.4811516348272551 0.7607165158260617 1.218643365427851 1.6380071404855687 51.523090024711564 1.3156391815282398 10.425116939935835 10.089377615135161 9.5191038502380234 47.267012795433402 0.5282590053975581 1.8311550691723821 2.2491372134536505 7.1879241224378374 3.175053971935994 0.37487177224829793 0.30422391649335623
leaf_count=10 25 13 27 22 119 984 23 208 198 182 825 6 19 34 328 327 16 17
internal_value=2.0846e-05 -0.000308763 0.000165007 0.00525295 0.00246154 0.000114298 -0.00336469 -0.0129775 -0.00301419 0.00114728 -0.0010194 0.0406637 0.0402466 0.0384448 -0.0398141 0.0510401 0.0511315 0.0508607
internal_weight=151.609 150.638 149.157 61.0929 56.6289 53.1611 88.0636 28.1307 20.5145 59.9329 56.7861 4.46403 3.14679 3.46778 7.6162 3.93577 0.971452 0.59658
internal_count=3383 3325 3312 1519 1159 1103 1793 744 406 1049 1007 360 42 56 338 354 58 42
is_linear=0
shrinkage=0.05


Tree=141
num_leaves=28
num_cat=0
split_feature=23 42 28 72 46 14 13 70 5 21 12 14 14 34 57 24 51 21 30 39 7 32 57 12 62 56 12
split_gain=0.983576 1.84431 1.40218 1.99564 1.05929 2.77034 2.39742 3.0945 2.92438 2.84854 2.0575 2.66626 4.08412 3.018 2.20607 2.19554 2.66546 2.38151 2.05875 1.98082 1.82591 1.75229 1.26168 1.02741 0.0492516 0.00734141 0.00169306
threshold=0.009808787735547388 46.412461253802924 0.42673642577591092 0.00061971243405630567 -0.15234481048998635 0.0047958468609012881 -0.0017144266407639328 0.90073685417602134 1065316.9304863501 -0.0017790974279804359 1.0000000180025095e-35 2.1953796770501913e-05 0.001730696481379135 63339.631455688352 0.0010188706042087712 57.692974525373764 0.67934410508480492 -0.00062000329375377905 5.3196400311564345 65783.414901089258 5.1049700000000007 64858.052197682562 0.00084488933557568338 -0.0026003266693866429 3.9393434232435274e-05 -0.0010475119354356327 -0.0014845818158809585
decision_type=2 2 2 2 2 2 2 2 2 2 2 2 2 2 2 2 2 2 2 2 2 2 2 2 2 2 2
left_child=4 23 -3 -4 5 6 8 9 19 -8 15 14 18 -14 21 16 17 -6 -13 -1 -10 -12 -18 -2 -25 -26 -27
right_child=1 2 3 -5 10 -7 7 -9 20 -11 11 12 13 -15 -16 -17 22 -19 -20 -21 -22 -23 -24 24 25 26 -28
leaf_value=-0.028620652217989057 -0.01076416908530948 -0.061182783425332656 -0.04035601039576845 0.064671973911612959 -0.016315865728470973 -0.078528283534204824 -0.051823792870913633 -0.028765828039618753 0.071980210427763369 0.044718582429374161 0.045006335512460298 -0.036040899626833621 -0.03970590562210366 0.011927492802317665 -0.031096578836545759 -0.074694448466695873 -0.04089560834361592 0.012622393102578672 -0.0011744827624451891 0.043616153318778522 0.0085009515848781716 0.0050682035439180047 -0.0042041287985944064 0.03075833640672021 0.059493970796012013 0.055886235226286954 0.051777483638431279
leaf_weight=9.1227771809790301 0.82807214371860016 0.98559400439262423 0.8913271769415585 0.91820775042288005 14.194779172539709 0.93725973181426425 0.82902396493591268 2.1406257962808004 1.2464201785624016 9.7499374044127745 7.2175692799501103 10.840656412998216 3.1173024591989806 30.715327472891659 1.7042522225528944 1.3571226634085167 8.1772247799672169 14.243916242616253 6.9468501133378586 1.0591854932717968 12.427367933560161 4.4334842443931848 3.2837961092591277 0.26732128113508169 0.39460234344005618 0.2792944088578232 2.4508570753969248
leaf_count=241 12 8 18 35 424 5 60 37 21 200 191 215 35 753 25 18 188 180 152 21 210 94 58 27 4 3 148
internal_value=2.22564e-05 0.0183034 -0.0131978 0.0129381 -0.000869933 0.00635311 0.00852824 0.0260593 -0.000819098 0.037153 -0.00342052 0.00212427 -0.00302759 0.00717005 0.0220369 -0.012153 -0.0100258 -0.00182174 -0.0224239 -0.0211062 0.0142873 0.029809 -0.0303828 0.0391676 0.051357 0.0531192 0.0521978
internal_weight=150.76 7.01528 2.79513 1.80953 143.745 37.5126 36.5753 12.7196 23.8558 10.579 106.232 64.9754 51.6201 33.8326 13.3553 41.2568 39.8997 28.4387 17.7875 10.182 13.6738 11.6511 11.461 4.22015 3.39208 3.12475 2.73015
internal_count=3383 255 61 53 3128 795 790 297 493 260 2333 1465 1155 788 310 868 850 604 367 262 231 285 246 194 182 155 151
is_linear=0
shrinkage=0.05


Tree=142
num_leaves=15
num_cat=0
split_feature=31 23 42 60 62 41 31 5 31 59 15 23 36 74
split_gain=1.00444 1.4635 1.52684 1.43607 1.41025 1.93891 1.42239 2.54687 1.71953 1.40843 0.0736054 0.0394507 0.00272236 0.00023659
threshold=-38.043032538030594 -0.016135671453120001 61.90571010761613 0.00051419551232168622 0.00022921988763948295 62.092973860269502 -12.366173433186098 1332081.5716398503 -11.292808449573259 0.0010359009172052024 -0.01531757586256821 -0.0035236844140260066 0.65086730155694517 18.981139348043616
decision_type=2 2 2 2 2 2 2 2 2 2 2 2 2 2
left_child=-1 3 4 10 6 11 7 -3 -8 -5 -2 -6 13 -12
right_child=1 2 -4 9 5 -7 8 -9 -10 -11 12 -13 -14 -15
leaf_value=0.028796147657183524 -0.077205983933440844 -0.024075295525392532 0.065969179744169798 0.052547750515453719 0.066108149277786618 -0.023252564464675191 0.036173849869965982 0.006446414850756671 0.00046179057102354638 -0.051638335408893378 -0.052719399447495985 0.052583965982842998 -0.055897644264867055 -0.051203158694415024
leaf_weight=2.9725546333938828 0.36901141516864333 16.005659396294508 0.87773704435676236 0.77301060315221526 0.85937492549419436 1.0918645607307551 3.4801293693017206 11.928729855921118 107.19161427242216 0.55892430664971471 0.34538082778453771 1.4474600837565952 0.50304047390818585 1.0085500963032243
leaf_count=28 3 427 9 27 5 26 62 226 2413 24 15 52 6 60
internal_value=2.19821e-05 -0.000562097 0.000226663 -0.0322379 -0.000179694 0.0316404 -0.000959941 -0.0110417 0.00158477 0.00882779 -0.0568099 0.0576222 -0.0527569 -0.0515899
internal_weight=149.413 146.44 142.883 3.55792 142.005 3.3987 138.606 27.9344 110.672 1.33193 2.22598 2.30684 1.85697 1.35393
internal_count=3383 3355 3220 135 3211 83 3128 653 2475 51 84 57 81 75
is_linear=0
shrinkage=0.05


Tree=143
num_leaves=17
num_cat=0
split_feature=44 32 34 21 66 69 73 41 15 35 14 11 26 30 12 12
split_gain=0.959133 1.45364 2.18332 1.48792 2.0912 1.79002 1.45194 1.4546 1.32086 1.50391 0.736521 0.688153 0.491404 0.274219 0.00522599 0.000490812
threshold=4829.9937000000018 62995.780705169374 62883.767956095144 -0.004414770304740522 0.59884312662175576 0.98908189333904162 4.006110804555119 87.798645003887486 -0.010950850090590545 0.8338284832228785 -0.0020638387109130902 -0.00017317620274620579 0.57833992855910166 -118.0168252676102 -0.0030326726542322931 -0.00042829590555687464
decision_type=2 2 2 2 2 2 2 2 2 2 2 2 2 2 2 2
left_child=6 11 13 4 -4 -6 7 10 -5 -10 -1 -2 -12 -3 -15 -16
right_child=1 2 3 8 5 -7 -8 -9 9 -11 12 -13 -14 14 15 -17
leaf_value=0.058593563702154211 -0.059552293559980589 0.015181597761797484 0.043730194579621233 0.034055462990426277 -0.041517999327522988 0.027968844863666076 0.060227582237057646 -0.055210825888747699 0.001474128943549988 -0.016735084725840173 -0.051376831272860947 -0.0035906818100244911 0.031582940139189122 0.057287753341974494 0.053214671689960205 0.051217798744160617
leaf_weight=0.85385892633348692 1.5238273814320566 0.60127536766231093 1.0740554980002324 2.8591988477855912 6.1443133540451527 1.0914465710520742 1.6444832654669879 0.81147732026875008 116.1107972888276 12.566340979188679 0.3597947889938945 0.85902595333754916 0.35425761342048645 0.64673514664173182 0.45352442376315638 0.95715493429452003
leaf_count=10 34 12 17 39 247 15 26 16 2641 194 20 20 26 6 9 51
internal_value=2.08801e-05 -0.000647851 -2.36827e-07 -0.000853578 -0.0213729 -0.0310366 0.0240999 -0.000869263 0.000442728 -0.000304145 0.0272554 -0.039378 -0.0102186 0.0448852 0.053566 0.0518598
internal_weight=148.912 144.888 142.505 139.846 8.30982 7.23576 4.02387 2.37939 131.536 128.677 1.56791 2.38285 0.714052 2.65869 2.05741 1.41068
internal_count=3383 3285 3231 3153 279 262 98 72 2874 2835 56 54 46 78 66 60
is_linear=0
shrinkage=0.05


Tree=144
num_leaves=28
num_cat=0
split_feature=57 71 57 67 67 70 28 33 33 32 72 72 49 80 2 10 76 24 33 43 15 25 50 65 46 36 21
split_gain=0.97024 1.01895 1.67365 1.4512 1.78224 1.625 1.38499 2.43599 1.71988 1.91818 1.31123 1.84934 2.4465 1.56549 2.62124 2.17251 1.2335 1.20983 1.17577 1.02677 1.00186 1.98486 0.781296 0.425074 0.381454 0.352043 0.0489683
threshold=0.00012276494264133072 -0.00029519635727648369 0.00041331132299758075 0.9235124635471873 0.88936959748785738 0.77611860692841461 0.9385167969214494 64326.313500000011 64419.151250000003 65104.415147417501 0.0010361866419732115 0.0013723000601520109 1.0920319213664205 0.87837969732492682 63790.005000000012 -0.0010204044342681515 31.500000000000004 33.314985951027857 65474.409250000004 71.879673863620312 -0.0023457621095155918 46.586923039118197 0.84939827702648463 0.0059109101994093511 0.22854608179333238 0.74267429390359074 -0.00022071183233329791
decision_type=2 2 2 2 2 2 2 2 2 2 2 2 2 2 2 2 2 2 2 2 2 2 2 2 2 2 2
left_child=24 2 17 4 5 -4 10 25 -9 -10 13 18 -13 15 -15 -3 22 -2 -12 -6 -19 -22 -5 -18 -1 -8 -27
right_child=1 6 3 16 19 -7 7 8 9 -11 11 12 -14 14 -16 -17 23 20 -20 -21 21 -23 -24 -25 -26 26 -28
leaf_value=-0.020093983002179659 -0.048722271495062169 -0.021827420443575732 -0.023261579343325556 -0.044538979907688084 -0.043157098598571364 0.01476396999045116 -0.00023063859768944559 -0.059096012439306213 0.04056879279447051 -0.019626535858719759 0.017889302559626296 -0.034804787008863594 0.010034224259424834 -0.052863173606075946 -0.0058304112834607416 0.0052862989130177014 0.014453316859203154 0.04921793498760952 0.06783465197078245 0.0038820344895696274 -0.051756337166486956 0.048668432206527931 0.0081685542662487086 0.057597572638880046 -0.082835164634355044 0.06775522449547651 0.051717707828733708
leaf_weight=0.51208811404649068 0.58689282462001102 8.6693268516100925 6.1714994448702836 1.0919073862023645 7.4967136834748072 5.1576079525984824 0.3238789443857949 1.0197466826066373 2.7697009562980384 2.5344872046262026 13.434052913682537 4.2468315982259801 10.723739224951713 3.7347809509374228 14.324880842817945 49.983506334479898 1.0531817940063777 2.4270248166285455 1.2916424598079164 1.3724941620603202 0.93213512934744347 1.0420940786134449 1.9744610763154922 1.2466915743425486 0.45975760277360678 0.5581840202212337 3.2315927818417549
leaf_count=34 34 210 138 21 125 118 13 12 92 68 263 61 198 49 337 1181 22 24 25 28 34 40 33 23 8 4 188
internal_value=1.94063e-05 0.000347718 -0.00778211 -0.0129514 -0.0190917 -0.00595034 0.00247348 0.0198545 0.000372752 0.0118058 0.00076859 0.00968938 -0.00268565 -0.00268475 -0.0155569 0.00127869 0.0101606 0.0187107 0.0222702 -0.0358779 0.0277026 0.00125273 -0.0106001 0.0378405 -0.0497754 0.0498038 0.0540798
internal_weight=148.371 147.399 30.5527 25.5646 20.1983 11.3291 116.846 10.4376 6.32393 5.30419 106.409 29.6963 14.9706 76.7125 18.0597 58.6528 5.36624 4.98815 14.7257 8.86921 4.40125 1.97423 3.06637 2.29987 0.971846 4.11366 3.78978
internal_count=3383 3341 640 508 409 256 2701 377 172 160 2324 547 259 1777 386 1391 99 132 288 153 98 74 54 45 42 205 192
is_linear=0
shrinkage=0.05


Tree=145
num_leaves=30
num_cat=0
split_feature=22 6 35 67 46 42 67 59 41 41 74 15 45 44 23 35 74 5 79 26 66 42 46 22 59 31 21 24 21
split_gain=0.96788 2.69537 2.71093 2.72163 1.85466 2.1146 1.59277 1.78333 1.8441 1.6919 1.42013 2.02589 2.09725 3.16071 2.72041 2.49501 2.31217 1.48941 1.47126 1.23852 1.57444 1.52988 0.886462 1.18329 0.359817 0.0307537 0.0193404 0.00253257 0.0002564
threshold=0.0016837022465089337 2349.0000000000005 0.35129024571130485 0.72152107015690969 -0.12816314031130957 20.561379469441295 0.94077660854189937 0.00066744783093895994 44.584993553824269 86.676941992146368 79.978710869836632 -0.010367814933541218 5262.9371892108747 4997.9983799999964 -0.013104283561513051 0.49063236353128853 60.96188361453305 2126160.8286534506 -0.37940952255126015 0.40319291397761603 0.97010960001910462 24.866230251539154 -0.15234481048998635 -0.0010788419072293995 0.00077291323880926475 -0.37118110808371435 -0.0015361486470858441 42.721452801314861 5.5198144730095329e-05
decision_type=2 2 2 2 2 2 2 2 2 2 2 2 2 2 2 2 2 2 2 2 2 2 2 2 2 2 2 2 2
left_child=10 19 3 -3 -5 -6 7 8 -4 -9 11 22 13 15 17 -13 -16 -14 24 20 21 -2 -1 -24 -12 -15 -21 -28 -29
right_child=1 2 6 4 5 -7 -8 9 -10 -11 18 12 14 25 16 -17 -18 -19 -20 26 -22 -23 23 -25 -26 -27 27 28 -30
leaf_value=0.05270655463190517 0.03957434833140501 0.073007286630988918 -0.0012757669479317151 0.033939139991867429 0.023490826920655187 -0.047068362620019344 0.060186395827367567 -0.010446762785294161 0.054144920858536338 0.041250190206556687 -0.067008452390480297 -0.025695981337194276 -0.055181495591618605 0.062801936707247541 -0.0053218200362314541 0.029883174006336524 0.028797554614853917 0.002090353154714271 0.010705589572904047 0.061073535436486963 0.060654957351598052 -0.033691934525931062 -0.020748378111832857 0.05235567376764802 -0.029969324008520693 0.053230204548529482 0.055272842606992181 0.051891318922852536 0.050676859239609212
leaf_weight=2.337681969627738 1.1518738646991535 0.7106916038319494 2.7449832572601798 1.0554169584065665 1.2503073313273469 7.044441495090723 1.4817838994786132 11.868680884130297 3.3121012509800494 1.8261641543358553 1.6616956973448398 4.2968316446058434 4.0383908809162667 1.7121237032115462 76.860170760890469 3.8094465080648661 5.3083721175789824 1.5790792792104182 1.3925086306408037 0.61689721792936358 1.2674133586697278 1.8679598465096203 1.3621382527053358 0.93247314356267352 1.0830595986917613 1.6459137005731452 0.37539288494735989 0.53477085102349553 2.3201909121125937
leaf_count=20 24 11 121 23 54 112 37 220 130 32 18 88 78 14 1700 44 84 37 31 5 22 39 27 22 36 26 6 20 302
internal_value=1.94223e-05 0.00672449 5.94702e-05 -0.0213197 -0.0284893 -0.0364326 0.0101892 0.00643845 0.0290291 -0.00355314 -0.00242804 -0.00128393 -0.00279241 0.0173202 -0.00541899 0.000422765 -0.00311759 -0.0390823 -0.0311555 0.0323658 0.0138841 -0.00574552 0.0310363 0.00895929 -0.0523931 0.0581104 0.0529612 0.051412 0.0509043
internal_weight=147.449 39.4291 31.2946 10.0609 9.35017 8.29475 21.2337 19.7519 6.05708 13.6948 108.02 103.883 99.2503 11.4643 87.786 8.10628 82.1685 5.61747 4.13726 8.1345 4.28725 3.01983 4.63229 2.29461 2.74476 3.35804 3.84725 3.23035 2.85496
internal_count=3383 1158 740 200 189 166 540 503 251 252 2225 2140 2071 172 1899 132 1784 115 85 418 85 63 69 49 54 40 333 328 322
is_linear=0
shrinkage=0.05


Tree=146
num_leaves=20
num_cat=0
split_feature=63 64 46 74 66 5 12 14 14 37 66 45 21 43 22 9 13 12 45
split_gain=0.948734 1.36774 0.962689 2.44469 2.00179 2.00526 1.71751 2.57245 3.41679 2.16046 2.08476 1.9579 1.84715 1.26236 0.411654 0.234002 0.00319601 0.000307666 1.38524e-05
threshold=0.00071516619487227678 0.0014619917074448028 -0.15234481048998635 79.978710869836632 0.69112236994192788 1086161.6681209502 1.0000000180025095e-35 2.1953796770501913e-05 0.001730696481379135 64794.937580185819 0.85044221458996871 7654.8185398437236 -9.8132278004980908e-05 26.173262851091668 -0.0016266788912107086 -0.0010029981953116882 -0.0020009294475201718 -0.00053206790131626869 6706.4459820848242
decision_type=2 2 2 2 2 2 2 2 2 2 2 2 2 2 2 2 2 2 2
left_child=-1 15 3 4 14 -6 10 9 -9 -8 12 -12 -4 -5 -3 -2 -17 -18 -19
right_child=1 2 6 13 5 -7 7 8 -10 -11 11 -13 -14 -15 -16 16 17 18 -20
leaf_value=-0.052859425657494866 0.0085879836895129107 -0.05427502432660905 -0.0054922846804512336 -0.0021748064555304242 0.0032954160474983579 0.029348558007007187 0.039683386390531303 -0.020401147670129231 0.0063996227314330467 -0.002177535172484083 -0.012479866577351506 -0.055686428822799533 0.043510452034376972 -0.067800130347444129 -0.0053150867991671692 0.056916223111229881 0.052602501558794583 0.050660987679829607 0.05115765215637761
leaf_weight=0.84321904694661398 0.37406553328037251 1.3095840676687656 5.5279857399873435 1.3924304312095039 17.887253880966458 12.579982096096499 7.5523152409587038 17.66721192037221 36.381476596929133 5.2075936978217214 30.035940026398748 2.8727644560858598 2.9490102906711382 1.5468531697988508 0.6387277307221656 0.38819224387407292 0.43445737287402131 0.36594381975009949 0.22777473833411932
leaf_count=32 3 32 174 32 453 232 200 375 921 103 594 66 56 16 26 4 10 42 12
internal_value=2.35559e-05 0.000330368 -0.000211331 0.0069516 0.0109107 0.0140528 -0.00255197 0.00240625 -0.0023609 0.022599 -0.010556 -0.0162516 0.011555 -0.0367114 -0.0382242 0.0437614 0.0530508 0.0515914 0.0508515
internal_weight=146.183 145.34 143.549 35.3548 32.4155 30.4672 108.194 66.8086 54.0487 12.7599 41.3857 32.9087 8.477 2.93928 1.94831 1.79043 1.41637 1.02818 0.593719
internal_count=3383 3351 3280 791 743 685 2489 1599 1296 303 890 660 230 48 58 71 68 64 54
is_linear=0
shrinkage=0.05


Tree=147
num_leaves=16
num_cat=0
split_feature=66 66 43 34 46 22 14 15 30 67 69 58 62 14 41
split_gain=0.936588 1.20678 2.87545 1.51832 1.54278 2.31975 2.14448 2.32117 1.61045 1.50104 1.20262 1.00361 0.713319 0.598145 0.309066
threshold=0.42832500662411516 0.67657080579946682 28.163875573529236 66643.964193072359 -0.1337830482111228 -0.0054373026230490331 0.0047958468609012881 -0.0015867699102159458 -52.810105883216224 0.78465401997477802 0.96639980999133956 0.00074057947694449128 0.00010416146767514165 -0.002196024333387447 51.007587994040669
decision_type=2 2 2 2 2 2 2 2 2 2 2 2 2 2 2
left_child=12 2 14 4 6 10 7 -3 -7 -4 -6 13 -1 -11 -2
right_child=1 3 9 -5 5 8 -8 -9 -10 11 -12 -13 -14 -15 -16
leaf_value=0.0024730240216298827 -0.012447739765034632 -6.2502019764670022e-05 -0.032421418561006186 -0.053984082093013919 -0.052543435287445865 0.025314607791112366 -0.066119225672355453 0.02554522039610567 -0.0030429586118044171 0.10152830232569521 -0.0099423099843549533 0.012431968748888913 -0.059100354815427802 0.048624659666655627 -0.055028027408040636
leaf_weight=0.78674975503235955 0.7206115562003087 21.68431800743565 0.74580862023867656 1.3211045302450646 3.435165755916386 5.3225839231163254 0.93941192887723346 14.95033291261643 84.350674227345735 0.63746072165668 3.1997183044441044 1.8367843832820652 1.1696685058996079 3.3011336032068361 1.0429483009502289
leaf_count=33 25 515 39 21 110 93 9 322 1959 5 88 25 23 94 22
internal_value=2.21794e-05 0.000490689 0.0190145 -0.000644378 -0.00011804 -0.00347057 0.00847502 0.0103878 -0.00135979 0.0343329 -0.0319988 0.0429533 -0.0343394 0.0571871 -0.0376292
internal_weight=145.444 143.488 8.28475 135.203 133.882 96.3081 37.5741 36.6347 89.6733 6.52119 6.63488 5.77538 1.95642 3.93859 1.76356
internal_count=3383 3327 210 3117 3096 2250 846 837 2052 163 198 124 56 99 47
is_linear=0
shrinkage=0.05


Tree=148
num_leaves=31
num_cat=0
split_feature=21 46 15 58 46 76 67 14 74 33 29 67 33 30 14 14 35 60 63 48 75 41 58 42 61 18 14 71 61 74
split_gain=0.93426 1.45878 1.97698 2.65024 1.91008 2.47372 1.81936 1.7251 2.18767 2.25977 1.59403 1.53432 2.474 1.39496 2.66945 4.2324 2.30694 2.17781 2.64948 2.21128 2.10844 1.79534 2.20222 1.68479 1.21814 1.21396 1.19785 1.05419 1.05414 1.00805
threshold=-0.00049736631271762855 -0.18346086146416285 -0.001678752437688724 0.00060373253751889609 0.23461556480790302 21.500000000000004 0.88219627388161193 -0.0049046350218381321 58.828181578881235 63564.465250000001 -19.964952729751527 0.84933461356541884 63231.630250000009 -52.810105883216224 -0.0028300395042705757 -0.00074106365889364801 0.38912488882503932 0.00069166133502351445 0.0017715127499993459 0.88572306308450399 7.5000000000000009 61.109704127430994 0.00047462920025908569 25.17681802869458 0.0007583966593431693 -0.0058604373188479433 0.0019559368007237015 -0.00017857912610258483 0.00047465577942108918 21.197600286948539
decision_type=2 2 2 2 2 2 2 2 2 2 2 2 2 2 2 2 2 2 2 2 2 2 2 2 2 2 2 2 2 2
left_child=1 2 3 -1 7 -6 -7 -3 9 -9 29 -5 -13 20 21 16 23 18 -17 -19 -2 22 -15 -16 -10 -22 -8 -12 -18 -4
right_child=13 4 10 11 5 6 26 8 24 -11 27 12 -14 14 15 17 28 19 -20 -21 25 -23 -24 -25 -26 -27 -28 -29 -30 -31
leaf_value=-0.043795437591414639 -0.020761437657075915 -0.051939211371304563 0.0031629654739320592 0.056746531945036371 0.061067417142117421 0.028636139253885251 -0.058578146099231822 0.026636065826241763 0.00096909930569152598 -0.02429176619229988 0.025207501220426934 0.053420573499976677 -0.031297946686296402 -0.039054349028940533 0.06474017160464178 -0.0099502732621473185 -0.046657875475663822 0.011107716074294251 0.012264810512552409 -0.043852002366594929 -0.015341620261273279 -0.057215537690806242 0.027854801062055984 0.019285860264515842 0.057605223212577827 0.044447942240632837 0.00078062565781216267 -0.053987229286177024 0.019919925682081494 0.046400591924879719
leaf_weight=3.4750457385089266 2.1921099275350553 3.0831802096217897 1.8464404386468229 1.4237744174897669 1.8926872499287117 2.3923320695757866 1.6646700464189055 2.4488233369775179 2.7106080306693903 19.708523340756074 0.74800295126624405 1.2752310335636141 2.6577771590091288 2.6539393765851846 4.8068628418259305 23.618106181849726 1.0844336510635906 2.7814041019882989 31.088558212388307 5.3515280680730939 0.99529485777020443 2.9729519672691822 2.291734934784472 3.539923636475578 1.4611821183934806 5.7748248651623726 1.7364834640175102 0.95889949845149913 1.3160813716240225 4.9939269116148353
leaf_count=199 27 127 52 10 23 19 26 46 42 556 22 15 75 32 81 766 16 75 664 90 9 23 28 93 16 105 21 36 26 63
internal_value=1.95795e-05 -0.00515339 0.00680082 -0.00978917 -0.0107534 0.0114401 -0.0047727 -0.0165532 -0.0124094 -0.0186632 0.0239431 0.0122713 -0.00382898 0.00313462 0.0010758 0.00404413 0.0330396 -0.000914893 0.00267406 -0.0250562 0.0218582 -0.0265085 -0.00804987 0.0454627 0.0208061 0.0356581 -0.0282721 -0.0192823 -0.0101566 0.0347293
internal_weight=144.945 54.4776 17.3791 8.83183 37.0985 7.68617 5.79349 29.4123 26.3291 22.1573 8.54727 5.35678 3.93301 90.4678 81.5055 73.5869 10.7473 62.8396 54.7067 8.13293 8.96223 7.91863 4.94567 8.34679 4.17179 6.77012 3.40115 1.7069 2.40052 6.84037
internal_count=3383 1348 472 299 876 89 66 787 660 602 173 100 90 2035 1894 1811 216 1595 1430 165 141 83 60 174 58 114 47 58 42 115
is_linear=0
shrinkage=0.05


Tree=149
num_leaves=31
num_cat=0
split_feature=22 6 35 58 41 47 36 29 11 46 42 13 46 21 25 55 46 59 57 76 41 69 74 74 76 42 3 12 62 73
split_gain=0.933139 2.5316 2.37005 2.86814 2.37798 2.35388 2.67955 2.30181 2.20945 1.52724 1.82751 1.3453 2.41396 2.05592 1.99632 1.89024 1.88602 2.37815 2.06781 2.05151 1.42744 1.38067 1.29511 2.51741 2.13375 1.21821 1.1648 1.27795 1.2168 0.284071
threshold=0.0016837022465089337 2349.0000000000005 0.35129024571130485 0.00085079796881710015 86.676941992146368 1.1123391263468061 0.85111253438777734 -38.066043520462692 -0.0022048971903153576 -0.12816314031130957 20.561379469441295 0.0028302291167040532 0.22854608179333238 0.0027711582178752141 60.330369960892902 64841.054102179784 0.20914567256985905 0.00046579731567061622 0.00051969019442999343 36.500000000000007 52.269559285091752 0.66525899502987917 21.095729477384847 25.470202192622612 47.500000000000007 12.665634871693529 62909.055000000008 -0.00027817546797403997 8.1864797917790408e-05 3.4076565463650561
decision_type=2 2 2 2 2 2 2 2 2 2 2 2 2 2 2 2 2 2 2 2 2 2 2 2 2 2 2 2 2 2
left_child=11 26 7 5 8 -4 -7 -3 -5 -9 -11 13 14 16 -13 29 22 19 -19 -18 21 -14 24 -24 -1 -15 -2 28 -28 -16
right_child=1 2 3 4 -6 6 -8 9 -10 10 -12 12 20 25 15 -17 17 18 -20 -21 -22 -23 23 -25 -26 -27 27 -29 -30 -31
leaf_value=-0.019500792682380558 -0.042534504895316037 0.076654010042616488 0.052249716525740876 0.049395850057551413 0.041721568975671731 -0.026865874939520279 0.051566156360943506 0.032094641356546681 -0.027718133708988853 0.023481122767848597 -0.042990406124015772 -0.039107232476358895 -0.063201031274752267 -0.040405564373368355 0.05726119166051602 -0.028340373490256157 0.017871038888847546 0.062712257295552173 0.0075994981650760992 -0.049975747452053881 -0.063155998265258292 0.020038447651194259 0.023457928284346532 -0.005082150983575548 0.015264902553079558 0.053446469134980773 0.038705373284135633 0.054161686604262162 -0.026766301504707702 0.024740964635060321
leaf_weight=23.432833558879796 0.48981960210949083 0.57913987711071868 5.244964300189169 1.0516130477190007 1.9862017529085267 2.8354098172858357 1.7679766910150645 1.0047006336972106 7.9585906751453868 1.2125450144521908 7.0229005231522024 1.9057585373520831 0.79092309251427684 0.4001634619198734 1.8020643307827415 1.2585986228659747 2.6512481854297203 3.5075645972974598 3.3061884962953627 1.9218107182532547 3.3229769971221685 1.3458355828188358 9.5372413904406113 40.696477148449048 5.4376511196605852 2.5432205875404179 1.7069932604208591 4.3905354032758623 1.2146378895267842 1.0703947599977253
leaf_count=580 7 5 207 12 42 37 114 22 128 54 119 18 5 5 37 15 72 43 55 35 29 35 204 847 140 84 35 353 23 21
internal_value=1.87689e-05 0.00668049 0.000210307 0.00975091 -0.00780114 0.0293491 0.00325673 -0.0200429 -0.0187179 -0.0261035 -0.0332035 -0.00242331 -0.0185631 -0.000437405 0.00322568 0.0227549 -0.00177505 0.0172506 0.0359703 -0.0106413 -0.0426549 -0.0107727 -0.00451373 0.000336393 -0.0129528 0.040687 0.0321102 0.0371104 0.0114862 0.0451428
internal_weight=143.397 38.466 30.664 20.8448 10.9964 9.84835 4.60339 9.81929 9.0102 9.24015 8.23545 104.931 11.4966 93.4344 6.03682 4.13106 90.491 11.3868 6.81375 4.57306 5.45974 2.13676 79.1042 50.2337 28.8705 2.94338 7.80199 7.31217 2.92163 2.87246
internal_count=3383 1158 740 540 182 358 151 200 140 195 173 2225 160 2065 91 73 1976 205 98 107 69 40 1771 1051 720 89 418 411 58 58
is_linear=0
shrinkage=0.05


Tree=150
num_leaves=31
num_cat=0
split_feature=23 30 20 61 44 30 46 30 73 76 36 79 10 21 46 21 28 31 79 18 74 46 20 60 73 72 73 47 42 34
split_gain=0.934993 2.15382 2.01283 1.98683 2.39803 2.42349 2.09375 2.83238 2.1866 2.10572 1.97302 1.90351 1.87491 1.96393 1.86571 1.68827 1.65161 2.07487 1.43691 1.7071 1.21332 1.59018 1.18595 0.769922 0.71701 0.70821 0.584311 0.531799 0.510426 0.484493
threshold=-0.00088612307050939243 -52.810105883216224 -0.003979851529120281 0.0007059042075922196 6809.8768849999969 -33.817692038648381 0.40949829341826544 51.327300839142175 2.7311755157602233 8.5000000000000018 0.1089654732204495 0.60355339059327384 -0.0012573338633037332 -0.0030616455332752586 -0.098365230277966884 -0.00043791411260341023 0.70015283766722758 18.265448787740048 -0.78656609248549325 -0.00060169557492500958 83.279816648958771 -0.1717439776104463 -0.0075687284155043768 0.00046563395537747068 2.672104344059266 0.00046200676648808155 3.0121367881603596 0.81880275224087173 42.68570108348478 63735.667723691739
decision_type=2 2 2 2 2 2 2 2 2 2 2 2 2 2 2 2 2 2 2 2 2 2 2 2 2 2 2 2 2 2
left_child=3 10 11 6 5 20 7 8 9 -1 -2 22 18 -14 -15 -10 26 -18 19 -4 21 -5 -3 -20 -6 -12 -7 -24 -9 -22
right_child=1 2 12 4 24 16 -8 28 15 -11 25 -13 13 14 -16 -17 17 -19 23 -21 29 -23 27 -25 -26 -27 -28 -29 -30 -31
leaf_value=-0.034374967693295448 -0.012814037032777822 0.0064919671009302351 -0.038596131827345517 0.03316528036818036 0.0052679826149427964 0.021010663546988981 0.036567857147284 -0.065154277239197825 -0.033718212746527858 0.011395464359554013 0.0060308452798800462 0.027991166767344068 -0.053656087907158381 0.028911911869052478 0.0046276680409988802 -0.0060748019720121907 -0.046491893019225301 0.037711230844112091 -0.012205447676176685 0.037885621249167264 -0.0073576238606412039 -0.019062207076887338 -0.022710163056816165 -0.055427553730228354 -0.047287269409212573 0.058831341873277487 0.054525860622928857 -0.057790653228340497 -0.027796436040877087 -0.06328928988931691
leaf_weight=2.9818929373286691 1.7560066375881422 1.3626320725306866 1.2228329218924048 2.7453786544501813 0.92393623851239626 1.7465459783561526 2.3141803964972487 2.6326116453856221 10.32054039882496 15.976098126498981 0.76693212380632747 1.4976696972735224 1.271691070171072 9.7657455507433024 41.605231069726869 11.88256958941929 1.2869478259235623 1.6953892987221477 1.7292251996695984 1.8088183207437394 0.60973856784403313 3.106638936325909 1.6099885404109944 2.5492514055222273 2.180793471634388 3.6939017567783594 5.0918267010711133 3.2838395149447024 1.4008912062272427 1.0607389975339172
leaf_count=76 21 13 34 38 18 34 36 34 375 342 14 26 59 234 1190 263 15 35 41 23 16 89 24 67 39 64 65 41 30 27
internal_value=2.37694e-05 0.00391545 0.00132931 -0.00420962 0.00882195 0.0160666 -0.00981846 -0.0121937 -0.00827533 0.00419626 0.0320808 -0.0226422 0.00442973 0.00772468 0.00924416 -0.0189241 0.0324248 0.00137562 -0.0192983 0.00703629 -0.00528917 0.00543947 -0.0347628 -0.0379585 -0.0316474 0.0497536 0.045966 -0.0462498 -0.0521794 -0.0428738
internal_weight=141.88 73.9238 67.7069 67.9567 20.4479 17.3432 47.5088 45.1946 41.1611 18.958 6.21684 7.75413 59.9528 52.6427 51.371 22.2031 9.82071 2.98234 7.31013 3.03165 7.5225 5.85202 6.25646 4.27848 3.10473 4.46083 6.83837 4.89383 4.0335 1.67048
internal_count=3383 1851 1752 1532 376 319 1156 1120 1056 418 99 104 1648 1483 1424 638 149 50 165 57 170 127 78 108 57 78 99 65 64 43
is_linear=0
shrinkage=0.05


Tree=151
num_leaves=30
num_cat=0
split_feature=47 22 73 63 42 14 21 44 57 57 34 21 45 10 10 32 12 26 21 16 73 49 69 59 66 5 71 15 11
split_gain=0.894052 1.88984 1.53376 1.64552 1.42478 2.33456 2.2796 1.39674 1.37301 1.74386 2.03673 1.92403 1.17891 1.28959 1.1674 1.53109 1.23751 1.20035 1.15822 1.28222 1.01712 1.09282 1.00211 0.872931 0.691538 0.506556 0.501128 0.3984 0.306998
threshold=0.53472974662360406 0.00088485599970855599 8.5370223600121022 0.0018014540548392302 14.695736573031594 -0.00050715033066922588 0.00068272909519206959 6489.339759999978 0.0015442346023439399 0.001119586701606899 63119.203384469482 0.0051082798781301184 7654.8185398437236 -0.0010204044342681515 0.00058483052626934217 64108.079900913428 -0.0049837530545832611 0.42896558450203981 -0.00021426771200661052 -0.00064320658859602013 3.3092126140042146 0.52431025756077199 0.93610108427994254 0.00049224556918325141 0.8870307192415593 66864.358284750007 1.0490615546143724e-05 -0.0012430156248314781 -0.0011783081152431094
decision_type=2 2 2 2 2 2 2 2 2 2 2 2 2 2 2 2 2 2 2 2 2 2 2 2 2 2 2 2 2
left_child=1 14 4 -4 5 7 24 -2 9 11 -11 -6 13 -3 15 23 -17 -18 -5 -20 -16 27 -10 -1 -7 -15 -25 -22 -27
right_child=2 12 3 18 8 6 -8 -9 22 10 -12 -13 -14 25 20 16 17 -19 19 -21 21 -23 -24 26 -26 28 -28 -29 -30
leaf_value=-0.01542041499860421 0.088002522307366715 -0.016903643910856591 -0.066381840396445235 -0.053540983063878625 -0.0020036759302902137 -0.0059320791111819524 0.053735217472709811 0.019787497966852058 0.054237354411625388 0.044001887709524602 -0.032744575757316131 0.051800975083526539 -0.032954787034891277 -0.022505596981406521 0.054856162788758725 0.039050997768368248 -0.043904443684630146 -0.0050195251360736154 -0.03526652939341824 0.043531188397717913 0.0062256832692497051 -0.025338636534489513 -0.0063920452634351147 0.05257838408617669 -0.062323281403692823 0.014445511605807121 0.0096776475876876166 0.057653313017149793 0.047311425877073064
leaf_weight=1.440720428712672 1.5185405984520914 1.1356560513377179 1.8531768582761277 0.93077680701389942 89.415767489583232 1.019065083004534 1.0463558043120427 1.4834802113473413 1.8356133331544691 0.97151299659162571 7.8470120772253722 1.6930020309519012 0.7501986790448435 0.3050380679778727 1.4668553271330882 0.78990068938583391 4.4438502562697924 3.586320323869586 0.84116423130035434 1.3366272863931952 0.68856437364593126 1.5476474999450145 1.0840144064277408 1.4664310943335297 1.1654082811437545 0.8073393302038302 1.2704295888543127 0.83116595633328005 5.9256644137203702
leaf_count=34 15 19 34 35 2083 28 39 27 27 23 123 94 21 13 31 11 153 79 12 38 21 30 34 24 15 13 26 23 258
internal_value=1.9817e-05 0.00830093 -0.00190127 -0.029089 -0.000664572 0.0225481 -0.00694902 0.0542933 -0.00207133 -0.00305882 -0.0242896 -0.00100387 0.0270319 0.0325376 -0.0012333 -0.00885384 -0.0206642 -0.0265382 -0.00685675 0.0130959 0.0206114 0.00423521 0.0317266 0.0160813 -0.0360166 0.0405154 0.0326642 0.0343523 0.0433705
internal_weight=140.497 26.4558 114.042 4.96175 109.08 6.23285 3.23083 3.00202 102.847 99.9273 8.81853 91.1088 8.9239 8.1737 17.5319 12.9977 8.82007 8.03017 3.10857 2.17779 4.53423 3.06738 2.91963 4.17758 2.18447 7.03804 2.73686 1.51973 6.733
internal_count=3383 756 2627 119 2508 124 82 42 2384 2323 146 2177 324 303 432 327 243 232 85 50 105 74 61 84 43 284 50 44 271
is_linear=0
shrinkage=0.05


Tree=152
num_leaves=18
num_cat=0
split_feature=66 66 43 38 55 42 59 76 75 21 67 7 21 62 6 31 64
split_gain=0.86162 1.07048 2.55893 1.93661 1.92646 1.64681 1.80552 1.52381 1.96039 1.86771 1.3525 0.846707 1.1463 0.625433 0.343176 0.321839 0.14975
threshold=0.42832500662411516 0.67657080579946682 28.163875573529236 66785.763378291434 66198.665755888112 27.170550236171874 0.00067993335723728909 56.500000000000007 17.500000000000004 -0.0034922542918503492 0.78465401997477802 6.2718200000000008 -0.0010805542886206385 0.00010416146767514165 3505.5000000000005 1.3236817794127931 0.0029492472257624026
decision_type=2 2 2 2 2 2 2 2 2 2 2 2 2 2 2 2 2
left_child=13 2 14 4 7 6 -6 9 -9 -3 -4 12 -12 -1 -2 -13 -7
right_child=1 3 10 -5 5 16 -8 8 -10 -11 11 15 -14 -15 -16 -17 -18
leaf_value=0.00097987589519274378 -0.0086765818244178457 -0.021475908363463206 -0.031074455671613179 -0.053335355924440497 -0.048726493043851175 0.048655140728467883 0.037199456003021623 0.038734139066990761 -0.031003290900707317 -0.00029787222103412484 -0.022382341746657354 0.079272563192992015 0.048693163453842836 -0.057985309861369905 -0.054876965376868737 0.046221709634982712 0.073488180584062021
leaf_weight=0.76256717788055439 0.66947509767487545 11.548959417967124 0.72177481395192433 1.7182914121076454 1.0301553201861673 1.3636038058903071 1.503796766977757 4.6422218177467576 1.2871658981312064 105.62371048622299 0.9757970175705849 1.1857684124261143 1.3550221443874764 1.0961156878620384 1.0058344136923549 1.9443517810432238 1.094245186075568
leaf_count=33 23 411 39 21 27 41 25 89 27 2467 24 10 42 23 24 48 9
internal_value=2.18051e-05 0.000478345 0.0183984 -0.000606425 0.000100897 0.0305511 0.00226704 -0.00113386 0.0235954 -0.00238526 0.0332509 0.0417529 0.0189374 -0.0337935 -0.0364147 0.0587422 0.0597109
internal_weight=139.529 137.67 7.85802 129.812 128.094 4.9918 2.53395 123.102 5.92939 117.173 6.18271 5.46094 2.33082 1.85868 1.67531 3.13012 2.45785
internal_count=3383 3327 210 3117 3096 102 52 2994 116 2878 163 124 66 56 47 58 50
is_linear=0
shrinkage=0.05


Tree=153
num_leaves=16
num_cat=0
split_feature=63 64 21 23 30 23 36 51 42 29 9 13 12 39 29
split_gain=0.855286 1.19071 0.851103 0.820538 2.07973 2.03741 1.84681 1.52723 1.70021 1.38033 0.242325 0.00201457 0.000218742 2.54226e-05 1.47711e-05
threshold=0.00071516619487227678 0.0014619917074448028 0.0073145346789116336 -0.00088612307050939243 -52.810105883216224 0.0020358065911946226 0.1089654732204495 -0.030045352242859921 59.006621840871304 64.175712668922657 -0.0010029981953116882 -0.0020009294475201718 -0.00053206790131626869 64509.702305737716 -3.2039340238407017
decision_type=2 2 2 2 2 2 2 2 2 2 2 2 2 2 2
left_child=-1 10 3 7 6 -6 -5 8 -3 -9 -2 -12 -13 -4 -14
right_child=1 2 13 4 5 -7 -8 9 -10 -11 11 12 14 -15 -16
leaf_value=-0.052170625796161822 0.005618168441306302 -0.015265220188528585 0.050649240029818424 -0.011974272084411272 0.018789415530575938 -0.0036796097465905085 0.048994638955589163 0.0059882443004186207 0.033598177271072283 -0.03339681388656273 0.055895293369684462 0.05233958770102877 0.051164088612561748 0.051210462319538075 0.050614960935936308
leaf_weight=0.78054279927164216 0.34783573448657978 29.989431997295473 0.3855998613871624 1.7503038076683868 12.462298861471934 52.979609142639674 4.2775664129294455 29.914622265147045 1.8925682697445143 2.4033785085193804 0.34640259295701969 0.39342308044433583 0.183192086406052 0.42329826718196273 0.36941757216118198
leaf_count=32 3 651 37 21 428 1236 78 742 32 34 4 10 10 21 44
internal_value=2.1324e-05 0.000316273 -0.000192672 -0.000497556 0.00318784 0.000599234 0.0312912 -0.00460027 -0.0123646 0.00305931 0.0426631 0.052633 0.0514385 0.0509429 0.050797
internal_weight=138.899 138.119 136.479 135.67 71.4698 65.4419 6.02787 64.2 31.882 32.318 1.64027 1.29244 0.946033 0.808898 0.55261
internal_count=3383 3351 3280 3222 1763 1664 99 1459 683 776 71 68 64 58 54
is_linear=0
shrinkage=0.05


Tree=154
num_leaves=31
num_cat=0
split_feature=21 65 45 30 29 19 2 75 10 72 46 60 19 30 57 65 15 19 19 15 45 42 32 46 13 66 63 7 32 42
split_gain=0.850353 1.60052 1.41017 1.37066 2.89424 3.37185 2.51975 1.97795 1.79421 1.53796 1.29011 1.75819 1.72871 2.08955 1.66098 1.87342 2.33618 1.72732 1.81678 1.51597 2.11967 1.77025 1.59677 1.29216 1.06486 1.40731 0.995833 0.699143 0.646191 0.441834
threshold=-0.00049736631271762855 0.0051212294767676624 7654.8185398437236 -52.810105883216224 -32.432451691020098 -0.00074106365889364801 63912.085000000006 7.5000000000000009 -0.00063819534795345179 0.00027818549321962104 -0.18346086146416285 0.00074977223655867716 0.0027526172329245262 53.006135407004855 0.00033600771074497859 0.0071471510485591012 -0.0033728516046206409 -3.072449730884274e-05 -0.0049046350218381321 -0.0015867699102159458 6187.2123996390865 20.778164102386757 64375.585852414741 0.064844448395467866 -0.0058604373188479433 0.93799967985698396 0.0027256305751774076 12.300265000000001 66148.712537701285 11.4951171576649
decision_type=2 2 2 2 2 2 2 2 2 2 2 2 2 2 2 2 2 2 2 2 2 2 2 2 2 2 2 2 2 2
left_child=10 2 29 7 6 9 -5 -3 -7 -6 11 19 14 -14 15 16 -12 18 -16 20 22 -21 -1 -15 -9 -26 -23 -19 -22 -2
right_child=1 3 -4 4 5 8 -8 24 -10 -11 12 -13 13 23 17 -17 -18 27 -20 21 28 26 -24 -25 25 -27 -28 -29 -30 -31
leaf_value=-0.0098278788190542306 -0.036236078598053501 -0.021214999395635679 -0.055877430247499742 0.010979428703528091 -0.015991650415832993 -0.019054787792682982 -0.053809296788853878 -0.012941433994836899 0.0025125916762150625 0.037187071926998265 0.046675679491254396 0.075401423165290984 0.034517038551550569 -0.055080499023601827 -0.051721013691229278 0.057179527616643945 -0.036008286945939175 -0.054314739696236347 -0.0063832000779482827 -0.047424306167448249 -0.051813534037398135 0.036541600010828901 0.053653881867419623 0.0053719116838232741 -0.0085012372080049865 0.055855535431811931 -0.013203466703460426 -0.012364165557996638 0.024778636746730615 0.056067997154534491
leaf_weight=3.502778512891382 0.13668433297425497 2.1109054009430093 0.34692591987550248 2.2735432228073469 1.6092915628105391 12.201297040563068 4.4148680111393332 0.99556507542729367 45.993198730633601 8.7624684572219831 1.2583498205058279 0.87601505406200963 4.1600037962198249 1.3934664232656362 2.6526738069951561 1.4431211771443484 2.6604659911245134 4.7199081149883559 13.230307428399099 0.89555739611387153 2.855713046388701 5.4831103540491313 1.3811473995447157 2.4175178641453385 1.0549086984246967 4.3615457401610911 1.2321459241211412 1.2578717982396481 0.30476895067840803 2.5175415908452123
leaf_count=87 7 27 7 34 37 156 50 9 1277 154 19 10 38 31 118 11 119 116 364 43 189 99 9 36 14 91 21 24 14 172
internal_value=2.19259e-05 0.00304663 0.0389235 0.00176142 -0.000390865 0.00267164 -0.0317861 0.0207654 -0.00200931 0.0289358 -0.0050526 0.00646902 -0.0104646 0.0100144 -0.0164609 0.00847688 -0.00945808 -0.0225776 -0.0139552 0.00261178 -0.0125222 0.018608 0.00812441 -0.0167322 0.0345857 0.0433214 0.0274141 -0.0454873 -0.0444277 0.0513146
internal_weight=138.504 86.7787 3.00115 83.7776 75.2547 68.5663 6.68841 8.52292 58.1945 10.3718 51.7249 16.5312 35.1937 7.97099 27.2227 5.36194 3.91882 21.8608 15.883 15.6552 8.04441 7.61081 4.88393 3.81098 6.41202 5.41645 6.71526 5.97778 3.16048 2.65423
internal_count=3383 2035 186 1849 1708 1624 84 141 1433 191 1348 472 876 105 771 149 138 622 482 462 299 163 96 67 114 105 120 140 203 179
is_linear=0
shrinkage=0.05


Tree=155
num_leaves=31
num_cat=0
split_feature=47 22 74 47 24 73 63 28 35 79 67 27 0 44 58 13 10 43 62 59 10 76 76 21 9 10 44 26 76 59
split_gain=0.854551 1.69736 1.40496 1.54809 1.46137 1.37342 1.52265 1.18792 1.53819 1.89034 1.69528 1.46755 2.79932 1.86506 1.77234 1.68932 2.14527 2.00587 1.41333 1.33562 1.24315 1.07124 1.36403 1.06811 1.18486 0.978044 0.864642 0.841245 0.713502 0.695068
threshold=0.53472974662360406 0.00088485599970855599 21.197600286948539 0.3781098646948684 33.200335971249849 8.5370223600121022 0.0018014540548392302 0.23074641182979874 0.48057704294124498 0.91597561503675351 0.7671495508328251 0.43571089943230562 64307.995000000003 5203.9391449999903 0.0008824193386185753 -0.0022401199070709028 -0.0016359853879331363 37.92393964207394 6.1560889187915071e-05 0.00082972611873403923 -0.0009019172737407265 47.500000000000007 6.5000000000000009 -0.00021426771200661052 -0.00064299977505127826 -0.0010204044342681515 7716.2274549999956 0.32380455808735104 14.500000000000002 0.0005167153724676141
decision_type=2 2 2 2 2 2 2 2 2 2 2 2 2 2 2 2 2 2 2 2 2 2 2 2 2 2 2 2 2 2
left_child=1 2 21 4 -4 7 -7 8 9 10 -2 12 13 -9 -14 16 -13 -17 20 -20 -10 22 -1 -8 -25 -3 -27 -6 -11 -24
right_child=5 25 3 -5 27 6 23 11 18 28 -12 15 14 -15 -16 17 -18 -19 19 -21 -22 -23 29 24 -26 26 -28 -29 -30 -31
leaf_value=0.036555546036901629 0.027205512178768196 -0.01625330898364739 -0.054154839224597864 0.027145970392692051 -0.043517067182568599 -0.064177888861337531 -0.053192970717633105 0.060631854466433599 0.054288392289978615 0.055283795070730869 -0.033148952120613216 0.028986963666897216 0.03645576294377631 -0.015827811988247838 -0.022712869582214051 0.029739351620426707 -0.041071177441147314 -0.0020369702530779431 -0.018530675173901837 0.021963565676475574 -0.0089077819628025825 0.020197219028588093 -0.015336359730951874 -0.034174445725176465 0.042626793436377444 0.038120384136510241 -0.023639451337741972 0.01825048836684335 -0.012406082619710698 -0.057722047101914045
leaf_weight=0.64288068050519243 1.2920404998585606 1.1657203305512664 1.3954086359590272 5.8913161908276379 0.68365477095358107 1.8134476856794197 0.8558907066471878 0.88960903463885355 2.1044480842538182 1.0266135646961618 11.694387258496134 1.3967171991243956 10.635073015931992 7.70875009521842 1.436581743415444 5.5634615838062009 5.0202648197300723 46.270745691028424 6.9807120244950038 2.8748764637857676 1.2347763255238522 1.2891738042235372 1.551924295723438 0.81778162904083762 1.3013175143860278 6.8326777990441752 0.61796958651393641 2.8460787404328585 0.62710956460796285 2.5672560227103531
leaf_count=15 39 22 33 136 25 34 35 13 27 19 350 23 182 172 25 139 88 1164 157 42 36 37 77 12 38 283 19 70 32 39
internal_value=1.91985e-05 0.00828002 -0.000942661 0.00985064 -0.0108375 -0.00186811 -0.0280649 -0.000693083 -0.00957421 -0.0207328 -0.0271442 0.00243923 0.0138852 -0.00791709 0.0294144 -0.00162228 -0.0258224 0.00137364 0.00280665 -0.0067185 0.0309198 -0.0202355 -0.0311813 -0.00605165 0.0129884 0.0263346 0.0329979 0.00628707 0.0296151 -0.041753
internal_weight=137.029 25.4841 16.8677 10.8165 4.92514 111.545 4.78844 106.756 27.835 14.6402 12.9864 78.9212 20.67 8.59836 12.0717 58.2512 6.41698 51.8342 13.1948 9.85559 3.33922 6.05123 4.76206 2.97499 2.1191 8.61637 7.45065 3.52973 1.65372 4.11918
internal_count=3383 756 432 264 128 2627 119 2508 702 440 389 1806 392 185 207 1414 111 1303 262 199 63 168 131 85 50 324 302 95 51 116
is_linear=0
shrinkage=0.05


Tree=156
num_leaves=31
num_cat=0
split_feature=21 70 60 62 46 14 23 70 35 15 68 70 53 76 46 23 73 28 10 45 62 42 59 30 76 30 14 30 21 60
split_gain=0.846378 1.35397 1.85122 3.48946 2.39453 2.42699 2.09559 1.90029 1.76682 1.76511 1.59536 2.08258 1.92628 1.81814 1.58278 1.55777 1.31081 1.47462 1.80263 1.74515 1.31278 1.22803 1.53507 3.03625 2.59619 1.90022 4.31422 1.88321 1.13285 1.02914
threshold=-0.00021426771200661052 0.72800661068983807 0.00045494093181693587 4.0506849366929805e-05 -0.21659983173524475 -0.00047512853093056856 -0.0087588704113039078 0.85636906272126245 0.72453656890209228 -0.0015867699102159458 -0.00035011210551860733 0.5666228974065235 0.27090301580422849 25.500000000000004 -0.042212566858474604 0.0052417228530696755 1.6883788318544568 0.99996787850894686 -0.00052688004398315769 7644.4261055469733 0.00013088874135572658 59.006621840871304 0.00074900439360742351 -50.81805461937477 33.500000000000007 1.2864724164483643 0.00052104828949450799 31.827475016571487 -0.0018271339025950903 0.00041722362828601169
decision_type=2 2 2 2 2 2 2 2 2 2 2 2 2 2 2 2 2 2 2 2 2 2 2 2 2 2 2 2 2 2
left_child=1 10 3 15 5 9 -6 29 -8 -4 28 13 -13 -12 -9 -3 17 18 -2 20 -20 22 25 -24 -25 26 -18 -27 -1 -5
right_child=16 2 4 7 6 -7 8 14 -10 -11 11 12 -14 -15 -16 -17 21 -19 19 -21 -22 -23 23 24 -26 27 -28 -29 -30 -31
leaf_value=-0.027641536447848336 -0.038747485929255303 -0.056027512682076154 -0.0065859363339632734 0.025955531366240649 -0.053508197855198614 -0.049796815368209957 -0.016424729886570757 -0.05212893785786759 0.017941170725377317 0.046318901697572246 -0.044400814910211292 0.0049936941174914245 -0.052832726502488242 0.044596084673181824 0.025296722105927039 0.037894710305292546 0.013177959104321707 -0.067459683661960965 0.026948169440246857 -0.032650258732345151 -0.031054419246098416 0.054744920895830329 0.054338460342563746 -0.028894178001157917 0.021324540921692201 0.032028476664532061 -0.037029949880603603 0.0044472390750839447 0.051102138066349584 0.062587415334612456
leaf_weight=0.7209941716864704 3.118839854374527 2.1057955345604564 2.414396823849529 5.2648235191591066 3.0221445811912409 1.1726334337145035 17.681695277569826 1.190439975820482 4.7433583512902251 4.543508674018085 0.8901291112415487 1.8821946452371756 6.1320288288407028 1.6152264941483734 1.4815627001225937 0.55858174478635181 15.235820879228415 1.0513068977743394 5.9277871521189773 2.3078714185394347 1.1676833489909766 1.2947098037693638 1.7228664597496397 10.121450780890877 3.4511650460772225 13.561956307035873 5.9492486701346925 11.383666256675495 1.2462827628478397 3.0155111919157207
leaf_count=35 33 93 71 98 96 18 434 47 89 72 26 34 252 34 25 17 351 16 228 27 21 28 47 119 78 483 131 326 17 37
internal_value=1.68433e-05 -0.0044433 -0.000569513 0.014981 -0.00687567 0.0167462 -0.014423 0.0274651 -0.00915564 0.0279609 -0.0190844 -0.0268131 -0.0392518 0.0129763 -0.00919823 -0.0363369 0.00350579 -0.0105823 -0.00580718 0.00511825 0.0174028 0.00655462 0.00553889 -0.00818795 -0.0161249 0.0100903 -0.000921562 0.0194421 0.0222431 0.039296
internal_weight=135.976 59.6813 47.1945 13.6167 33.5777 8.13054 25.4472 10.9523 22.4251 6.95791 12.4869 10.5196 8.01422 2.50536 2.672 2.66438 76.2944 13.5735 12.5222 9.40334 7.09547 62.7209 61.4262 15.2955 13.5726 46.1307 21.1851 24.9456 1.96728 8.28033
internal_count=3383 1495 1097 317 780 161 619 207 523 143 398 346 286 60 72 110 1888 325 309 276 249 1563 1535 244 197 1291 482 809 52 135
is_linear=0
shrinkage=0.05


Tree=157
num_leaves=31
num_cat=0
split_feature=23 42 28 72 47 47 26 67 64 49 38 32 55 66 61 61 64 64 22 11 12 51 45 31 62 12 34 41 49 62
split_gain=0.814522 1.70409 1.12232 1.59373 0.951045 1.51108 1.51867 1.60548 1.53445 1.2776 1.48539 1.98826 4.6986 2.42238 1.80079 1.33037 0.903757 0.898932 0.879938 0.824262 0.821807 0.759747 0.678941 0.577032 0.463794 0.460578 0.387851 0.352349 0.285367 0.0439599
threshold=0.009808787735547388 46.412461253802924 0.42673642577591092 0.00061971243405630567 0.53472974662360406 0.45619953672155994 0.48112344504518822 0.88386199469019699 0.0033339209991899996 0.36618793037790387 65612.506951050673 65104.415147417501 64888.895785978581 0.98665987847137682 0.00031925675892533579 0.00081681222841461685 0.0040651505076674489 0.0045033540960506208 -0.0043401216098214448 -0.00012109813137306523 -0.0026003266693866429 -0.55273896068914585 6225.0617615052106 -0.72040367798889171 3.3480037109497771e-05 0.0011141639675928963 66151.354176174442 50.83801030304317 0.55502193875068706 3.9393434232435274e-05
decision_type=2 2 2 2 2 2 2 2 2 2 2 2 2 2 2 2 2 2 2 2 2 2 2 2 2 2 2 2 2 2
left_child=4 20 -3 -4 5 6 8 16 25 19 11 12 -11 -13 26 -16 -8 -10 -9 27 -2 22 -7 -24 -23 -1 -12 -6 -26 -22
right_child=1 2 3 -5 9 21 7 18 17 10 14 13 -14 -15 15 -17 -18 -19 -20 -21 29 24 23 -25 28 -27 -28 -29 -30 -31
leaf_value=-0.04567911889796656 -0.0089487652916856193 -0.059660574532125268 -0.03918330997945986 0.060791443788531498 -0.025228922212023042 0.033869615641748237 -0.017212287117437972 -0.025458274645267332 0.028411019293970753 -0.0036868842995020552 -0.0098380140251218065 -0.033973317065049073 0.054012847871950855 0.019171958971287765 0.030226299432282368 -0.033988801403748437 0.043211696756701945 -0.026747224870463122 0.043656916643121109 0.0058709194882571765 0.029889942698400292 -0.0054080102762663184 -0.0549118944927873 0.0077768793953219735 0.054494705641357291 0.00057999810005890764 -0.062958422267378134 -0.062701258596808696 0.029303665024332223 0.052761065256159423
leaf_weight=3.3608560084831032 0.70842075254768166 0.87837576121091876 0.798555744346231 0.79598793550394475 1.0716452654451138 1.1465959544293585 3.8132224499713612 0.52460527746006835 2.0197863271459942 73.993298211018555 0.66248038341291138 9.8227942553348822 3.7049238798208526 2.7428611223585895 8.2542486079037154 0.89391245786100704 0.73871520766988386 1.1645552888512609 3.7695790121797472 1.0224021684844036 0.22759630728978608 0.55711331136990239 0.60658254264853895 0.92969159921631195 2.4505263534374535 0.64065215364098538 0.71393612027168274 1.5130190881900487 2.0771418837830424 2.7326595496851951
leaf_count=107 12 8 18 35 28 29 120 20 49 1658 33 301 67 33 220 18 36 39 117 39 27 25 19 25 38 12 10 20 65 155
internal_value=1.48888e-05 0.0178026 -0.0142767 0.0107236 -0.000837286 0.00818239 -0.00058722 0.0132826 -0.0176616 -0.00289355 -0.00184715 -0.00391982 -0.000935559 -0.0223726 0.0159291 0.0239515 -0.00740633 0.00823893 0.0352134 -0.032132 0.039426 0.0262823 0.00475471 -0.0169752 0.0376409 -0.0382729 -0.0373911 -0.0471646 0.0429379 0.0510026
internal_weight=134.337 6.1416 2.47292 1.59454 128.195 23.7996 16.032 8.84612 7.18585 104.396 100.788 90.2639 77.6982 12.5657 10.5246 9.14816 4.55194 3.18434 4.29418 3.60707 3.66868 7.76765 2.68287 1.53627 5.08478 4.00151 1.37642 2.58466 4.52767 2.96026
internal_count=3383 255 61 53 3128 701 500 293 207 2427 2340 2059 1725 334 281 238 156 88 137 87 194 201 73 44 128 119 43 48 103 182
is_linear=0
shrinkage=0.05


Tree=158
num_leaves=18
num_cat=0
split_feature=31 23 60 62 41 28 69 45 12 69 22 21 15 23 12 25 70
split_gain=0.821699 1.19386 1.16817 1.14128 1.74996 1.24004 2.01581 2.0888 2.04857 1.87586 1.72355 1.08285 0.0462132 0.0256546 0.00177789 0.0008033 0.000183508
threshold=-38.043032538030594 -0.016135671453120001 0.00051419551232168622 0.00022921988763948295 62.092973860269502 0.23074641182979874 0.72904961376183075 6874.2245282135655 -0.0023751110796337289 0.98753428952300804 -0.0060198657627308907 0.00012546110965605542 -0.01531757586256821 -0.0035236844140260066 9.1676317396927068e-05 42.473267732299995 0.67700247729425433
decision_type=2 2 2 2 2 2 2 2 2 2 2 2 2 2 2 2 2
left_child=-1 2 12 5 13 6 8 -8 -3 10 -7 -4 -2 -5 16 -15 -14
right_child=1 3 11 4 -6 9 7 -9 -10 -11 -12 -13 14 15 -16 -17 -18
leaf_value=0.027131406118455409 -0.072965391491512349 -0.021205228826097836 -0.05119833313304574 0.063839823611549593 -0.025218584472276442 -0.025500027213430101 -0.0095929539149195043 -0.047665515038192531 0.027355111041700082 0.056131315362142775 0.0030847361696684159 0.052127572615668749 -0.052446516012520053 0.053641980470414366 -0.055303932746199637 0.051116751575838795 -0.051014415911219635
leaf_weight=2.7365783769637337 0.33389587327837933 3.3911335598677397 0.42882027802988865 0.78329145908355768 0.95579380262643088 5.6141132107004514 16.488746826769788 4.6097364483866832 6.0403257857542503 1.5895584970712651 86.905077860923484 0.62042961083352566 0.30819862289354139 0.6020021364092818 0.39576001092791546 0.66042878152802587 0.81579031771980226
leaf_count=28 3 115 24 5 26 130 384 193 150 27 2138 27 16 11 5 41 60
internal_value=1.59202e-05 -0.000552502 -0.0322589 0.000168591 0.0306355 -0.000565106 -0.00932125 -0.0179113 0.00989497 0.00227549 0.0013502 0.00989908 -0.0561224 0.0567314 -0.0524219 0.0523209 -0.0514071
internal_weight=133.28 130.543 2.90289 127.64 3.00152 124.639 30.5299 21.0985 9.43146 94.1087 92.5192 1.04925 1.85364 2.04572 1.51975 1.26243 1.12399
internal_count=3383 3355 135 3220 83 3137 842 577 265 2295 2268 51 84 57 81 52 76
is_linear=0
shrinkage=0.05


Tree=159
num_leaves=17
num_cat=0
split_feature=66 66 13 38 45 45 62 21 57 22 62 27 69 69 28 67
split_gain=0.792774 0.989677 2.07879 1.70938 1.63629 3.20589 1.71079 1.40038 1.26902 2.10634 0.564675 0.510646 0.597161 0.354967 0.259117 0.037726
threshold=0.42832500662411516 0.67657080579946682 -0.0021667298419841825 66785.763378291434 7813.8370544876898 7714.8273295617955 3.4637837919878808e-05 -0.0034922542918503492 0.000546048449125355 -0.00111320860615266 0.00010416146767514165 0.5698390807744238 0.66951444470682409 0.74484735353632703 0.31294921090052236 0.93082398134833111
decision_type=2 2 2 2 2 2 2 2 2 2 2 2 2 2 2 2
left_child=10 2 -2 4 5 7 -6 -3 9 -4 -1 -10 -13 -8 -11 -7
right_child=1 3 8 -5 6 15 13 -9 11 14 -12 12 -14 -15 -16 -17
leaf_value=0.00013076205624399964 -0.038571740709646592 -0.016042521738886796 -0.050320304100256008 -0.051434951561830457 -0.02759525413003865 -0.052289371302201265 0.059286613818081625 0.0020667681574340615 0.067747186667165504 -0.0043738402490197713 -0.05741450715685617 0.05508497927909161 -0.0032682820979269243 0.025259203306830919 0.053629409466383338 -0.065179538439036636
leaf_weight=0.7318797605112185 1.3215919490903614 11.908384118229149 1.0586841031908987 1.6319277165457595 0.98824798665009339 1.6769585204310709 2.1682769232429568 103.10542101890314 1.8465240166988226 0.2321739643812174 1.0210353261791167 1.0319091116543857 0.76232031965628255 1.1854497785679994 1.1280529508367179 0.85807430930435646
leaf_count=33 39 422 27 21 37 66 29 2486 29 10 23 28 19 50 58 6
internal_value=1.41427e-05 0.000461427 0.0182462 -0.000601325 7.92583e-05 -0.00103414 0.0302218 0.000191755 0.030638 0.00256645 -0.0333881 0.0492887 0.0302922 0.0472589 0.043729 -0.0566525
internal_weight=132.657 130.904 7.38126 123.523 121.891 117.549 4.34197 115.014 6.05966 2.41891 1.75292 3.64075 1.79423 3.35373 1.36023 2.53503
internal_count=3383 3327 210 3117 3096 2980 116 2908 171 95 56 76 47 79 68 72
is_linear=0
shrinkage=0.05


Tree=160
num_leaves=26
num_cat=0
split_feature=68 28 31 62 62 58 42 42 30 41 60 70 70 46 43 39 23 31 23 30 26 10 79 6 76
split_gain=0.787226 1.3217 1.41448 1.43901 1.40737 1.36952 1.2713 1.16679 2.51796 2.05852 1.1375 1.10652 2.32071 2.50673 1.63713 1.89315 1.58858 1.39763 0.961198 0.325264 0.218661 0.199167 0.0194184 0.00228589 0.000298536
threshold=-0.00029724006051001778 0.89760441459828566 -38.043032538030594 4.1947059686198892e-05 5.3547705835605351e-05 0.00068343247461897692 10.753807173848855 14.695736573031594 5.9695290127049221 59.635854041277916 0.00077417037507279912 0.71303599003812479 0.5666228974065235 0.032332012400849486 85.573645637005214 63793.788087630128 0.0058526209172746766 47.02557552918578 -0.0020471033206942986 -5.9456023821703301 0.48999127541479354 -8.3297849339913896e-05 0.78656609248549303 6579.5000000000009 44.500000000000007
decision_type=2 2 2 2 2 2 2 2 2 2 2 2 2 2 2 2 2 2 2 2 2 2 2 2 2
left_child=1 2 -1 18 20 22 -2 8 9 19 -6 12 13 -9 15 -13 -14 -16 -4 -8 -5 -20 23 24 -3
right_child=6 5 3 4 10 -7 7 11 -10 -11 -12 14 16 -15 17 -17 -18 -19 21 -21 -22 -23 -24 -25 -26
leaf_value=0.051205968615469756 -0.065111718171217831 0.050804498097518518 -0.008732949723300824 -0.057597149894417013 0.0034365646916236624 -0.014567233667784885 0.079353658018653975 -0.014800373451477203 -0.053754925010469592 -0.011473059766916828 -0.049630004197189846 0.014701179129952793 -0.029396848789091413 0.049162811449576828 0.049447757443471463 -0.0052937191985188044 0.015915690655371111 -0.036081615240350799 0.030187799383801506 0.046156226181943809 -0.025294006992341075 0.06086976654532205 0.06124554484178444 0.05638669682065317 0.052561046065906315
leaf_weight=1.4468539133668006 0.78896711079869319 0.79391073645092525 1.0643913992680611 1.2161023039370804 14.155045029707251 0.94337091129273165 1.2945314780808983 3.4918969492428031 0.92918293038383115 1.487026968039572 1.0874124914407719 14.72607398056425 13.381828466430305 2.7287193725351244 2.7376672913087527 60.367256956757046 2.2610697033815077 0.57858669338747848 0.86198097374290283 1.7158245698083185 0.92031855380628247 1.368886332260447 1.071667021140456 0.27921199426054943 0.34788194438442588
leaf_count=14 12 76 32 28 322 25 21 86 25 22 23 366 401 112 155 1371 74 13 24 53 27 47 33 9 12
internal_value=1.34826e-05 0.00789399 0.00341265 6.78962e-05 -0.00567621 0.0367445 -0.00187782 -0.00140583 0.021176 0.0366571 -0.000349259 -0.00262791 -0.0125747 0.0132576 0.000145626 -0.00137265 -0.0228472 0.0345255 0.0303618 0.060432 -0.0436817 0.0490146 0.0561638 0.0523314 0.0513397
internal_weight=132.046 25.557 22.121 20.6741 17.3789 3.43604 106.489 105.7 5.42657 4.49738 15.2425 100.273 21.8635 6.22062 78.4096 75.0933 15.6429 3.31625 3.29526 3.01036 2.13642 2.23087 2.49267 1.421 1.14179
internal_count=3383 672 517 503 400 155 2711 2699 121 96 345 2578 673 198 1905 1737 475 168 103 74 55 71 130 97 88
is_linear=0
shrinkage=0.05


Tree=161
num_leaves=20
num_cat=0
split_feature=63 64 59 65 59 12 22 28 65 41 42 28 8 28 54 11 11 29 29
split_gain=0.775227 1.05546 0.812804 3.17711 2.97205 2.72274 2.27952 2.69249 1.29945 1.26595 1.12474 1.96202 1.13631 0.368549 0.237754 0.0260244 0.00269341 0.000284781 1.61341e-05
threshold=0.00071516619487227678 0.0014619917074448028 0.00042877896057281589 0.0060385568108698795 0.00041849490523483717 -0.0014295717809874595 0.0013033238190381937 0.69437048742859009 0.0050560765377403371 30.755111059161589 14.695736573031594 0.28900864918183783 1703299.0366770003 0.31294921090052236 -0.59862243968433093 -0.00082849047957983524 -0.0027147997122994312 -22.350527149392288 -3.2039340238407017
decision_type=2 2 2 2 2 2 2 2 2 2 2 2 2 2 2 2 2 2 2
left_child=-1 14 3 6 5 -5 8 -8 -3 13 11 -11 -12 -4 -2 -15 -16 -18 -19
right_child=1 2 9 4 -6 -7 7 -9 -10 10 12 -13 -14 15 16 -17 17 18 -20
leaf_value=-0.051758651213792639 0.0058932666819634045 0.015699762500584948 -0.0071100753035216527 -0.046630257758844031 -0.05371603110432395 0.027692712322565767 0.055238357884751371 -0.030046512380724977 -0.046439825530206549 -0.019268917574773847 -0.0017655363330584138 0.046800563621928332 0.017721942646586063 0.066502370361745972 0.05699807392600699 0.051016185828613114 0.052648969243053192 0.051133389645583928 0.050537109908252664
leaf_weight=0.71903217071667214 0.34799588494934131 0.94125367398373949 0.28711817623115976 1.4080728827975679 1.6352844147477288 9.8687875233590585 1.6206753985024982 2.1573346345685422 7.9243490800727159 1.7074010134674598 88.584336662199348 3.2867875925730914 8.1703540529124421 0.36578653752803791 0.31744211167097081 1.0501166642643509 0.35610806569457043 0.18943632906302799 0.2828032330144189
leaf_count=32 11 68 25 52 32 351 51 100 296 27 1934 69 187 2 3 86 8 11 38
internal_value=1.60115e-05 0.000301278 -0.000182583 -0.00816768 0.0092776 0.0184125 -0.0259835 0.00653864 -0.0398425 0.00178998 0.0010744 0.0242129 -0.000119935 0.0445427 0.0420889 0.0550169 0.0530821 0.0515814 0.0507763
internal_weight=131.22 130.501 129.008 25.5558 12.9121 11.2769 12.6436 3.77801 8.8656 103.452 101.749 4.99419 96.7547 1.70302 1.49379 1.4159 1.14579 0.828348 0.47224
internal_count=3383 3351 3280 950 435 403 515 151 364 2330 2217 96 2121 113 71 88 60 57 49
is_linear=0
shrinkage=0.05


Tree=162
num_leaves=18
num_cat=0
split_feature=66 66 43 34 46 14 29 22 78 57 22 69 62 28 14 24 44
split_gain=0.761318 0.909461 2.17996 1.13005 1.15896 1.82968 2.11383 1.82546 1.41901 1.11195 1.79518 1.06582 0.512551 0.468117 0.407799 0.509666 0.304496
threshold=0.42832500662411516 0.67657080579946682 28.163875573529236 66643.964193072359 -0.1337830482111228 0.0047958468609012881 16.161624593569289 -0.0054373026230490331 0.91597561503675362 0.000546048449125355 -0.0025794997088930956 0.96639980999133956 0.00010416146767514165 0.36994868877654202 -0.0020638387109130902 52.336266634203646 5927.7703149999916
decision_type=2 2 2 2 2 2 2 2 2 2 2 2 2 2 2 2 2
left_child=12 2 16 4 5 6 -3 11 -9 10 -4 -6 -1 -12 -11 -16 -2
right_child=1 3 9 -5 7 -7 -8 8 -10 14 13 -13 -14 -15 15 -17 -18
leaf_value=-0.0011979314569656521 -0.055069745080174676 0.005992613381087402 -0.055631528494569073 -0.049825331779944922 -0.05180930412802387 -0.063493821279688514 0.052992339989739651 -0.0023431021223856963 0.037443285976647228 0.081772120635685397 -0.024964160998875169 -0.0083292508743886967 -0.056973450562325438 0.053414540408019608 0.0034061415961880144 0.053644204804298469 -0.0095446715154207315
leaf_weight=0.71443638391792663 0.85559416282921918 29.979556757491082 0.79112412780523289 1.1528173545375455 2.8931365858297786 0.87573939189314742 2.5997759161982676 79.264483496081084 2.3062749125529072 0.78239923575893078 0.23103725770488415 2.7483236757107079 0.97268492705188692 1.0857823698315767 0.68076378758996758 1.9536591977812348 0.64358511799946427
leaf_count=33 19 770 17 21 110 9 67 1912 140 8 14 88 23 57 22 45 28
internal_value=1.54092e-05 0.000452364 0.0179468 -0.000556333 -8.56328e-05 0.00782602 0.00974311 -0.00312058 -0.00121821 0.032457 0.00389833 -0.0306273 -0.0333545 0.0396629 0.0500757 0.0406621 -0.0355262
internal_weight=130.531 128.844 7.02395 121.82 120.667 33.4551 32.5793 87.2122 81.5708 5.52477 2.10794 5.64146 1.68712 1.31682 3.41682 2.63442 1.49918
internal_count=3383 3327 210 3117 3096 846 837 2250 2052 163 88 198 56 71 75 67 47
is_linear=0
shrinkage=0.05


Tree=163
num_leaves=31
num_cat=0
split_feature=21 70 74 42 62 60 46 23 70 31 67 42 66 60 65 41 65 29 56 62 63 35 68 9 19 0 43 15 52 71
split_gain=0.805758 1.28863 2.00705 2.03727 1.58407 2.43503 2.22218 1.98693 1.74006 1.54613 1.48356 1.4561 1.32199 1.31756 1.29541 2.20566 1.26113 1.28864 2.25647 1.99906 2.34908 2.02012 1.80428 1.40633 1.46495 1.32756 2.97419 0.931943 0.796128 0.700901
threshold=-0.00021426771200661052 0.72800661068983807 15.60976977424709 28.61744061316649 2.9173092330680082e-05 0.00045494093181693587 -0.21659983173524475 -0.0087588704113039078 0.85636906272126245 1.2185794691179599 0.7652401680635964 48.22281958399325 0.92082932702623987 0.00041722362828601169 0.0071270624802084641 48.667146870438337 0.0051212294767676624 41.721769167575992 0.0015623080382525304 5.3152378005558375e-05 0.0022883317892520888 0.92045098447549567 -0.00087364430902364665 0.0010515394487112808 0.00052104828949450799 64564.180000000008 75.283694760641637 -0.002108926051383075 0.67490702461004781 0.00044277359417677081
decision_type=2 2 2 2 2 2 2 2 2 2 2 2 2 2 2 2 2 2 2 2 2 2 2 2 2 2 2 2 2 2
left_child=1 2 -1 14 10 8 12 -8 13 -10 -3 28 -7 -6 15 -4 -2 18 23 25 21 -21 -20 24 -18 26 -19 -24 -5 -25
right_child=16 4 3 11 5 6 7 -9 9 -11 -12 -13 -14 -15 -16 -17 17 19 22 20 -22 -23 27 29 -26 -27 -28 -29 -30 -31
leaf_value=-0.050527188199997547 0.04506926986655526 0.056625659690308687 -0.05251026645587157 -0.055131975035338045 0.019019995980800695 0.049093595108217113 -0.053351221585637189 -0.0075831951992726306 -0.047734686222649175 0.027982963476349501 -0.049371052236829215 0.035752530231620346 0.0040142457322156879 0.061050966569840409 0.051456202602370951 0.047905518250326858 0.0076953740717980827 -0.043208508804231882 -0.032645906310690719 0.0033949631798842837 0.043935011980567866 -0.04575483521860868 -0.020714109788455899 0.0025813681510087347 -0.011833123072410211 -0.060742633315218147 0.052275716929815919 0.052669515179523563 0.010094247219985078 0.057101390364598784
leaf_weight=3.5684149770531794 1.7784902384737495 0.3781758844852442 1.1764510821085412 2.7798422880005096 5.3854283997789008 2.404441204853355 2.6712576616555443 21.122428601607687 1.4533617985434824 1.2575931958854196 2.5974065207410604 0.6873488426208495 5.0256592843215913 2.8519420060329139 1.7903413195163009 1.0218518530018625 26.488404462230392 2.6045259949751229 0.84428750979714084 9.5430702015291882 2.7291136782150707 2.6770919864065936 0.47540542203932989 0.89706799620762412 15.06541685189586 2.4144931971095502 1.1873186668381093 4.8100277693010858 0.56247959611937393 1.7193739288486538
leaf_count=155 173 5 71 107 116 39 87 497 65 15 137 7 99 37 26 15 533 35 19 208 114 48 9 27 342 32 84 220 17 44
internal_value=1.45066e-05 -0.00445837 -0.0193331 -0.00545067 -0.000640911 0.00184687 -0.00526757 -0.0127215 0.0221367 -0.0126098 -0.0358996 -0.0305251 0.0186023 0.033572 0.0198816 -0.00583333 0.00347964 0.0024445 0.00679907 -0.00790903 0.00199422 -0.00737237 0.035227 0.00285399 0.00061528 -0.0317631 -0.0133101 0.0460689 -0.044155 0.0384088
internal_weight=129.969 56.7344 11.5867 8.01831 45.1477 42.1721 31.2238 23.7937 10.9483 2.71095 2.97558 4.02967 7.4301 8.23737 3.98864 2.1983 73.2341 71.4556 50.3 21.1556 14.9493 12.2202 6.12972 44.1703 41.5538 6.20634 3.79184 5.28543 3.34232 2.61644
internal_count=3383 1495 398 243 1097 955 722 584 233 80 142 131 138 153 112 86 1888 1715 1194 521 370 256 248 946 875 151 119 229 124 71
is_linear=0
shrinkage=0.05


Tree=164
num_leaves=21
num_cat=0
split_feature=57 74 6 41 15 74 70 74 66 27 22 76 74 76 8 16 0 58 42 66
split_gain=0.733052 0.747856 1.5698 1.57442 1.55052 1.39784 3.01987 2.69992 2.6377 2.35117 2.16629 2.15699 1.33594 1.67738 1.54863 0.824241 1.05054 0.693106 0.588238 0.327287
threshold=0.00012276494264133072 47.419934808692325 4491.5000000000009 71.360214661019299 -0.010367814933541218 25.994304896574093 0.83428252835374395 21.197600286948539 0.67657080579946682 0.89905082687537285 0.00063171424167007839 40.500000000000007 52.459014771086238 4.5000000000000009 960036.81964320014 -0.000521271067757542 64055.400000000009 0.0007030375836814247 44.389731220487256 0.96278815686612351
decision_type=2 2 2 2 2 2 2 2 2 2 2 2 2 2 2 2 2 2 2 2
left_child=19 4 3 15 -2 7 8 10 -7 -8 -6 -9 17 -14 -15 16 -3 -4 -17 -1
right_child=1 2 12 -5 5 6 9 11 -10 -11 -12 -13 13 14 -16 18 -18 -19 -20 -21
leaf_value=-0.014190160294507887 0.036444193704509964 0.037731654073510035 0.001679054743342566 -0.028473440862355301 -0.014387360225263582 0.062172137257211102 -0.035218080052157055 0.032576741085502535 -0.0034238963354376374 0.021954753346338882 0.0075671056819535953 -0.013220453032529137 0.038489890768449886 -0.032859187204019001 0.0060798133216438122 0.039959352786187591 -0.02490503977347578 0.054303191855605171 0.0015729865721401403 -0.075644075240227371
leaf_weight=0.42124584491830219 2.59903719741851 1.2072302079759532 1.1728363232687109 1.4455092470161606 23.276953364955261 1.6479274986777479 13.153192645870147 10.53284686047118 21.886458752094768 2.0830081305466583 21.720711545960512 3.4012913573533288 1.5404997579753388 6.402702068211509 4.2471840346697718 7.278768776450308 1.5026379702612755 1.3412676067091522 1.156606893520802 0.44608745910227299
leaf_count=33 37 20 27 35 673 32 269 297 570 67 640 86 16 133 108 207 40 25 59 9
internal_value=1.41847e-05 0.000325586 0.00766345 0.0206217 -0.00167128 -0.00268521 -0.0100587 0.00216569 0.00116928 -0.0274017 -0.00378977 0.0213978 -0.00343211 -0.0102763 -0.0173303 0.0269892 0.00299924 0.0297539 0.0346961 -0.0457972
internal_weight=128.464 127.597 27.2952 12.5908 100.301 97.7024 38.7706 58.9318 23.5344 15.2362 44.9977 13.9341 14.7045 12.1904 10.6499 11.1452 2.70987 2.5141 8.43538 0.867333
internal_count=3383 3341 670 361 2671 2634 938 1696 602 336 1313 383 309 257 241 326 60 52 266 42
is_linear=0
shrinkage=0.05


Tree=165
num_leaves=31
num_cat=0
split_feature=21 65 45 30 29 14 2 75 60 49 10 12 46 46 15 9 44 27 42 70 61 51 58 13 66 60 42 58 44 15
split_gain=0.805036 1.32873 1.17771 1.15782 2.27749 2.77531 2.36836 1.73673 1.66845 1.31209 1.1025 2.22784 1.49294 1.6541 1.52847 1.38722 2.3679 1.26979 1.34502 1.25859 1.62282 1.21105 1.20329 1.02944 1.1483 0.737268 0.334939 0.203165 0.0603912 0.00408138
threshold=-0.00049736631271762855 0.0051212294767676624 7654.8185398437236 -52.810105883216224 -32.432451691020098 -0.00074106365889364801 63912.085000000006 7.5000000000000009 0.00069166133502351445 0.43357373923957776 1.3965539168880882e-05 0.0014717103212895657 -0.18627184901714586 -0.35139063141375915 -0.001678752437688724 -0.00035751651954069036 4754.2730849999962 0.9869188169761739 14.18062633512813 0.91316172264428042 0.00062944693006112054 -0.23267434800009776 0.0010215655467143831 -0.0058604373188479433 0.93799967985698396 0.00045388332363823067 16.919731230659469 0.00056567326620785149 7688.4808499999972 -0.005447264971667031
decision_type=2 2 2 2 2 2 2 2 2 2 2 2 2 2 2 2 2 2 2 2 2 2 2 2 2 2 2 2 2 2
left_child=10 2 26 7 6 9 -5 -3 -7 -6 11 12 13 22 -15 16 -14 18 -12 25 -21 -17 -1 -9 -25 -20 -2 -8 29 -28
right_child=1 3 -4 4 5 8 27 23 -10 -11 17 -13 15 14 -16 21 -18 -19 19 20 -22 -23 -24 24 -26 -27 28 -29 -30 -31
leaf_value=-0.051980162923397272 -0.02078065323747488 -0.020113969229239248 -0.054964692747003309 0.012975318607971038 -0.011209035693714106 0.0017369278342371536 -0.039446567438960994 -0.013765203599769363 -0.023789110764026202 0.036332207384134882 0.039785299679033846 0.04687581231635779 0.042618068289945438 -0.0016184908621118804 0.038367726676196243 -0.026382609206630672 -0.044617434588950101 0.029163996603019299 -0.015221816001271255 -0.029626943691018294 0.049410623087247516 0.011127416910602461 0.055572979481936437 -0.0051921957969036942 0.05520030561200201 -0.040062480817649258 0.058176650774568156 -0.062068645913699608 0.076927547096220752 0.051193048394071766
leaf_weight=1.5010021070484079 0.1549450474558397 2.0030958806164554 0.30069789290428151 2.1655636345967642 1.7839944739826004 47.121694166446105 1.801468728110194 0.95161724463105191 7.4079298218712202 7.782667972613126 0.9053139407187708 2.3962256405502549 0.91204343736171978 4.7002744048368177 4.8619961009826538 3.2403431863058376 5.2884118463844061 1.4724225159734494 5.1325087873265129 1.3423441904596978 1.2581642428413031 6.4057226588483847 0.31455075368285168 0.98506437242031086 3.9165659351274371 7.1456759977154434 0.23990140110254365 2.2100930865854025 0.28137240651994933 1.6354769818717607
leaf_count=112 15 27 7 34 44 1268 28 9 165 147 10 26 14 175 98 120 270 16 117 26 17 186 4 14 91 157 2 22 3 159
internal_value=1.48549e-05 0.00304072 0.0381181 0.00186785 -0.000167301 0.00262704 -0.0291625 0.0200719 -0.00173082 0.0274667 -0.00519697 0.000655767 -0.00341242 0.0104057 0.0187128 -0.0133339 -0.0317857 -0.0152432 -0.0193857 -0.0229861 0.00861259 -0.00147309 -0.0333462 0.0338243 0.0430634 -0.0296786 0.050226 -0.0519098 0.0553272 0.0520864
internal_weight=127.619 80.7421 2.61239 78.1298 70.2734 64.0963 6.17713 7.85634 54.5296 9.56666 46.877 29.6206 27.2243 11.3778 9.56227 15.8465 6.20046 17.2564 15.784 14.8787 2.60051 9.64607 1.81555 5.85325 4.90163 12.2782 2.3117 4.01156 2.15675 1.87538
internal_count=3383 2035 186 1849 1708 1624 84 141 1433 191 1348 1005 979 389 273 590 284 343 327 317 43 306 116 114 105 274 179 50 164 161
is_linear=0
shrinkage=0.05


Tree=166
num_leaves=17
num_cat=0
split_feature=21 31 21 65 63 63 43 45 10 62 35 62 27 42 42 1
split_gain=0.746291 0.948205 0.789892 1.23911 1.23167 1.60493 1.42707 1.11236 1.00943 1.57009 1.58084 1.37351 1.16125 1.22991 0.301441 2.45066e-05
threshold=0.0073145346789116336 47.02557552918578 -0.00049736631271762855 0.0051212294767676624 0.0012987543289029373 0.0011777570243589951 78.378935440416726 7654.8185398437236 1.3965539168880882e-05 2.9173092330680082e-05 0.24378457154064923 1.5471851391870461e-05 0.9869188169761739 14.18062633512813 17.064729393558547 64929.740000000013
decision_type=2 2 2 2 2 2 2 2 2 2 2 2 2 2 2 2
left_child=1 2 8 7 5 -5 -6 14 9 11 -11 -1 13 -10 -4 -2
right_child=15 -3 3 4 6 -7 -8 -9 12 10 -12 -13 -14 -15 -16 -17
leaf_value=0.054827201756094526 0.050547435374955096 -0.042756199178036303 -0.01520973321789734 0.0075857345364854492 0.0022593096976612184 -0.030181432077879367 0.026886972933646676 -0.054723289758728512 0.038069433102294131 -0.044253829731377391 0.0071522724336480093 -0.053266278738307943 0.027914373085138767 -0.022181027394828631 0.055081617178870917 0.051133463992087694
leaf_weight=0.34235047595575752 0.33225248428061505 1.3000690694898356 0.164782324573025 5.1370470365509373 57.765317917976063 6.2177055791253224 6.5490953095722935 0.28726259805262078 0.89897877909243185 1.5898081948980713 25.221264221007004 2.0758079162333161 1.4617018308490521 14.654804058838634 2.0503561579389498 0.38524566637352109
leaf_count=5 38 13 16 222 1118 116 322 7 10 86 751 163 16 317 163 20
internal_value=1.36319e-05 -0.000276574 0.00016731 0.00323154 0.00208677 -0.013095 0.00476713 0.0378479 -0.00501244 0.000623821 0.00410406 -0.037963 -0.0146944 -0.0186987 0.0498527 0.0508621
internal_weight=126.434 125.716 124.416 78.1716 75.6692 11.3548 64.3144 2.5024 46.2447 29.2292 26.8111 2.41816 17.0155 15.5538 2.21514 0.717498
internal_count=3383 3325 3312 1964 1778 338 1440 186 1348 1005 837 168 343 327 179 58
is_linear=0
shrinkage=0.05


Tree=167
num_leaves=31
num_cat=0
split_feature=47 47 26 64 67 73 7 46 27 47 42 58 10 61 61 58 50 69 46 64 64 52 71 51 45 36 36 73 21 22
split_gain=0.727142 1.38482 1.63352 1.5349 1.32617 1.14614 1.40556 1.47717 0.968093 1.47209 1.36435 1.78493 1.3609 1.4144 1.18129 1.50148 1.18393 0.929966 0.778096 0.769634 0.743235 0.799015 0.707061 0.64948 0.990845 0.616627 0.494477 0.477519 0.442478 0.392126
threshold=0.53472974662360406 0.45619953672155994 0.48112344504518822 0.0033646480816741401 0.88386199469019699 8.5370223600121022 1.2285750000000004 0.032332012400849486 0.21172505186294685 0.57305042291063746 14.695736573031594 0.00042979155489937277 -0.0017743377048494711 0.00061967541144401686 0.00065422959716122323 0.00051523213287067585 0.84188854459779605 0.96797669994123936 -0.15234481048998635 0.0045033540960506208 0.0040651505076674489 0.64790315585307445 -0.00038386110108412636 -0.53566672013923256 6225.0617615052106 0.4838384067228626 0.16507030551406096 3.6060383092792243 0.00098919180514622806 -0.0027402213866828391
decision_type=2 2 2 2 2 2 2 2 2 2 2 2 2 2 2 2 2 2 2 2 2 2 2 2 2 2 2 2 2 2
left_child=1 2 3 28 20 8 -7 25 9 -2 11 -10 18 -14 15 -11 -16 29 -12 26 21 -4 -3 24 -24 -8 -5 -13 -1 -6
right_child=5 22 4 19 17 6 7 -9 10 14 12 27 13 -15 16 -17 -18 -19 -20 -21 -22 -23 23 -25 -26 -27 -28 -29 -30 -31
leaf_value=-0.047220091831991419 0.040268298153398982 -0.023200792058673998 -0.028659748018413079 -0.003073470724468931 0.0064098965968919178 0.038441181327957409 -0.037737152313607296 -0.059021426179476637 -0.023450136958804522 -0.0026846394119638115 0.04987372318018498 0.071726251816917816 0.0049834239738054519 -0.010056924260181448 -0.044563413299512147 -0.033798698030038106 0.010406311701032032 -0.017138592481435119 0.0066389378024833039 -0.024411238884341008 0.042715297852896267 0.022155961773818445 0.048114321025930537 0.043159207314125286 -0.015942108657029355 0.040355996076086968 0.048534820222097701 0.028794620610436129 -0.010448970166576468 0.05339838188041296
leaf_weight=3.0683828766923424 1.4304306693375135 0.661497052758932 2.5837851774413125 0.76684164628386531 0.52617319719865951 0.69689228408969839 0.4085746326018127 2.6426600678823888 1.0469349919585504 6.9480568468570736 2.0958643238991499 1.53701553423889 38.748670726432465 26.200753253418952 1.129830198828129 8.7737444704398495 7.3634198794607073 0.70366343669593323 2.0669527645222834 1.084851123858243 0.70110101473983366 1.1041426218580452 1.0363920039962979 4.1322373641887671 1.4459862764924762 0.66289778403006494 1.1758028105832634 1.1194368789438156 1.1155658869538454 2.8430036805802956
leaf_count=108 24 25 77 23 16 23 21 46 33 280 28 25 1108 525 26 254 124 27 52 41 40 49 30 111 44 29 26 29 30 109
internal_value=1.26428e-05 0.00806022 -0.000308341 -0.0177936 0.0145931 -0.00178267 -0.0267173 -0.0389432 -0.000665601 -0.00901976 0.00227671 0.0318431 0.000692395 -0.00108389 -0.0119313 -0.0200482 0.00309386 0.0351413 0.0284065 0.00932386 -0.00447469 -0.0134458 0.0260867 0.0310158 0.0108014 0.0105775 0.0281629 0.0536347 -0.0374158 0.0460601
internal_weight=125.822 22.9494 15.6733 7.21144 8.46187 102.872 4.41102 3.71413 98.4611 25.6455 72.8156 3.70339 69.1122 64.9494 24.2151 15.7218 8.49325 4.07284 4.16282 3.0275 4.38903 3.68793 7.27611 6.61462 2.48238 1.07147 1.94264 2.65645 4.18395 3.36918
internal_count=3383 756 546 228 318 2627 119 96 2508 708 1800 87 1713 1633 684 534 150 152 80 90 166 126 210 185 74 50 49 54 138 125
is_linear=0
shrinkage=0.05


Tree=168
num_leaves=31
num_cat=0
split_feature=23 27 27 47 47 26 67 64 38 32 76 61 32 2 45 30 44 60 6 22 63 21 45 71 65 11 9 73 72 76
split_gain=0.73694 1.29656 1.3098 0.848293 1.19977 1.23147 1.30831 1.27621 1.05948 2.04288 1.85291 2.39255 1.59335 2.77632 1.51804 1.44704 1.45851 0.951345 0.813068 0.80267 0.794397 0.775461 0.69496 0.689166 0.550068 1.00691 0.521961 0.449097 0.441485 0.301432
threshold=0.009808787735547388 0.54771171828086385 0.41910924248848308 0.53472974662360406 0.45619953672155994 0.48112344504518822 0.88386199469019699 0.0033339209991899996 65612.506951050673 66041.0528308621 25.500000000000004 0.00036660301387691363 65104.415147417501 64885.905000000006 7714.8273295617955 55.90597367375031 6238.1507450000026 0.00047119912436146356 3347.5000000000005 -0.00060121550690861436 0.0021450351442988164 -0.00024670536051318853 6816.7574588613306 -0.00038386110108412636 0.0053281786680842306 -0.0011152381803989917 -0.00075394311941223691 2.717755100148719 0.00068250844898170529 20.500000000000004
decision_type=2 2 2 2 2 2 2 2 2 2 2 2 2 2 2 2 2 2 2 2 2 2 2 2 2 2 2 2 2 2
left_child=3 2 26 4 5 7 18 28 12 -10 21 -12 13 14 -5 16 -14 -17 -7 -9 -8 -11 -15 -6 29 -26 -2 -28 -1 -25
right_child=1 -3 -4 8 23 6 20 19 9 10 11 -13 15 22 -16 17 -18 -19 -20 -21 -22 -23 -24 24 25 -27 27 -29 -30 -31
leaf_value=-0.045332860084397381 -0.013957401533123442 0.051627689573013329 -0.040187339908946532 -0.0030258486123344252 -0.02472124032561402 0.0091843500444939285 0.051038262195084588 -0.014100660610001012 0.049848940132326755 -0.054925954641172517 -0.03880975936987266 0.03780571011656586 0.029574108152467127 0.055278136140067539 -0.058983129161824459 -0.023115326693545511 -0.039156449711880349 0.029898670310616916 -0.037611248361427589 0.038895840445604853 0.0036088337771399272 0.006068884070039339 0.0040623538291219138 0.023941421376063175 -0.031150967882859357 0.032178685755192192 0.010132671584091908 0.060764690525837189 -0.0022030703443848276 0.055604318767509792
leaf_weight=2.827963830670345 0.71588930953294094 1.8763522905646821 1.2861385080032048 70.706392648862675 0.63465401111170638 2.8031424217624572 2.4691391778178517 1.6968156346119943 2.6879364200867695 1.7203256101347508 1.4142326393630353 3.6460521756671369 0.85678333370014836 2.5490339015377681 1.2331577441655088 1.5368783511221402 7.7891890769824386 1.8831708543002603 1.3877825082745401 1.2341034295968709 1.3741744006983934 0.74751648120582093 0.89489211328327645 1.170113529893569 0.85952203907072577 2.3266113947611302 0.83475608821026892 0.92133274860680103 0.75087842834182073 2.1019377820193768
leaf_count=96 9 165 22 1654 23 134 81 55 75 69 35 87 18 74 33 21 281 30 22 33 56 30 20 27 28 87 32 27 23 36
internal_value=1.322e-05 0.0176833 0.000735573 -0.000821312 0.0081363 -8.59536e-05 0.0130104 -0.0162492 -0.00280578 0.0124307 -0.00092963 0.0163935 -0.00458574 -0.00188557 -0.00398504 -0.0214553 -0.0323455 0.0060756 -0.00631154 0.00821424 0.0340799 -0.0364504 0.0419699 0.0249962 0.029882 0.0150943 0.0220272 0.0366968 -0.0362838 0.0442814
internal_weight=124.937 5.63447 3.75812 119.302 21.6368 14.544 8.03424 6.50976 97.6656 10.2161 7.52813 5.06028 87.4495 75.3835 71.9396 12.066 8.64597 3.42005 4.19092 2.93092 3.84331 2.46784 3.44393 7.09284 6.45818 3.18613 2.47198 1.75609 3.57884 3.27205
internal_count=3383 255 90 3128 701 500 293 207 2427 296 221 122 2131 1781 1687 350 299 51 156 88 137 99 94 201 178 115 68 59 119 63
is_linear=0
shrinkage=0.05


Tree=169
num_leaves=19
num_cat=0
split_feature=66 45 21 66 66 59 35 66 34 43 12 67 32 78 14 62 62 25
split_gain=0.704265 0.806843 0.792267 1.37012 2.67059 2.17898 1.96519 1.67467 1.64832 1.15205 2.45447 1.56089 1.45874 1.41714 1.10654 0.435854 0.217913 0.000408845
threshold=0.42832500662411516 4740.2509986648056 -0.00021426771200661052 0.77535546732442862 0.82339977033731959 0.00068387371481753545 0.64071063966710751 0.85811454186136149 66713.683250616377 35.701927360314741 -0.00016488880147902393 0.71349758011480768 66041.0528308621 0.91597561503675362 -0.0062559353799319086 0.00010416146767514165 0.00011616468151288423 37.498412738226527
decision_type=2 2 2 2 2 2 2 2 2 2 2 2 2 2 2 2 2 2
left_child=15 16 9 6 5 -5 8 -6 -4 13 11 -11 -12 14 -3 -1 -2 -15
right_child=1 2 3 4 7 -7 -8 -9 -10 10 12 -13 -14 17 -16 -17 -18 -19
leaf_value=-0.0024585125111476064 0.019394102207989351 -0.019473868126971113 0.04662649044162645 0.012597629278843978 0.045238546477339679 -0.061142439298500863 -0.027866473410388417 0.0023704980732247587 -0.045985678930918532 0.05271361175126274 0.0019799776442331494 -0.040773804326031143 -0.054522491061334714 -0.050818049389578526 0.0096311698265947598 -0.05605755677216398 0.06955859941766665 -0.052846958778906432
leaf_weight=0.65649657254107185 0.37909673503599961 3.8455471086781534 5.0778572955168775 1.5195118382107455 2.3769906366942442 2.9404456913471222 1.4263266748748717 54.849269985686988 0.53065504133701313 0.47489930223673837 16.90141684142873 7.4620040436275303 1.2251067431643594 0.78968897182494291 21.655967160826549 0.8982354982290417 0.50469846092164516 0.36217546090483665
leaf_count=33 30 139 223 68 105 19 21 1384 4 9 265 374 27 78 559 23 14 8
internal_value=1.51363e-05 0.000440167 9.37399e-05 0.00363093 0.00124676 -0.0360191 0.0245369 0.0041511 0.0378639 -0.0045173 -0.011992 -0.03518 -0.00183882 0.00279193 0.00524222 -0.033425 0.0480409 -0.051456
internal_weight=123.876 122.322 121.438 68.7211 61.6862 4.45996 7.03484 57.2263 5.60851 52.7168 26.0634 7.9369 18.1265 26.6534 25.5015 1.55473 0.883795 1.15186
internal_count=3383 3327 3283 1824 1576 87 248 1489 227 1459 675 383 292 784 698 56 44 86
is_linear=0
shrinkage=0.05


Tree=170
num_leaves=21
num_cat=0
split_feature=63 44 70 34 74 27 45 35 11 38 69 44 2 34 38 62 58 36 35 5
split_gain=0.695717 0.82262 1.55311 2.10106 1.50392 1.39604 1.2383 2.54757 1.88661 1.64003 2.00887 2.10763 1.95062 1.93429 1.57784 1.4961 1.39154 0.929744 0.357019 0.0165275
threshold=0.00071516619487227678 5214.3737200000005 0.9038388280143026 64511.002174980698 80.947360045953602 0.13011579079926289 5620.42334649444 0.43163687456034266 -0.00017317620274620579 63748.132438976631 0.92782847996500473 5669.1034349999854 63834.030000000006 63864.943337217468 64019.834754702715 4.1713953953218074e-05 0.00059703063954468243 1.0010973973907846 0.51589158439855065 398182.32813290006
decision_type=2 2 2 2 2 2 2 2 2 2 2 2 2 2 2 2 2 2 2 2
left_child=-1 2 3 4 5 -2 7 8 16 10 11 -8 15 -14 17 -11 -3 -9 -12 -10
right_child=1 6 -4 -5 -6 -7 9 14 19 12 18 -13 13 -15 -16 -17 -18 -19 -20 -21
leaf_value=-0.051581397464292855 -0.000553320887594299 0.023515297174486593 -0.021744762718005614 -0.048969551428821388 -0.031145126913104861 0.049442457532867856 -0.053632508717934915 -0.053239203172043836 0.042052280841992036 -0.063458008667185137 0.058465784906711199 0.014222300259473717 0.031361968643827051 -0.0015055207823057725 0.0087619605141086299 -0.012541892600501717 -0.055723161098411182 -0.0025066573510882295 0.023683848540175519 0.053167410342629721
leaf_weight=0.64994249097071488 1.8465427383780442 1.1040173892397436 2.5660393778234711 0.93547557573765594 0.89913683338090766 5.7261076914146543 1.3170679938048113 5.1649575573392195 0.42516841075848688 1.9996233391575504 2.617182109970599 8.7284382601501402 4.7707492238841942 72.554219954414293 1.7989831764716653 5.1805689472239465 1.1122926594689486 1.0944515217561273 1.0273952414281664 1.5672423419309778
leaf_count=32 23 38 33 28 26 133 40 107 24 35 61 253 202 2096 31 98 14 17 36 56
internal_value=1.26178e-05 0.000286502 0.012735 0.0221401 0.0299922 0.0372513 -0.00106282 -0.0160407 0.0154884 0.000808298 0.0168625 0.00532584 -0.00179253 0.000522318 -0.0325076 -0.0267216 -0.0162519 -0.0443687 0.0486609 0.0507955
internal_weight=123.086 122.436 11.9733 9.40726 8.47179 7.57265 110.462 12.2671 4.20872 98.1952 13.6901 10.0455 84.5052 77.325 8.05839 7.18019 2.21631 6.25941 3.64458 1.99241
internal_count=3383 3351 243 210 182 156 3108 287 132 2821 390 293 2431 2298 155 133 52 124 97 80
is_linear=0
shrinkage=0.05


Tree=171
num_leaves=29
num_cat=0
split_feature=68 50 28 68 42 62 57 42 21 31 59 62 21 66 54 34 44 59 46 21 66 14 69 41 74 26 21 66
split_gain=0.69788 1.33828 1.29092 1.17524 1.03526 1.01846 1.2796 0.93602 2.34295 1.87125 1.32859 1.25083 1.68192 2.80376 1.21352 1.13353 2.21303 1.36977 1.06801 0.915257 0.835594 0.751324 0.625082 0.530664 0.383498 0.0784833 0.0197082 0.0180845
threshold=-0.00029724006051001778 0.39820201267841288 0.89760441459828566 -0.00040584072120258824 10.753807173848855 4.0506849366929805e-05 0.0014885398685177485 23.659675920540597 0.0023304553898807483 14.244546826959064 0.00093235801159232779 3.8675402972255145e-05 0.0007516237261218085 0.94489480820980265 0.42000224357431487 65807.709984357978 7696.5439899999928 0.00050025867821753395 0.17117308345252666 -0.00047586584289599493 0.8901563854255824 -0.0025877099358981299 0.96565409645813449 40.891552393463549 19.239057448101487 0.83414449325691353 -0.00022071183233329791 0.42832500662411516
decision_type=2 2 2 2 2 2 2 2 2 2 2 2 2 2 2 2 2 2 2 2 2 2 2 2 2 2 2 2
left_child=1 24 3 5 -2 19 -7 8 9 10 -6 12 14 -14 -9 16 -13 -17 -11 -3 -5 -10 25 -22 -1 -4 -27 -23
right_child=4 2 22 20 7 6 -8 11 21 18 -12 15 13 -15 -16 17 -18 -19 -20 -21 23 27 -24 -25 -26 26 -28 -29
leaf_value=-0.054825294678333428 -0.061832523432929311 -0.019207432426993385 0.028776025978822957 -0.020412871488215675 0.008916654112870943 -0.011980248860637985 0.036502050475643269 -0.042878430981724197 -0.020976831632485985 -0.065066318077495078 -0.046429550726301096 -0.00081137775694607554 0.052612455266642794 -0.026460352038784208 0.010432385547203153 -0.015737365794975207 -0.04823517378928778 0.05479366875476277 -0.0053352808756862834 0.056848889981308881 -0.00094364067759965047 0.068981980794695294 -0.019826523213582026 0.045784682643031802 -0.0090963081601954428 0.062196793308358769 0.051980028667178969 0.053383681800477971
leaf_weight=0.97034439933486527 0.71381755592301388 0.56832786346785735 0.31834757584147144 0.74988030048552801 21.027171904570434 10.798049306729807 1.557235488668083 6.2239820894319546 0.37227373197674785 1.5399593450129025 1.143271043896674 51.674298921134323 1.8374447468086144 2.8753532734699547 1.2884480371139941 1.0918107677716755 2.5829596593976012 1.8629611078649757 1.4558702888898549 1.3012115290621353 0.74648188543505956 0.1994528174400324 0.34672475047409523 3.2650597265455872 0.86914235749281943 0.70969852060079675 1.4094394650892346 2.7186595121165738
leaf_count=19 12 23 20 35 565 245 38 209 4 17 46 1293 141 69 37 42 48 48 24 38 29 1 11 65 32 5 112 155
internal_value=1.24533e-05 0.00773395 0.0111942 0.00653175 -0.00183633 -0.000665366 -0.00586964 -0.00139885 0.00623844 0.00105075 0.0060626 -0.00452875 -0.0190461 0.00436887 -0.0337352 -0.00142663 -0.00306903 0.0287319 -0.0360391 0.0337283 0.0280332 0.0459161 0.0429889 0.0370893 -0.0332187 0.0519242 0.0554016 0.0544498
internal_weight=122.218 23.6099 21.7705 18.9862 98.6077 14.2248 12.3553 97.8939 28.4567 25.1663 22.1704 69.4373 12.2252 4.7128 7.51243 57.212 54.2573 2.95477 2.99583 1.86954 4.76142 3.29039 2.78421 4.01154 1.83949 2.43749 2.11914 2.91811
internal_count=3383 672 621 473 2711 344 283 2699 812 652 611 1887 456 210 246 1431 1341 90 41 61 129 160 148 94 51 137 117 156
is_linear=0
shrinkage=0.05


Tree=172
num_leaves=31
num_cat=0
split_feature=21 65 63 22 42 69 67 21 63 76 45 14 29 13 43 67 56 14 63 29 46 45 46 41 4 29 45 42 37 21
split_gain=0.692005 1.22505 1.03242 1.44629 1.75194 1.75843 1.36702 1.3142 1.11532 1.23172 0.99073 0.963312 2.53921 1.5804 2.34385 1.79955 1.54105 1.37883 1.10805 1.12768 0.969227 0.85892 0.765942 0.744404 0.689711 0.585578 0.503021 0.285105 0.233072 0.0546854
threshold=-0.00049736631271762855 0.0051212294767676624 0.0012987543289029373 -0.00052989247948681528 34.859059777249577 0.90737606942241122 0.82576633014073264 0.0033246318340278695 0.001346853631017219 36.500000000000007 7654.8185398437236 0.0027526172329245262 -5.9853798789954444 -6.5503529687538351e-05 35.701927360314741 0.72152107015690969 -0.0012704050742143281 0.0055991234529026998 0.0012639721532847639 11.51338340932489 0.064844448395467866 7663.2383448753071 0.0083841555574267253 55.964557503335257 23.513445000000004 44.75009169687474 6848.8428693911219 16.919731230659469 63624.416823189102 -0.00040045714657843673
decision_type=2 2 2 2 2 2 2 2 2 2 2 2 2 2 2 2 2 2 2 2 2 2 2 2 2 2 2 2 2 2
left_child=11 10 3 26 5 -5 21 -6 28 -10 27 12 13 14 16 -16 -1 20 19 -14 25 23 -15 -4 -20 -13 -3 -2 -8 -29
right_child=1 2 6 4 7 -7 8 -9 9 -11 -12 17 18 22 15 -17 -18 -19 24 -21 -22 -23 -24 -25 -26 -27 -28 29 -30 -31
leaf_value=-0.0058817992978240918 -0.018279621177572446 -0.021144501722781123 0.053172619423873392 0.041519259216114844 -0.0058238591872245837 -0.038642582501259286 0.019955927922453931 -0.064470406905514976 -0.0038678960874983723 0.011862445890395977 -0.054150180742194035 0.028830984301210363 0.029857391077880709 0.0066601557937905802 0.052548563602695719 -0.051955429948347821 0.024893097931776655 -0.024584351140788011 -0.054847449948847188 -0.038668009257498866 0.045512241017758109 -0.009053429120408709 0.063257502243742825 -0.013589558629606056 -0.0032647513265626898 -0.019253241203641396 -0.065770574417492719 0.077914158263409916 0.059041027219159208 0.051937167255165444
leaf_weight=17.906754359602935 0.14240972138941277 1.1599593488499516 2.8599392198375422 2.9090251418529065 3.21273389889393 0.89446885848883528 0.63329401006922015 1.3594611287117002 39.585227422765456 18.150478783063591 0.25653621740639199 1.1658691323827945 1.1440401449799531 1.1067218119278579 0.46505053387954731 3.6073748709168285 5.263545556459575 1.9161915415897963 4.377330872695893 1.263374359346926 2.747840179130435 1.0162970153614876 1.2999208308756349 0.48890706291422237 0.76064401050098229 1.3857527808286247 1.3859582412987945 0.22991207242012079 0.95904090907424688 1.7052979826694346
leaf_count=618 15 23 212 151 110 22 16 8 794 408 7 19 27 30 7 226 87 32 174 27 37 26 13 27 29 22 24 1 28 163
internal_value=1.47417e-05 0.00288307 0.00176724 -0.012436 -0.00240452 0.0226676 0.00420271 -0.0232614 0.00221579 0.00107728 0.0385523 -0.00495515 -0.00819861 -0.00160821 -0.00503925 -0.0400216 0.00110927 0.011764 -0.0340954 -0.00610369 0.0249069 0.0312076 0.0372306 0.0434258 -0.047211 0.00271706 -0.0454382 0.0499988 0.0434963 0.0550234
internal_weight=121.359 76.9489 74.6148 10.9216 8.37569 3.80349 63.6932 4.5722 59.328 57.7357 2.33416 44.4104 37.1948 29.6494 27.2427 4.07243 23.1703 7.21565 7.54539 2.40741 5.29946 4.36514 2.40664 3.34885 5.13797 2.55162 2.54592 2.07762 1.59233 1.93521
internal_count=3383 2035 1849 338 291 173 1511 118 1246 1202 186 1348 1238 981 938 233 705 110 257 54 78 265 43 239 203 41 47 179 44 164
is_linear=0
shrinkage=0.05


Tree=173
num_leaves=25
num_cat=0
split_feature=57 21 41 60 71 61 23 10 12 46 46 72 53 46 12 45 64 49 57 58 34 68 41 30
split_gain=0.693186 0.69638 1.21064 1.80331 1.21617 1.33428 1.08356 0.925528 1.96064 1.26764 1.45871 1.29969 1.0127 1.34981 1.25871 0.757042 1.2382 0.723107 0.625393 0.36501 0.338296 0.311478 0.153777 0.0189013
threshold=0.00012276494264133072 -0.00049736631271762855 22.701418017615705 0.00029738393794821537 -0.00068626972868268677 0.00031925675892533579 -0.0075210796895088241 1.3965539168880882e-05 0.0014717103212895657 -0.18627184901714586 -0.35139063141375915 0.00046462482512464197 0.4464504257956794 0.30704317782338775 -0.0023144470791532363 6821.5980289811678 0.0024142640865664109 1.4994931628147976 0.0001630656335328923 0.00044061820987163915 64850.194742209838 0.00014635468075407945 14.248687466707713 14.68300436329679
decision_type=2 2 2 2 2 2 2 2 2 2 2 2 2 2 2 2 2 2 2 2 2 2 2 2
left_child=21 7 6 19 17 -6 -3 8 9 10 -2 -11 13 14 -9 16 -14 -5 -8 20 -4 -1 -20 -17
right_child=1 2 3 4 5 -7 18 12 -10 11 -12 -13 15 -15 -16 23 -18 -19 22 -21 -22 -23 -24 -25
leaf_value=-0.015200688501180363 -0.033346850839471032 -0.052761541064482491 0.0062582331853110662 -0.0040623791641592431 -0.017762004495368685 0.0071361550350095551 -0.026290163119102639 0.024071773928138744 0.045456361680180836 0.010944310628973983 0.01781563223514996 -0.021992665142931116 0.040488143560927413 0.040908870489304278 -0.022440283644920039 -0.048432858274132809 -0.030173390855201345 -0.046937047146959815 0.012413766580009755 -0.058674816620735405 -0.053954664443644385 -0.07699339709950602 0.053160616788639009 -0.057514123899283613
leaf_weight=0.4102116534486403 1.6460405655670918 0.33600330539047751 0.57175066880881731 2.1576136620715256 5.9098523149732491 60.113599573844112 0.30327340902294908 1.8839017930440602 2.260866427794098 4.1819019326940188 9.0690790801309067 10.553738488815723 0.76529226824641128 1.4212879240512837 6.3826163518242556 1.2174289468675854 3.2646633426193148 1.8070774460211394 0.25528501044027541 1.3329069151077417 0.39403001125901937 0.40555684210266918 2.4904154176474549 1.0824137912131844
leaf_count=32 113 8 38 39 173 1473 16 40 26 148 271 440 16 13 127 43 87 21 29 16 8 10 181 15
internal_value=1.31088e-05 0.000326937 0.00322968 0.00186113 0.00329235 0.00490749 0.0324551 -0.00469615 0.000834129 -0.0031298 0.00995613 -0.0126453 -0.0142639 -0.00410161 -0.0118404 -0.0298174 -0.0167547 -0.0236043 0.0418462 -0.041715 -0.0183081 -0.0459207 0.0493721 -0.0527069
internal_weight=120.217 119.401 75.6718 72.2868 69.9881 66.0235 3.38498 43.7292 27.7116 25.4508 10.7151 14.7356 16.0176 9.68781 8.26652 6.3298 4.02996 3.96469 3.04897 2.29869 0.965781 0.815768 2.7457 2.29984
internal_count=3383 3341 2002 1768 1706 1646 234 1339 998 972 384 588 341 180 167 161 103 60 226 62 46 42 210 58
is_linear=0
shrinkage=0.05


Tree=174
num_leaves=30
num_cat=0
split_feature=68 50 28 68 42 62 4 70 70 46 21 45 37 13 16 39 25 63 46 23 21 66 13 52 69 74 25 26 21
split_gain=0.648403 1.21592 1.17494 1.06395 0.959937 0.930144 1.04256 0.923849 1.83653 2.20172 2.14862 2.28399 1.37809 1.09618 1.63455 1.79024 1.73465 1.35556 1.28812 0.918092 0.864932 0.727189 0.685813 0.682244 0.595741 0.377605 0.133222 0.0785687 0.0156635
threshold=-0.00029724006051001778 0.39820201267841288 0.89760441459828566 -0.00040584072120258824 10.753807173848855 4.0506849366929805e-05 28.671110000000002 0.71303599003812479 0.5666228974065235 0.032332012400849486 0.00016251337919570566 6950.7075921400174 66801.273187921397 -0.0023877375880236858 -0.00064320658859602013 64321.505297669741 30.16896198871844 0.0011777570243589951 0.11511321225596703 0.0058526209172746766 -0.0010836582466357545 0.8901563854255824 -0.0017144266407639328 0.24286258664219734 0.96565409645813449 19.239057448101487 46.871143517903057 0.8475256896297938 -0.00022071183233329791
decision_type=2 2 2 2 2 2 2 2 2 2 2 2 2 2 2 2 2 2 2 2 2 2 2 2 2 2 2 2 2
left_child=1 25 3 5 -2 20 -7 8 9 12 19 -12 -6 14 16 -16 -9 22 -19 -10 -3 -5 -15 -23 27 -1 -11 -4 -29
right_child=4 2 24 21 7 6 -8 13 10 26 11 -13 -14 17 15 -17 -18 18 -20 -21 -22 23 -24 -25 -26 -27 -28 28 -30
leaf_value=-0.054245745527834822 -0.060363343848264139 -0.022803923673845591 0.028395250053370354 -0.01902458618167141 0.0069609409271487914 -0.017548912535027297 0.012263095939924574 0.025167217043376447 -0.04699423881032827 0.021137885443285164 0.032551908664076971 -0.024738353943278724 -0.066218174277380623 -0.020909957938292843 -0.041023032246565651 -0.0029302386105776639 -0.043682276378557372 0.008747354878848276 -0.00715630311701546 0.0024918929663140109 0.054882356215386813 -0.013084557360941669 0.049633075759671852 0.04478528466686995 -0.019005862897433855 -0.0081418385784928927 0.053837948980140674 0.061305521391499133 0.051888679530721675
leaf_weight=0.92593182669952756 0.69435573858208854 0.49635029444471013 0.32082678168080714 0.71573427342809637 2.2007391051156477 7.1885827999794838 4.953451375477016 4.8296139698941287 6.1664172312011925 0.3662268137559298 2.9807602973887697 4.1783519380260259 0.90910510625690211 0.40508457715623114 5.5077487169764918 7.0099462941288948 1.1286436058580873 34.40126372576924 20.213222011225298 1.1052492507733402 1.2881012560101284 0.60271544754505191 2.3051315597258499 3.2860591667704284 0.34640404954552639 0.85350522701628506 2.0832534338114783 0.66744129359722193 1.3049909211113111
leaf_count=19 12 20 21 35 79 185 98 104 235 12 149 90 9 17 117 171 31 912 536 20 41 14 115 80 11 32 102 5 111
internal_value=1.10592e-05 0.00756484 0.0109014 0.0064558 -0.00178569 -0.000433122 -0.00538684 -0.00136108 -0.0109228 0.0134943 -0.0203293 -0.000885042 -0.0144316 0.00116054 -0.00943059 -0.019691 0.0121254 0.00457409 0.00286129 -0.0394726 0.0332737 0.0272916 0.0390893 0.0358161 0.0421108 -0.0321321 0.0489489 0.0513427 0.0550752
internal_weight=119.435 22.9501 21.1707 18.531 96.4851 13.9265 12.142 95.7908 19.9901 5.55932 14.4308 7.15911 3.10984 75.8007 18.476 12.5177 5.95826 57.3247 54.6145 7.27167 1.78445 4.60451 2.71022 3.88877 2.63966 1.77944 2.44948 2.29326 1.97243
internal_count=3383 672 621 473 2711 344 283 2699 696 202 494 239 88 2003 423 288 135 1580 1448 255 61 129 132 94 148 51 114 137 116
is_linear=0
shrinkage=0.05


Tree=175
num_leaves=31
num_cat=0
split_feature=59 22 6 35 63 21 45 21 42 41 21 5 23 18 47 74 59 59 64 70 54 11 15 45 27 9 10 12 56 58
split_gain=0.650273 2.3906 2.33982 2.33555 1.77566 1.50228 1.45982 1.41594 3.0844 2.47466 2.00681 1.58841 1.30688 1.22817 1.2032 1.11112 1.02918 0.878494 1.10443 0.861457 0.736893 0.566165 0.379097 0.28238 0.0902633 0.0493532 0.00793523 0.00716506 0.00293251 0.00178892
threshold=0.00042877896057281589 -0.0025794997088930956 4491.5000000000009 0.37987377393251315 0.0014587072589751823 -0.0019437419569583445 7663.2383448753071 0.0030466994526507922 31.658843887501497 54.275733247488567 0.0029858655547759798 1647432.6237777004 0.011566761411805128 0.0015936632203785719 2.8818796889727785 27.074834792024408 0.00095407617828453405 0.00041734668899138632 0.0031797578755496602 0.75397377774477414 -0.81630212139170144 -0.0020108781623494605 -0.0018251151767443294 6731.1231678866798 0.013697871050289025 -0.00077313737371392788 -0.0010955994703285008 -0.0011200198700961892 -0.00097996236201187644 0.00090939907653338301
decision_type=2 2 2 2 2 2 2 2 2 2 2 2 2 2 2 2 2 2 2 2 2 2 2 2 2 2 2 2 2 2
left_child=1 24 3 5 19 -3 -7 10 20 27 12 -11 14 -6 16 -13 -2 18 23 -5 -9 -14 -16 -4 -1 -26 -22 -10 -23 -28
right_child=7 2 17 4 13 6 -8 8 9 11 -12 15 21 -15 22 -17 -18 -19 -20 -21 26 28 -24 -25 25 -27 29 -29 -30 -31
leaf_value=-0.019037662471900821 -0.00047528460303420094 -0.050699260005362269 -0.054514633422209857 -0.051921073920013577 -0.053427555716909492 0.027869115615312984 -0.056809304842661106 -0.036566960873327219 0.058983972303028591 -0.050087190503890044 -0.072098824427701186 -0.043194501228866845 -0.012455476625875778 0.053254625355354517 0.01423106061924599 0.027118613882127503 -0.031757401911566008 -0.066385672609838908 0.048723597654725559 0.0068471165927835066 0.058218060582511326 0.05697385339264175 0.057596674558220498 -0.01466788046450046 -0.073631099511673459 -0.052232672176217604 0.051784436005098772 0.050999893026990185 0.051666808954680676 0.054324053989726923
leaf_weight=0.18866536603309514 76.261745992233045 0.72545705758967116 0.9433048788923768 2.9635439990088339 0.36202501319348801 10.199740573239975 0.5357040816452362 0.24038763344287861 0.37772387266159047 2.3972498676739633 0.96491158381104369 0.80349746812135014 0.41728958487510714 1.0588277573697267 0.94056740263477001 1.8683012332767246 2.7231717579998067 1.5308476248756049 0.49432593735400576 0.78975180676206935 0.68239127099513996 0.32334778644144568 1.0856785078067321 0.84103394532576203 0.30835159961134273 2.1363097920548166 2.9921476988820346 1.0973900360986588 1.3349685940192997 0.90258506499230851
leaf_count=27 1703 78 17 75 8 461 13 3 3 35 9 13 4 63 18 52 98 14 36 28 6 4 22 42 13 147 183 112 79 17
internal_value=1.10902e-05 -0.00752041 -0.00174491 0.00634967 -0.0215335 0.0189378 0.0236436 0.00183275 0.0183996 -0.00395253 -0.000406663 -0.0205389 0.000425919 0.0260726 -0.000577823 0.00597315 -0.0015538 -0.0370917 -0.0174114 -0.0395553 0.0487629 0.0396021 0.0374667 -0.0357332 -0.0523601 -0.0549317 0.0532444 0.0530443 0.0527016 0.052373
internal_weight=118.491 23.0779 20.4446 16.6351 5.17415 11.4609 10.7354 95.4134 11.3617 6.54416 84.0517 5.06905 83.0868 1.42085 81.0112 2.6718 78.9849 3.80951 2.27866 3.7533 4.81751 2.07561 2.02625 1.78434 2.63333 2.44466 4.57712 1.47511 1.65832 3.89473
internal_count=3383 1022 835 726 174 552 474 2361 424 215 1937 100 1928 71 1841 65 1801 109 95 103 209 87 40 59 187 160 206 115 83 200
is_linear=0
shrinkage=0.05


Tree=176
num_leaves=26
num_cat=0
split_feature=14 25 51 74 35 21 14 30 26 33 21 58 30 45 72 79 66 76 29 10 22 37 45 21 10
split_gain=0.65785 0.766285 1.37126 1.44755 2.10904 1.46233 1.23907 1.7124 1.85226 1.9375 1.46537 2.17978 2.83449 1.41496 1.36771 1.35161 1.31287 1.12625 1.35088 1.07844 0.728996 0.0817774 0.0399971 0.00855586 0.000221613
threshold=-0.013041542139009986 34.110424620246157 -0.66055662748771893 90.578712807331172 0.72453656890209228 0.0037744830383615873 -0.00028658168936790401 5.6712012249247463 0.91211230564431511 64326.313500000011 -0.00062000329375377905 0.00075542867447615585 -51.528523029520855 7714.8273295617955 0.0002233787814495365 -0.9159756150367534 0.77973326427932055 10.500000000000002 -16.457362244411339 -0.00065100151265212725 0.00083796927776191865 64100.897809482754 5821.0161885613188 1.0000000180025095e-35 0.00019416486142576075
decision_type=2 2 2 2 2 2 2 2 2 2 2 2 2 2 2 2 2 2 2 2 2 2 2 2 2
left_child=-1 2 22 4 5 -4 10 8 16 -10 17 14 -13 15 -12 -9 -8 21 -19 -6 -15 -3 -2 24 -24
right_child=1 6 3 -5 19 -7 7 13 9 -11 11 12 -14 20 -16 -17 -18 18 -20 -21 -22 -23 23 -25 -26
leaf_value=0.043754594678417615 -0.03621750055713633 -0.029851369653210665 -0.01472137673166315 -0.062415621566521612 0.035309514976301852 0.044623972374221214 0.011024635764127128 -0.014806358939126411 0.036690639331120788 -0.019040371297758717 -0.012165458358947143 0.037801010078852892 -0.040246565721082303 -0.057701170886521526 0.039548813383863089 0.0094369212940239276 -0.034744580619176187 0.01103964831963747 -0.035936014598916419 -0.01568139931179717 -0.0058726345292656945 -0.053757352412349795 -0.050810716597252351 -0.059546185862456247 -0.05262664305970547
leaf_weight=0.85326875001191993 0.34048454649746673 0.62417716160416847 16.414407282718468 1.0452375677414227 4.5326284030452371 1.108107570093124 1.8745571788167605 6.8863034758251152 2.8863077209098256 3.3925607340643182 1.4735471724998195 1.9975000829435883 2.7856020936742416 1.3589747953228646 9.6609814456896839 34.817214019538369 9.5437111306237039 9.1273396261967701 1.8387231298256654 1.3445116644725192 1.3548893441911785 0.83803651062771678 0.41023231716826536 0.64656547456979752 0.28454824350774288
leaf_count=14 12 12 655 27 68 13 79 178 137 107 40 62 40 26 272 1040 156 220 62 38 40 29 42 5 9
internal_value=1.17372e-05 -0.000308405 -0.0078511 -0.00484652 -0.00227497 -0.0109684 0.00187007 -0.00208302 -0.0152353 0.00657839 0.0105325 0.0205778 -0.00765265 0.00315721 0.0327049 0.00543374 -0.0272306 -0.00233314 0.00316305 0.0236443 -0.0318259 -0.0435526 -0.0515219 -0.0554067 -0.0515544
internal_weight=117.44 116.587 26.1267 24.4449 23.3997 17.5225 90.4604 62.1145 17.6971 6.27887 28.3459 15.9176 4.7831 44.4174 11.1345 41.7035 11.4183 12.4283 10.9661 5.87714 2.71386 1.46221 1.68183 1.34135 0.694781
internal_count=3383 3369 869 801 774 668 2500 1763 479 244 737 414 102 1284 312 1218 235 323 282 106 66 41 68 56 51
is_linear=0
shrinkage=0.05


Tree=177
num_leaves=19
num_cat=0
split_feature=63 64 59 67 45 22 21 76 42 21 47 41 62 63 28 11 11 43
split_gain=0.627555 0.82522 0.640198 2.29474 2.2055 2.16902 1.31139 3.4718 3.12729 1.80735 1.28029 0.690739 0.240335 0.226686 0.104472 0.00786975 0.00129895 0.000138247
threshold=0.00071516619487227678 0.0014619917074448028 0.00042877896057281589 0.90653516630912512 7637.9123120322829 -0.0025794997088930956 0.0030466994526507922 34.500000000000007 31.658843887501497 0.0029858655547759798 2.8818796889727785 26.21260536947959 4.2329994321047056e-05 0.0015247152489671768 0.82828512794195575 -0.0010979290548662199 -0.0018564762153108203 33.944813095757645
decision_type=2 2 2 2 2 2 2 2 2 2 2 2 2 2 2 2 2 2
left_child=-1 12 3 4 5 -3 9 8 -8 10 -4 -5 -2 -6 -13 -9 -14 -18
right_child=1 2 6 11 13 -7 7 15 -10 -11 -12 14 16 -15 -16 -17 17 -19
leaf_value=-0.051255522402523658 0.00151386233412046 -0.048284935594687925 -0.00066751313779561618 -0.0075729421362544236 -0.028501637777289892 0.010833757048980588 0.043435968037660477 0.058133738670167891 -0.029251616571776658 -0.069775168701457668 0.042631507379447313 -0.069474099465232711 0.055371131333162377 -0.066758418931183131 -0.048879946072603431 0.05198859913902254 0.052317655539930688 0.050815033374972889
leaf_weight=0.59389423520769824 0.29900761297903844 1.7323058369802389 79.357324906392023 0.86216613010037635 0.57577486545778711 14.865431174868718 2.2296003797091526 0.60637766495347012 4.3998502742033452 0.93166577164083619 1.7447720558848221 1.2796054212376478 0.33914183080196381 1.1823347765021024 1.1871286949608473 3.7002735213609412 0.28720470517873764 0.32775606645736843
leaf_count=32 26 145 1858 28 39 675 103 6 96 9 39 29 4 20 14 219 7 34
internal_value=1.07081e-05 0.000273389 -0.000167671 -0.00790383 -0.000977189 0.00466354 0.00163675 0.0179008 -0.00480551 -0.000531451 0.000263991 -0.0460979 0.0406286 -0.0542295 -0.0595631 0.0528538 0.0528868 0.0515168
internal_weight=116.502 115.908 114.655 21.6847 18.3558 16.5977 92.9699 10.9361 6.62945 82.0338 81.1021 3.3289 1.25311 1.75811 2.46673 4.30665 0.954103 0.614961
internal_count=3383 3351 3280 950 879 820 2330 424 199 1906 1897 71 71 59 43 225 45 41
is_linear=0
shrinkage=0.05


Tree=178
num_leaves=16
num_cat=0
split_feature=66 45 21 79 35 21 22 69 41 52 62 46 41 56 46
split_gain=0.616403 0.730219 0.663115 1.66836 1.82063 0.982072 1.00697 2.80973 1.47791 0.807765 0.394636 0.200483 0.161825 0.00460512 0.00165468
threshold=0.42832500662411516 4740.2509986648056 -0.0034922542918503492 -1.0000000180025095e-35 0.50003405913669097 -0.0031041730815166697 -0.0060198657627308907 0.97798567242909129 86.676941992146368 0.39874671776624165 0.00010416146767514165 0.012327074384869173 59.914391768098746 0.0011775858694921567 0.25184916219825765
decision_type=2 2 2 2 2 2 2 2 2 2 2 2 2 2 2
left_child=10 12 3 4 14 -4 7 -7 -8 -6 -1 13 -2 -5 -3
right_child=1 2 5 11 9 6 8 -9 -10 -11 -12 -13 -14 -15 -16
leaf_value=-0.0021816715667265694 0.022904755458990796 -0.051170036335921598 0.033157248296196186 -0.051266438925716022 0.024461783383032835 -0.044505642790558742 0.00097064418800915479 0.05394080239110282 0.053676545523056951 -0.0068752151783624503 -0.05543026460807652 -0.010181924221468876 0.068299172385128087 -0.05716449335579641 -0.055387997968252722
leaf_weight=0.60705777630209812 0.35290835448540647 1.2230796441435803 2.3794885235838583 1.8114346119109539 3.8522924233693612 3.3366456357762209 93.331721913709771 0.92589688394218672 1.3492802726104844 4.4111574315465987 0.81521869776770473 0.32304609683342267 0.4424918070435524 0.40493181347846974 0.28709208033978928
leaf_count=33 36 112 33 135 77 124 2606 22 40 110 23 16 8 4 4
internal_value=1.09441e-05 0.000417543 8.33802e-05 -0.0108733 -0.00149179 0.00141486 0.000651489 -0.0231214 0.00172175 0.00773361 -0.0327026 -0.0469805 0.0481583 -0.052344 -0.0519719
internal_weight=115.854 114.431 113.636 12.313 9.77362 101.323 98.9435 4.26254 94.681 8.26345 1.42228 2.53941 0.7954 2.21637 1.51017
internal_count=3383 3327 3283 458 303 2825 2792 146 2646 187 56 155 44 139 116
is_linear=0
shrinkage=0.05


Tree=179
num_leaves=17
num_cat=0
split_feature=67 67 60 63 43 56 58 9 24 18 77 62 46 37 25 9
split_gain=0.616822 0.964391 1.8315 1.27547 0.800232 0.818526 2.56237 1.30184 0.792474 0.776262 0.774939 0.361037 0.19476 0.140017 0.0979855 0.0549299
threshold=0.96077664171744948 0.94077660854189937 0.00058899658516845606 0.0038641706047626897 92.085489429049105 0.0041522162402710507 0.00080578296879904034 0.00079694103731586818 43.238795200726067 0.0038426676160855382 3.5000000000000004 6.074338840920434e-05 0.10289623043409203 64555.205504925027 43.241078798613607 -0.00018497040067144696
decision_type=2 2 2 2 2 2 2 2 2 2 2 2 2 2 2 2
left_child=1 3 9 4 5 7 -7 -1 -4 -3 12 -10 -6 -5 -13 -15
right_child=-2 2 8 13 10 6 -8 -9 11 -11 -12 14 -14 15 -16 -17
leaf_value=-0.0027897151358848237 -0.047715542123287345 0.010713844637080078 -0.0071098805471655358 0.075587507491817335 0.0048355635015500725 0.033401067976080293 -0.040984624889592113 0.015552285929806118 0.023720003629282973 -0.057884825592203051 -0.03203964370480377 0.077127955140959881 0.053354375903613055 0.021418412614061039 0.054534791575626899 0.051197652312799727
leaf_weight=89.610152904933784 0.67310394067317147 0.83489147387444862 0.72483034152537618 0.43230420164763816 0.24456187733448942 1.6064841428305943 4.1444125596899539 10.844704592600463 0.86934453994035754 0.81494259089231491 0.39964377274736751 0.70584517717361484 1.3406929379561914 0.26672860700637102 1.4991574292071161 0.36919685476459563
leaf_count=2633 13 36 26 5 18 74 59 301 12 9 17 4 93 10 43 30
internal_value=8.61959e-06 0.000288664 0.0208177 -0.000735172 -0.00127197 -0.00185984 -0.0202054 -0.000809586 0.0399202 -0.0231708 0.0301829 0.0510084 0.0458692 0.0536324 0.0617671 0.0387072
internal_weight=115.381 114.708 5.44901 109.259 108.191 106.206 5.7509 100.455 3.79918 1.64983 1.9849 3.07435 1.58525 1.06823 2.205 0.635925
internal_count=3383 3370 130 3240 3195 3067 133 2934 85 45 128 59 111 45 47 40
is_linear=0
shrinkage=0.05


Tree=180
num_leaves=16
num_cat=0
split_feature=14 23 62 76 42 7 74 58 60 59 14 82 26 12 76
split_gain=0.596692 1.10984 1.12715 1.17176 1.00411 0.791941 1.13331 0.977503 0.702179 0.523229 0.0332221 0.0221921 0.00513059 0.000892346 6.82154e-05
threshold=-0.013041542139009986 -0.016135671453120001 0.00022921988763948295 20.500000000000004 61.90571010761613 25.305655000000005 11.631510563659619 0.00083053608153781122 0.00051419551232168622 0.00093429952839152637 -0.01143891963402288 1.0000000180025095e-35 0.47239346579935743 0.00030567843900219943 55.500000000000007
decision_type=2 2 2 2 2 2 2 2 2 2 2 2 2 2 2
left_child=-1 8 4 -4 5 7 -7 -3 10 -10 -2 -5 -13 14 -12
right_child=1 2 3 11 -6 6 -8 -9 9 -11 13 12 -14 -15 -16
leaf_value=0.042135206745076509 -0.070295641267048473 0.0003034632124571361 -0.011674402122726883 0.06229221441099634 0.06013434566670961 -0.020656224365873097 0.023715483397085187 -0.012411993788803777 0.051567632834154026 -0.040090366115850186 -0.050751560059817971 0.054042484474124124 0.047154827781312775 -0.054263692342867299 -0.051783543951867461
leaf_weight=0.83452415745705266 0.30965048167854559 81.670870435365941 1.0095491316169494 0.72297337651252735 0.67998050898313422 1.8452229900285582 6.5375179429538548 18.546925046248361 0.32535999617539335 0.29859209945425391 0.63893274753354401 0.6139022074639795 0.48317042272537947 0.27995235100388527 0.21368618961423635
leaf_count=14 3 2568 36 5 9 43 198 338 21 23 68 11 34 4 8
internal_value=9.7818e-06 -0.000298117 0.000371112 0.0315276 -0.000435622 -0.000814868 0.0139483 -0.00204974 -0.0366103 0.00770472 -0.0557824 0.055491 0.051009 -0.0518144 -0.0510102
internal_weight=115.011 114.176 112.11 2.8296 109.281 108.601 8.38274 100.218 2.06617 0.623952 1.44222 1.82005 1.09707 1.13257 0.852619
internal_count=3383 3369 3242 86 3156 3147 241 2906 127 44 83 50 45 80 76
is_linear=0
shrinkage=0.05


Tree=181
num_leaves=31
num_cat=0
split_feature=47 47 26 64 67 57 57 33 32 61 67 13 28 51 69 69 60 6 69 6 17 66 64 51 45 68 80 28 36 49
split_gain=0.626212 1.12931 1.28271 1.28894 1.05525 0.898074 1.22148 1.36979 1.11494 1.4923 1.79652 1.00293 0.994552 1.44968 1.32692 0.934694 0.812837 0.932853 0.761259 0.743148 0.922439 0.655626 0.648168 0.547639 0.547134 0.413806 0.516776 0.39323 0.392387 0.288841
threshold=0.53472974662360406 0.45619953672155994 0.48112344504518822 0.0033646480816741401 0.88386199469019699 0.0015442346023439399 0.001119586701606899 63231.630250000009 65767.331579675505 0.000398751799327124 0.87337021868878784 0.00014103992715031047 0.23074641182979874 0.96562896008240928 0.2522770181918691 0.93610108427994254 0.00061076601016209773 5754.5000000000009 0.96797669994123936 3347.5000000000005 0.00034640675667541038 0.8556179782286073 0.0045033540960506208 -0.55273896068914585 6225.0617615052106 1.1129587556113487e-05 0.6078576107927941 0.38392676288098743 0.16507030551406096 0.55040003079874134
decision_type=2 2 2 2 2 2 2 2 2 2 2 2 2 2 2 2 2 2 2 2 2 2 2 2 2 2 2 2 2 2
left_child=1 2 3 25 19 6 8 -8 12 10 -10 -11 13 -2 -14 -7 21 -18 -6 20 -4 -9 28 24 -3 26 -1 -26 -5 -25
right_child=5 23 4 22 18 15 7 16 9 11 -12 -13 14 -15 -16 -17 17 -19 -20 -21 -22 -23 -24 29 27 -27 -28 -29 -30 -31
leaf_value=-0.036916303207008817 -0.0032740819556518887 0.033453693532635949 -0.019163818816412909 -0.00044359761372476264 0.044630735991660966 0.052781115034650189 0.044906462147253828 0.00047770100327951964 -0.045015853096368352 0.010534213156664982 0.041417304416969287 0.049189044085030387 -0.027927123820211119 -0.032392484455847408 0.002740911791811719 -0.010667028361065319 0.035741731957327279 -0.037488462377107068 -0.015774257333390589 -0.035161538603616309 0.04020282834968944 -0.046993503848593222 -0.023299483789178177 0.048560634321547912 -0.044632148805162752 -0.04844504592111358 0.026112169352144367 0.010722683108917434 0.047674946936406656 0.022497480223034782
leaf_weight=0.89835218491498581 13.594915118068458 0.97655012202449176 1.2734937862260274 0.71900499775074456 2.9062323234975342 1.4980192105285817 0.69777353899553318 0.87987904530018557 1.7954103533411383 3.7390360350254923 0.90383638627827156 3.0442864943761379 3.7877090584952375 6.2346848936285815 51.255268541630358 0.94766436237841833 0.9116923129186032 0.83152699377387762 0.63567242003045965 1.278656498994678 1.3457954474724827 4.1953756117727607 0.95503585273399938 2.1544976403238243 0.62468468607403316 2.3250442198477685 0.50974825723096728 0.65958462422713637 1.031450859736651 2.0983600819017738
leaf_count=43 391 33 43 23 125 27 19 24 68 96 30 97 83 199 1445 36 22 19 27 22 101 71 41 47 22 72 23 22 26 86
internal_value=1.02965e-05 0.00795531 -0.000105648 -0.0164455 0.0140353 -0.00170748 -0.00250354 -0.0218178 -0.000782591 0.0153699 -0.0160739 0.0278821 -0.00282829 -0.0124293 0.000630532 0.0281959 -0.028646 0.000810451 0.0337897 -0.00391482 0.0113389 -0.0387636 0.00983318 0.0251306 0.0052462 -0.0354902 -0.0140993 -0.0162026 0.0279101 0.0357011
internal_weight=114.709 20.3922 13.8785 6.43864 7.43985 94.3171 91.8714 7.51625 84.3551 9.48257 2.69925 6.78332 74.8726 19.8296 55.043 2.44568 6.81847 1.74322 3.5419 3.89795 2.61929 5.07525 2.70549 6.51368 2.26082 3.73314 1.4081 1.28427 1.75046 4.25286
internal_count=3383 756 546 228 318 2627 2564 155 2409 291 98 193 2118 590 1528 63 136 41 152 166 144 95 90 210 77 138 66 44 49 133
is_linear=0
shrinkage=0.05


Tree=182
num_leaves=21
num_cat=0
split_feature=57 74 20 6 41 21 62 53 21 42 7 74 74 6 9 69 21 68 70 11
split_gain=0.602195 0.612691 1.28269 1.24736 1.31806 1.20121 1.66067 1.36877 1.19305 1.14949 1.44291 1.11857 1.0879 1.08615 0.759887 1.11675 0.893088 0.303841 0.229887 0.00112825
threshold=0.00012276494264133072 47.419934808692325 -0.010367814933541218 4491.5000000000009 71.360214661019299 -0.0034922542918503492 0.00012972869933680417 0.32182626920633478 -0.0031041730815166697 22.741529647510742 14.685390000000002 25.994304896574093 52.459014771086238 6171.0000000000009 -0.00052113522956598313 0.9397361473294229 -0.00021426771200661052 0.00014635468075407945 0.91858316497719905 0.0013447729465256855
decision_type=2 2 2 2 2 2 2 2 2 2 2 2 2 2 2 2 2 2 2 2
left_child=17 2 -2 4 14 6 19 -8 -7 18 12 -10 -11 -12 15 -3 -16 -1 -5 -4
right_child=1 3 5 9 -6 8 7 -9 11 10 13 -13 -14 -15 16 -17 -18 -19 -20 -21
leaf_value=-0.012515393354404911 0.034818343482777729 -0.024873500537234448 -0.051225825672766324 0.017798352946030421 -0.028051512454904504 0.036199814919212925 -0.057230690749959692 0.014647891811015593 0.0028050970607374163 0.018862922269959174 0.052491260462635497 -0.0095537418269073179 -0.033811797111583691 -0.0018985389918161598 0.015409305416713669 0.044980929582310397 0.050226318526291593 -0.075955675181023877 0.054651093797931233 -0.054620350013016572
leaf_weight=0.37440800841431965 2.3520068200305095 1.507131120655685 2.6172885135747488 0.89058877062052377 1.2791602960787702 2.110304174013435 0.85161680914461646 2.9797637918964028 48.065654074249323 1.2006543637253324 1.227186079137027 29.57250652986113 5.3390674099791795 3.6420862493105233 3.4724595022853455 0.92226550518535066 3.9222497005248478 0.38058970239944756 0.80628122948110104 0.2700435947626828
leaf_count=32 37 40 219 31 35 31 12 68 1516 18 33 783 117 101 97 20 169 10 9 5
internal_value=1.09214e-05 0.00030821 -0.0016137 0.00735938 0.0196899 -0.0026047 -0.0229083 -0.00132886 -0.000894144 -0.00308706 -0.00879777 -0.00190241 -0.024141 0.0118091 0.0259062 0.00164515 0.0338767 -0.0444952 0.0353092 -0.0515433
internal_weight=113.783 113.028 88.8192 24.2091 11.1033 86.4672 6.71871 3.83138 79.7485 13.1059 11.409 77.6382 6.53972 4.86927 9.82411 2.4294 7.39471 0.754998 1.69687 2.88733
internal_count=3383 3341 2671 670 361 2634 304 80 2330 309 269 2299 135 134 326 60 266 42 40 224
is_linear=0
shrinkage=0.05


Tree=183
num_leaves=31
num_cat=0
split_feature=23 42 45 47 22 74 38 60 15 34 45 67 45 58 45 47 25 70 74 68 14 32 64 70 70 34 15 7 59 64
split_gain=0.623122 1.31182 0.7379 0.720861 1.05018 1.0612 1.00926 1.73206 1.52054 1.30324 1.34424 0.970101 0.94277 0.92868 0.815682 0.771063 0.933802 0.734511 0.823111 0.695912 0.851705 0.644063 0.556752 0.672381 0.469503 0.464915 0.582028 0.461026 0.372924 0.270828
threshold=0.009808787735547388 46.412461253802924 5707.782253163562 0.53472974662360406 0.00088485599970855599 21.197600286948539 65612.506951050673 0.0005149976560856075 0.0029495001374334477 65032.262062835121 7714.8273295617955 0.80475096734596774 7621.4321808038767 0.00073289641828191466 7654.8185398437236 0.3781098646948684 31.864913466967419 0.81016220731984301 9.8279815681354297 0.00052499691061180808 0.0021995850284837197 62995.780705169374 0.0018538402750168362 0.90903055265074328 0.6792264918349894 66005.344560977799 -0.0030573097990708171 3.0600800000000006 0.00081665126350355009 0.0033585233637138832
decision_type=2 2 2 2 2 2 2 2 2 2 2 2 2 2 2 2 2 2 2 2 2 2 2 2 2 2 2 2 2 2
left_child=3 21 -3 4 5 17 9 8 12 10 11 -5 -8 -10 22 16 -7 27 -19 20 -11 -2 23 -6 -17 -9 -27 -1 -24 -23
right_child=1 2 -4 6 14 15 7 25 13 19 -12 -13 -14 -15 -16 24 -18 18 -20 -21 -22 29 28 -25 -26 26 -28 -29 -30 -31
leaf_value=-0.010191233507909092 -0.027818698703078466 0.026628159564594734 -0.035199692134141744 0.020968988336891804 -0.035475288515345711 -0.050201418205826853 0.0072119201730379452 0.059271882847086899 0.036193040460070977 -0.03932067541295306 -0.057596666405007685 -0.0036046196869520958 -0.053438444752927639 -0.022749007955275402 -0.029089610692614554 -0.016825444249967032 0.0083473802206111662 0.045435662301313823 -0.023652312751090671 -0.073655530071496569 0.017673751780550685 0.0028377599028014677 0.044725340320872241 0.03458430076396532 0.030547575682410455 0.052695087105969846 -0.028312899554839545 -0.05084308877017174 -0.0020706127666449271 0.052718407245614864
leaf_weight=1.159529631375338 0.32429462345316951 0.75208431831561062 1.346698399283923 4.2576733847381538 0.62238555878866353 0.91786556912120287 1.0493857886176541 1.9422746428754183 2.4988454056438063 2.1289661399787292 1.1117500017862756 70.82538228132762 1.6453646686859427 0.91223956085741509 0.63468946726061393 0.60257882671430696 2.6391829892527312 0.76128903753124155 0.99403332197107375 0.81824073661118735 0.94708572141826142 0.30829469510354135 3.831905736355111 0.76146514760330319 3.9612024109810591 0.48543882835656404 0.40816981345415104 1.7500790471676735 0.47895228257402767 2.3194846606929787
leaf_count=66 8 28 33 221 28 34 75 40 59 128 33 1700 66 16 21 21 88 14 42 18 31 37 197 20 114 16 24 43 13 149
internal_value=1.08065e-05 0.0171765 -0.0130441 -0.000790903 0.00801901 -0.000226767 -0.00268242 0.0132499 -0.00174741 -0.00446121 -0.00301927 -0.00221114 -0.0298201 0.0204299 0.024676 0.0106909 -0.00676063 -0.0192324 0.00631137 -0.0326739 -0.0217727 0.038662 0.0306683 0.00307507 0.0242927 0.04554 0.0156934 -0.0346426 0.0395261 0.0468663
internal_weight=113.197 5.05086 2.09878 108.146 19.1152 12.7858 89.0308 8.94172 6.10584 80.0891 76.1948 75.0831 2.69475 3.41108 6.3294 8.12083 3.55705 4.66493 1.75532 3.89429 3.07605 2.95207 5.69471 1.38385 4.56378 2.83588 0.893609 2.90961 4.31086 2.62778
internal_count=3383 255 61 3128 701 422 2427 296 216 2131 1954 1921 141 75 279 257 122 165 56 177 159 194 258 48 135 80 40 109 210 186
is_linear=0
shrinkage=0.05


Tree=184
num_leaves=27
num_cat=0
split_feature=21 65 30 29 14 61 15 82 62 41 45 31 26 58 29 43 56 50 14 6 65 30 42 21 26 15
split_gain=0.58875 1.11074 1.02444 3.12268 2.14916 1.52919 1.45933 1.21867 0.969524 1.39235 0.936024 0.820008 1.10681 1.22902 1.01602 1.8451 1.81691 0.844595 1.05872 1.18423 0.451272 0.308588 0.273784 0.0446459 0.0422691 0.00238182
threshold=-0.00049736631271762855 0.0051212294767676624 -45.464836706537817 -32.432451691020098 -0.00035558513439770673 0.00078935341637182365 -0.0001192654265064763 1.0000000180025095e-35 9.6051832891202736e-05 80.082306664335206 7654.8185398437236 29.111007913251772 0.63752589074165067 0.0011101755469536689 -19.964952729751527 56.670443695497205 -0.0012135678424041998 1.8960976719705096 -1.0000000180025095e-35 3197.0000000000005 0.0054535704441568767 -39.204926906232309 11.4951171576649 -0.00040045714657843673 0.88394271057931983 -0.005447264971667031
decision_type=2 2 2 2 2 2 2 2 2 2 2 2 2 2 2 2 2 2 2 2 2 2 2 2 2 2
left_child=11 10 7 21 5 -5 -6 -3 20 -10 22 12 13 14 16 -16 -1 18 19 -14 -9 -4 -2 -24 -20 -25
right_child=1 2 3 4 6 -7 -8 8 9 -11 -12 -13 17 -15 15 -17 -18 -19 24 -21 -22 -23 23 25 -26 -27
leaf_value=-0.0033072874201095304 -0.033277136992091373 -0.018588984357109119 -0.025361945222575202 0.028867677359122986 -0.016585487801151846 -0.041149751422850829 0.0031897249026542891 0.021102509525398157 -0.016112216274825193 0.053051218395148196 -0.053977620668436949 0.035080639232247052 0.0020701432617986652 0.040347404661155412 -0.036336377538674955 0.0050874222667490095 0.040736530879466437 0.012532196528125926 -0.046075250608851058 -0.045776733224357394 0.056193901034899345 -0.055372592251424525 0.075598151865600025 0.056715589076063777 -0.058905073567156831 0.050959180432165775
leaf_weight=14.508319574408235 0.09299607237335239 1.8808348947204629 1.3202954116277399 9.337894939584654 12.955375985824494 0.85086573287844736 33.33277830580483 1.4473462868481877 2.2172128288075332 1.0831526280380783 0.24276151508092869 1.2510506883263577 3.6604257589206091 1.6783416932448734 5.4144399913493597 5.3388731305021793 2.7921980279497793 1.6163763287477184 1.1369973951950663 1.9996837293729184 2.4963957229629159 2.4388590408489099 0.22395268082618724 0.2072419375181197 1.4745510127395389 1.3520977596053849
leaf_count=612 7 28 26 237 304 14 1059 22 43 28 7 11 83 30 311 134 35 32 22 59 54 34 1 2 19 169
internal_value=1.15131e-05 0.00274844 0.00165901 -0.000706049 0.00223103 0.0230205 -0.00234507 0.0172714 0.026582 0.00658665 0.0384076 -0.00477512 -0.0060336 -0.00121424 -0.0037007 -0.01577 0.00380112 -0.0205249 -0.0269846 -0.0148339 0.0433154 -0.0448322 0.0503608 0.0547224 -0.0533193 0.0517242
internal_weight=112.351 71.4801 69.361 60.2361 56.4769 10.1888 46.2882 9.12494 7.24411 3.30037 2.11905 40.8713 39.6202 29.7322 28.0538 10.7533 17.3005 9.88803 8.27166 5.66011 3.94374 3.75915 1.87629 1.78329 2.61155 1.55934
internal_count=3383 2035 1849 1674 1614 251 1363 175 147 71 186 1348 1337 1122 1092 445 647 215 183 142 76 60 179 172 41 171
is_linear=0
shrinkage=0.05


Tree=185
num_leaves=31
num_cat=0
split_feature=23 61 29 46 73 44 74 30 36 59 59 59 69 74 31 76 11 42 21 78 15 46 76 15 35 4 43 56 46 43
split_gain=0.569395 1.40897 1.83792 2.10583 1.69831 1.61111 1.54602 1.34091 1.47007 1.44857 2.08171 1.61031 1.61507 1.96267 1.93917 1.33282 1.11454 1.603 1.10886 1.09474 1.02395 1.05468 0.826883 0.499705 0.464603 0.441473 0.386894 0.135425 0.0811626 0.0476676
threshold=-0.00088612307050939243 0.0007059042075922196 64.175712668922657 0.40949829341826544 2.6838569801394803 6809.8768849999969 80.947360045953602 -52.810105883216224 0.1089654732204495 0.00074900439360742351 0.00090086095262586422 0.00071868207970328683 0.9397361473294229 17.679165048573097 -0.92467454069448063 8.5000000000000018 -9.2730603821589139e-05 33.851108365698913 -0.00086714260236858676 -0.37940952255126059 -0.0028801762278515826 -0.11789315279237024 48.500000000000007 -0.0033728516046206409 0.8220490380482034 5.3916850000000007 79.214254117791185 -0.0048457613310584615 0.038816158633520122 13.831571424012077
decision_type=2 2 2 2 2 2 2 2 2 2 2 2 2 2 2 2 2 2 2 2 2 2 2 2 2 2 2 2 2 2
left_child=1 2 3 4 15 6 20 8 -2 11 16 12 13 -9 -14 -1 23 -18 -6 27 21 -3 -22 -11 -7 -10 -4 -8 -13 -27
right_child=7 5 26 -5 18 24 19 9 25 10 -12 28 14 -15 -16 -17 17 -19 -20 -21 22 -23 -24 -25 -26 29 -28 -29 -30 -31
leaf_value=-0.031319776874437412 -0.013107059667296082 0.021382832055563503 -0.065923087529093566 0.048089175409505969 -0.033453527712182844 -0.0019141594568333382 -0.032207167359242769 -0.019014487990079241 0.0091999680549195214 -0.057358284397542474 0.052044786853245199 0.033420514449450302 0.00096510529826614893 0.0069779530696898254 0.046106182448904583 0.01069037601134162 0.014757357986028067 -0.04075862272157732 -0.0085713195014203176 0.021411501087593834 0.045453336593248489 -0.029244765817451675 0.0018982508846874264 -0.021370187822234165 -0.049244914971375155 0.066207366767882234 -0.028220497425901905 -0.062968107088317016 0.0547481351586434 0.051467354679774369
leaf_weight=2.2349102571606627 1.4681203998625267 3.2663143086247146 1.4692837111651891 1.7166589824482787 7.5612187962979052 0.84417166328057591 0.66519633820280444 11.427087970718278 0.63219573954120312 2.4035119926556945 1.0254122638143588 0.64786803163587992 5.3875303738750517 19.928203695802949 4.2605061819776875 12.163350914837791 3.1598211503587654 2.2095102686434984 10.978862569900233 0.90571590978652139 5.0327410600148141 1.5016038776375333 1.3908462603576479 1.6111645873170335 1.3438939778134225 0.75957845104858313 1.2673702479805795 0.7742602019570769 1.432184590026736 1.9736622592899946
leaf_count=78 21 65 20 34 375 26 32 440 16 36 49 16 94 742 209 338 50 35 287 23 115 54 19 44 31 7 24 11 37 55
internal_value=1.0925e-05 -0.00373422 -0.00901516 -0.00590005 -0.00871382 0.00882324 0.0152577 0.00342154 0.0286419 0.00114265 -0.0155965 0.00518702 0.00300983 -0.0024947 0.0208991 0.00416952 -0.0229879 -0.00808778 -0.0187191 -0.0216551 0.0229928 0.00543822 0.0360227 -0.0429156 -0.0309844 0.0468543 -0.0484627 -0.048753 0.0481053 0.0555637
internal_weight=111.443 53.1164 37.3917 34.655 32.9383 15.7247 13.5367 58.3264 4.83356 53.4928 10.4094 43.0834 41.0033 31.3553 9.64804 14.3983 9.38401 5.36933 18.5401 2.34517 11.1915 4.76792 6.42359 4.01468 2.18807 3.36544 2.73665 1.43946 2.08005 2.73324
internal_count=3383 1532 1156 1112 1078 376 319 1851 99 1752 214 1538 1485 1182 303 416 165 85 662 66 253 119 134 80 57 78 44 43 53 62
is_linear=0
shrinkage=0.05


Tree=186
num_leaves=31
num_cat=0
split_feature=21 67 5 60 21 44 21 34 34 55 69 62 60 58 61 33 0 67 9 38 30 59 45 14 54 12 25 28 21 26
split_gain=0.560567 1.8067 1.22122 1.15364 1.09204 1.14936 1.80697 1.54524 0.875654 0.819023 3.21046 1.99815 1.75948 1.34626 1.27011 1.1771 2.01879 2.09857 1.6105 1.48171 1.87622 0.919411 0.765227 0.11836 0.0157206 0.00226627 0.00095935 0.000252507 0.000126022 6.0772e-05
threshold=0.00065107709692036064 0.8249567824984062 234612.54274270002 0.00028862353511936207 0.00078473903099052233 5194.3430800000015 0.00098919180514622806 64208.7026602841 64483.338704070367 64078.234371559694 0.93529689324850029 8.8947172744100776e-05 0.00051111273837222684 0.0006930259250696229 0.00038652767864092715 64401.318000000007 64048.990000000013 0.86490280861023794 0.00082666269917774937 64390.941144257617 -27.329437080584785 0.00090086095262586422 8032.903588076626 -0.0036914714720308601 -0.6173841824152142 -0.0013253715562447364 63.066647874241532 0.025484742009869957 -0.00024108015517676493 0.55381291157880819
decision_type=2 2 2 2 2 2 2 2 2 2 2 2 2 2 2 2 2 2 2 2 2 2 2 2 2 2 2 2 2 2
left_child=3 22 24 26 8 7 -7 -6 -4 10 12 23 13 -5 -14 16 17 -11 -18 -17 -21 -13 27 -12 -3 -26 28 -2 -1 -29
right_child=1 2 4 9 5 6 -8 -9 -10 15 11 21 14 -15 -16 19 18 -19 -20 20 -22 -23 -24 -25 25 -27 -28 29 -30 -31
leaf_value=-0.050600624713372233 0.052736936128432027 0.035438150899886674 -0.0056761479620511474 -0.0080604454539687977 0.050594062449370571 -0.046954597091084987 -0.0013268390231728506 -0.029771713849210676 0.056937231595028753 0.050367039702992125 0.037633835971927744 -0.034974730045528868 0.010663502384322459 0.042837330141250858 -0.058034515751461901 0.047781842134018628 -0.039216693700584053 -0.026018241500395285 0.038123683199363587 0.016378199242163015 -0.010674879926199372 0.036569018505103711 -0.030126169435645275 0.057395565778532123 0.056781172618917811 0.050968589897831588 -0.054360226484983787 0.050996129290198894 -0.051887740373782382 0.050481289756235205
leaf_weight=0.65601728647015989 0.1564705567434429 0.1634372854605316 0.90050023328512852 5.2841317031998205 2.1425000738818194 2.31267410586588 35.139069396187551 0.82978088525123883 1.4697966733947394 1.8049438889138394 0.96278612315654744 1.1839903662912545 0.92366628581658039 1.7227591017726807 2.4773301936220378 1.4999133625533421 7.6801119336159882 1.7918090722523627 0.73777224170044053 8.912851498811504 22.813813923508864 0.72345111938193429 0.32845680415630329 3.5569362388923755 0.20605434477329243 0.90073158382438023 0.27032794617116451 0.89446786919143084 0.26781093608587869 1.5958262074855154
leaf_count=75 4 9 21 163 56 39 953 25 31 28 22 42 34 67 85 17 215 46 8 258 628 33 6 58 2 89 5 70 9 285
internal_value=1.137e-05 0.00414512 0.0015989 -0.00306195 0.000164835 -0.00176926 -0.00414439 0.0281581 0.0331498 -0.00212553 0.00728935 0.0350749 -0.00986898 0.00445361 -0.039377 -0.00562898 -0.0190411 0.0123139 -0.0324383 -0.000779185 -0.00307496 -0.00783974 0.0418558 0.0531859 0.0499132 0.0520507 -0.0517404 0.0507886 -0.0509737 0.0506662
internal_weight=110.31 47.0398 44.0645 63.2704 42.7943 40.424 37.4517 2.97228 2.3703 62.0763 16.8351 6.42716 10.4079 7.00689 3.401 45.2412 12.0146 3.59675 8.41788 33.2266 31.7267 1.90744 2.97522 4.51972 1.27022 1.10679 1.19416 2.64676 0.923828 2.49029
internal_count=3383 1590 1225 1793 1125 1073 992 81 52 1704 504 155 349 230 119 1200 297 74 223 903 886 75 365 80 100 91 89 359 84 355
is_linear=0
shrinkage=0.05


Tree=187
num_leaves=28
num_cat=0
split_feature=66 21 67 42 76 60 19 62 30 19 58 58 41 61 66 31 53 42 59 43 63 35 62 28 41 17 27
split_gain=0.5415 0.570029 2.28754 2.75995 2.35027 1.80037 1.63675 1.3186 1.10352 1.06109 1.9826 2.12018 1.86176 2.09896 1.74549 1.42674 1.41662 1.12024 2.01317 1.24242 0.74548 0.0507603 0.0216924 0.000643035 8.6968e-05 4.96347e-05 3.19275e-05
threshold=0.34832396895466927 0.0017835708989943912 0.85021479816920265 24.202724566023043 36.500000000000007 0.000356512560324985 -0.0028300395042705757 1.1831047651974344e-05 88.153230794695375 -3.072449730884274e-05 0.00075328700549220072 0.00079235147369888812 47.78178558275264 0.00031612883111140452 0.97918085931212551 19.088847153634713 0.32864637913131639 20.348898322849177 0.0007771820396211517 36.336448139153177 0.0023767769946899746 0.41920543707003349 0.00013088874135572658 0.025484742009869957 51.69997963337368 -0.0006392301180314085 0.56011815790263852
decision_type=2 2 2 2 2 2 2 2 2 2 2 2 2 2 2 2 2 2 2 2 2 2 2 2 2 2 2
left_child=22 9 23 6 8 -6 -4 -8 -5 15 12 20 13 -11 -14 17 -13 18 -2 -19 -12 -17 -1 -3 25 -25 -26
right_child=1 2 3 4 5 -7 7 -9 -10 10 11 16 14 -15 -16 21 -18 19 -20 -21 -22 -23 -24 24 26 -27 -28
leaf_value=-0.035479493840466295 0.029702020786218863 0.053685338162652474 -0.055970444737471092 -0.013324508997460245 -0.061736900527268407 0.029172250736519287 -0.075993913536784544 0.047928652880884694 -0.058850589171384027 -0.032032873213266193 0.054373137520808357 -0.036089118463407587 -0.041095523854434574 0.011092408979508965 0.0081632440762506291 0.038144882345250763 0.0060900994723624806 0.0034784702082188111 -0.047645972211411924 -0.018543287343474574 0.0084439536000144189 0.056485718850805625 -0.053617121619820018 0.051467441160471666 0.051539743192540205 0.050436634559901154 0.050886769925420454
leaf_weight=0.31141186156310041 6.37093337974511 0.19771862216294112 0.46503537148237217 12.068510628771039 0.60827964544296165 5.2032345379702747 0.22505259513855236 4.6486452978570014 1.4960711915045966 4.2565875031286877 2.5353935542516406 2.6965909795835596 9.098688605707137 8.36883299279725 2.2414563931524745 0.60042749834246834 7.6039875140413642 25.534187152050436 0.96922523947432626 8.5492327657993865 1.3559944084845481 1.0149187315255401 0.35026754206046462 0.12645076774060782 0.32078205887228239 1.5270967368851411 0.44956151815131307
leaf_count=29 191 4 6 307 4 207 1 224 20 140 55 39 141 286 44 30 137 753 42 322 23 24 13 7 13 288 33
internal_value=1.38635e-05 0.000288787 0.00653383 0.0018231 -0.00694747 0.019657 0.0336545 0.0422063 -0.0183457 -0.00181373 -0.00788414 0.00692636 -0.0166546 -0.00344703 -0.0313592 0.00356818 -0.00495201 0.00177046 0.0194887 -0.0020453 0.0383686 0.0496684 -0.0450809 0.0509435 0.0507199 0.0505155 0.0511587
internal_weight=109.195 108.533 27.3364 24.7148 19.3761 5.81151 5.33873 4.8737 13.5646 81.1965 38.1575 14.192 23.9656 12.6254 11.3401 43.0389 10.3006 41.4236 7.34016 34.0834 3.89139 1.61535 0.661679 2.62161 2.42389 1.65355 0.770344
internal_count=3383 3341 1114 769 538 211 231 225 327 2227 865 254 611 426 185 1362 176 1308 233 1075 78 54 42 345 341 295 46
is_linear=0
shrinkage=0.05


Tree=188
num_leaves=20
num_cat=0
split_feature=63 64 23 42 28 72 70 47 22 38 60 34 74 45 65 9 11 15 36
split_gain=0.554509 0.636071 0.55458 1.1491 0.834112 1.18038 0.74515 0.611796 0.986296 0.933127 1.60163 1.16291 0.92379 0.678522 0.255342 0.255084 0.000473864 8.60018e-05 1.07423e-05
threshold=0.00071516619487227678 0.0014619917074448028 0.009808787735547388 46.412461253802924 0.42673642577591092 0.00061971243405630567 0.60666477740877556 0.53472974662360406 0.00099435049827434363 65612.506951050673 0.0005149976560856075 65032.262062835121 21.197600286948539 7654.8185398437236 0.0063958007461952706 -0.0010029981953116882 -0.00095503967024423975 -0.0018931034298456659 0.66594120386774847
decision_type=2 2 2 2 2 2 2 2 2 2 2 2 2 2 2 2 2 2 2
left_child=-1 15 7 6 -5 -6 -4 8 12 11 -11 -9 -3 -10 -8 -2 -17 -18 -19
right_child=1 2 3 4 5 -7 14 9 13 10 -12 -13 -14 -15 -16 16 17 18 -20
leaf_value=-0.050603294020792236 -0.0042680926003734179 -0.019086544230414504 -0.040420651751912576 -0.056650811367925824 -0.036324068193013349 0.058858470293304321 0.0035079972366886345 -0.0030453482140967336 0.030007161843808985 -0.0015861954341798254 0.045219846962085412 -0.032050166879525971 0.0099826570406386858 -0.02563728618476916 0.052497551992641382 0.053861666936452848 0.051760612459587879 0.050930377671792884 0.050379845688824226
leaf_weight=0.53833866061177005 0.26934770122170448 4.3509952528402227 0.27451428608037476 0.69068000838160504 0.65076092374511041 0.65213282871991396 0.30350785912014577 72.072765173623338 5.2900092222262165 5.855031617684288 2.6571048984769732 3.6298097693361333 7.3497285038465634 0.61113943485543121 2.1513915395480581 0.1941445916891098 0.25203163549304008 0.1369876789394755 0.25089269957970828
leaf_count=32 3 160 21 8 18 35 34 1891 243 216 80 177 242 21 134 3 8 11 46
internal_value=1.56717e-05 0.000268825 -0.000122324 0.016627 -0.0122305 0.0113173 0.0377046 -0.000899278 0.00757843 -0.00267122 0.0130245 -0.00443608 -0.000826927 0.0242445 0.0464408 0.0380363 0.051698 0.0510415 0.0505743
internal_weight=108.181 107.643 106.54 4.72299 1.99357 1.30289 2.72941 101.817 17.6019 84.2147 8.51214 75.7026 11.7007 5.90115 2.4549 1.1034 0.834057 0.639912 0.38788
internal_count=3383 3351 3280 250 61 53 189 3030 666 2364 296 2068 402 264 168 71 68 65 57
is_linear=0
shrinkage=0.05


Tree=189
num_leaves=13
num_cat=0
split_feature=63 31 23 63 22 15 18 35 16 82 58 16
split_gain=0.523086 0.513365 0.832973 1.01115 0.805878 0.774825 0.909064 0.517567 0.325159 0.00851928 0.00039978 0.000351054
threshold=0.00071516619487227678 -43.623419479371172 -0.016135671453120001 0.0010030094922064642 -0.00060121550690861436 -0.010367814933541218 -0.0023877375880236858 0.88511483546962733 -0.0011381105525954669 1.5000000000000002 0.00034368714201328293 -0.001516735429290693
decision_type=2 2 2 2 2 2 2 2 2 2 2 2
left_child=-1 -2 4 8 10 7 -7 -5 -4 -10 -3 -12
right_child=1 2 3 5 -6 6 -8 -9 9 -11 11 -13
leaf_value=-0.05019939036037311 0.030456367104185974 -0.053088761016106101 -0.014502905191699195 0.0033988750189525435 0.012470061978675308 -0.010560424957580337 0.0015350136150418521 0.047509770867936015 0.052401621381898106 0.042662560180314682 -0.052908622696464527 -0.050743717799184664
leaf_weight=0.51610096078365941 1.3891821950674046 0.38667225465178523 0.22728285193443287 1.2695367429405444 0.73050504084676404 19.270086637814529 80.129107289365493 1.3964634919539092 1.0259203931782384 0.28746703558135767 0.23984055989421904 0.85409133438952245
leaf_count=32 14 9 2 28 30 553 2497 17 74 31 9 87
internal_value=1.70894e-05 0.000258836 -0.000137602 0.000510467 -0.0305041 -9.64127e-05 -0.000809876 0.0265044 0.0407146 0.05027 -0.0517068 -0.0512184
internal_weight=107.722 107.206 105.817 103.606 2.21111 102.065 99.3992 2.666 1.54067 1.31339 1.4806 1.09393
internal_count=3383 3351 3337 3202 135 3095 3050 45 107 105 105 96
is_linear=0
shrinkage=0.05


Tree=190
num_leaves=31
num_cat=0
split_feature=21 65 45 73 68 24 24 10 42 70 59 10 51 10 12 29 44 29 20 66 42 59 47 49 58 68 63 42 21 13
split_gain=0.552809 1.0207 0.888271 0.829155 1.123 1.19505 1.47378 1.05019 1.03657 1.02518 1.56845 1.34992 0.866348 0.775001 1.6463 1.0196 0.98917 1.02768 0.952675 0.976253 0.860557 0.970413 0.961506 1.47615 0.931858 0.657332 0.251254 0.241719 0.0365867 0.00510032
threshold=-0.00049736631271762855 0.0051212294767676624 7654.8185398437236 1.6883788318544568 -0.0002532901801411413 71.810480295105677 58.70083053198919 -0.00034078814339161262 59.006621840871304 0.78895761735595304 0.00042877896057281589 0.00024609777508211034 0.7142363720270829 1.3965539168880882e-05 0.0014717103212895657 -12.802779231802559 7781.4812849999917 -46.584494818434898 -1.0000000180025095e-35 0.98220197051479519 14.18062633512813 0.00086973815320915782 0.52195396618872014 1.8147691260610264 0.00079484762655584985 -0.00018080446309748363 0.0020373763458425231 11.4951171576649 -0.00040045714657843673 -0.0045545707216050326
decision_type=2 2 2 2 2 2 2 2 2 2 2 2 2 2 2 2 2 2 2 2 2 2 2 2 2 2 2 2 2 2
left_child=13 2 27 4 7 6 -6 -3 9 11 -11 -5 -7 14 15 16 17 -1 29 -20 -15 22 25 -24 -23 -22 -9 -2 -29 -17
right_child=1 3 -4 8 5 12 -8 26 -10 10 -12 -13 -14 20 -16 18 -18 -19 19 -21 21 24 23 -25 -26 -27 -28 28 -30 -31
leaf_value=-0.013669044658189723 -0.031350392437793542 -0.032998073540553167 -0.053808810037702576 0.00089675975685539705 -0.021297820079985253 -0.071651887601757933 0.031979709620000907 0.056180125713192579 0.053450134599952806 -0.035861541818923308 0.0014033803834721122 0.027110988033612123 -0.015052661627630316 0.037005694002438028 0.043805533400128528 -0.059429373621809549 0.04518423260458504 0.011926163302580027 0.0045964765119604371 -0.05246049237675704 0.04783375281674937 0.051161467420348362 -0.04485218879434158 0.0067829202753729827 -0.012505316285400195 -0.010983768846018552 0.016356008813544869 0.073595041729387925 0.051614713943180339 -0.051578661590735368
leaf_weight=7.5888383112615019 0.086258264025672271 0.66234261542558703 0.23222658410668362 11.337401942000726 4.7320357023272646 1.4968116777017715 1.7886702377581967 1.0581714918371279 1.0499451393261541 3.1111033799825227 30.560853782808408 8.6640537581406516 1.2330712217371909 0.77978228591382404 2.024244161322712 0.24111032485961903 1.2851131027564395 8.1158655185718089 3.2897676639258888 0.97096668672747899 0.58114679995924268 0.9206845555454487 5.9664276407565922 1.8022402478381989 1.5295212664641438 2.6011756986845267 0.63297520694322873 0.21781796216964711 1.4469913779175838 1.4572244724258778
leaf_count=300 7 9 7 284 92 20 95 33 29 70 745 410 39 10 26 2 35 349 144 39 16 17 159 30 34 77 23 1 171 110
internal_value=1.61649e-05 0.00273116 0.0380762 0.00167429 -0.0104658 -0.0183114 -0.00668346 0.0203719 0.00424859 0.00328612 -0.00203969 0.012252 -0.0460864 -0.00472058 0.000580309 -0.00323244 0.0030092 -0.000441972 -0.0210279 -0.00840607 -0.0140556 -0.0170267 -0.0233911 -0.0328734 0.011418 -0.000242678 0.0412745 0.050262 0.0544905 -0.0526932
internal_weight=107.465 68.3107 1.98329 66.3274 11.6041 9.25059 6.52071 2.35349 54.7234 53.6734 33.672 20.0015 2.72988 39.1541 24.9731 22.9489 16.9898 15.7047 5.95907 4.26073 14.181 13.4012 10.951 7.76867 2.45021 3.18232 1.69115 1.75107 1.66481 1.69833
internal_count=3383 2035 186 1849 311 246 187 65 1538 1509 815 694 59 1348 1005 979 684 649 295 183 343 333 282 189 51 93 56 179 172 112
is_linear=0
shrinkage=0.05


Tree=191
num_leaves=31
num_cat=0
split_feature=21 35 35 29 65 15 44 48 44 76 41 33 23 45 47 42 70 74 42 64 39 67 35 57 28 70 26 14 65 41
split_gain=0.509136 0.911894 1.37371 1.29617 1.89169 1.83114 1.63147 1.27212 1.19616 1.15529 1.07227 1.55735 1.3114 1.78654 1.17791 1.09707 0.862379 1.52827 1.6263 1.18087 1.09392 1.50419 1.32429 2.37245 1.82427 1.48931 1.18265 1.04386 0.854787 1.62542
threshold=-0.00021426771200661052 0.68410443824414691 0.62808858036044601 42.616311041769229 0.006162122829937485 0.0011567672256536101 8310.6170699999911 0.68686866520136147 5980.5454599999857 19.500000000000004 86.676941992146368 65081.234750000011 0.0030085132045771794 7629.5802155025513 0.90473805473502811 30.939300239266085 0.72800661068983807 15.60976977424709 28.61744061316649 0.0029537052952291845 63582.133281874121 0.82946089577884152 0.72453656890209228 0.001119586701606899 0.056711255234017356 0.81518104167435079 0.38443347065544442 -0.005850176934117767 0.0071270624802084641 48.667146870438337
decision_type=2 2 2 2 2 2 2 2 2 2 2 2 2 2 2 2 2 2 2 2 2 2 2 2 2 2 2 2 2 2
left_child=16 2 3 5 8 7 -7 -2 -5 -6 11 12 14 -14 -3 -12 17 -1 28 -20 21 -18 24 26 -22 -26 -24 -23 29 -19
right_child=1 10 -4 4 9 6 -8 -9 -10 -11 15 -13 13 -15 -16 -17 20 18 19 -21 22 27 23 -25 25 -27 -28 -29 -30 -31
leaf_value=-0.04831967421821768 0.01952499744819922 -0.011017322162369031 0.04633499666750715 -0.052056470469525246 -0.030246374388192034 0.038457287820240806 -0.020684140162511518 -0.0047390582599018639 -0.0060842960288191176 0.037445572686781982 -0.021784210210609639 0.043527753634146356 0.018012752313775655 -0.057821051217550205 -0.051358632721571568 0.056131880979278716 -0.054396731661527448 -0.051923977400927725 -0.049266423647756116 0.017276057451213449 -0.049413124462891922 -0.015196973929535125 0.040681185244610805 -0.052804388760852056 0.01295445721326631 -0.014389456036607096 -0.00076218384990922746 0.050310978463790658 0.049769420597536473 0.045166850799907628
leaf_weight=2.8179270738037285 7.6476381810498451 3.573695946717633 2.0710092616500324 2.9140507675474492 0.87276500230655107 7.2523130068439041 1.389521352946758 18.394668177817948 2.7504372557159513 2.268989545176737 0.71985393390059371 1.1229168968275178 3.7667633243836462 0.97837843000888813 3.6653315545991063 1.2131054368801413 0.53217703802510996 0.84553350030910246 2.2256021597422664 0.95186762791126955 2.556869124062362 0.78135270439088378 4.352748249191789 1.1584260542877016 7.6797683786135194 14.16387193428818 2.8475867761299014 2.7429611303377897 1.4386619327124206 0.87942294077947736
leaf_count=155 290 59 71 30 24 407 13 476 114 131 17 32 139 7 44 34 18 71 99 32 180 34 69 45 235 390 61 65 26 15
internal_value=1.55536e-05 0.00302561 0.00654954 0.00465496 -0.0124757 0.0090044 0.0289479 0.00238638 -0.0297343 0.0186411 -0.00764955 -0.0127764 -0.0180522 0.00237694 -0.0314433 0.0271151 -0.00395214 -0.0176815 -0.00406622 -0.0293324 -0.000536545 0.0239562 -0.00356942 0.0136066 -0.00945333 -0.00477591 0.0242912 0.0357876 0.0213106 -0.00242481
internal_weight=106.576 60.6014 45.5614 43.4904 8.80624 34.6841 8.64183 26.0423 5.66449 3.14175 15.04 13.1071 11.9842 4.74514 7.23903 1.93296 45.9748 9.15902 6.34109 3.17747 36.8158 4.05649 32.7593 8.35876 24.4005 21.8436 7.20034 3.52431 3.16362 1.72496
internal_count=3383 1888 1556 1485 299 1186 420 766 144 155 332 281 249 146 103 51 1495 398 243 131 1097 117 980 175 805 625 130 99 112 86
is_linear=0
shrinkage=0.05


Tree=192
num_leaves=25
num_cat=0
split_feature=66 23 51 28 61 29 24 44 54 74 61 69 73 11 48 15 29 28 72 35 35 82 13 62
split_gain=0.528211 0.51294 1.25674 1.43741 1.18672 1.59774 1.4538 1.37342 1.34645 1.34259 1.04205 1.01548 1.07346 0.963086 1.65102 0.933246 0.911036 0.761193 0.69842 0.509886 0.421975 0.408837 0.0434386 0.00201983
threshold=0.24377118162016057 -0.00088612307050939243 1.128761595343216 0.21660330901813143 0.0007059042075922196 64.175712668922657 66.826640167893814 6809.8768849999969 -0.333988321655523 80.947360045953602 0.00095325179731112534 -0.095814748353967291 5.3414939408621267 0.0021245571730250661 1.8648247921100165 -0.0028801762278515826 0.56634368402228585 0.45789047389815818 0.0011884143229554608 0.54599696926277008 0.8220490380482034 1.5000000000000002 -0.0012558430011547215 0.00012513487841145319
decision_type=2 2 2 2 2 2 2 2 2 2 2 2 2 2 2 2 2 2 2 2 2 2 2 2
left_child=-1 4 10 19 5 6 8 9 -2 15 13 -5 -13 16 -15 -6 -3 -11 -12 22 -9 -7 -4 -8
right_child=1 2 3 11 7 21 23 20 -10 17 18 12 -14 14 -16 -17 -18 -19 -20 -21 -22 -23 -24 -25
leaf_value=-0.048425035553877838 0.0091439915878913057 0.016365446512159688 -0.058461145932007241 -0.060715637862775396 0.0046189781973646456 -0.02785674292765344 0.051059892720119626 -0.0016076954696344781 -0.013746726868955342 0.0158919161568775 -0.050513084407626675 0.0097422357423295764 -0.040771726834467385 0.054987636868870593 -0.046865490764952653 0.034835505184830459 0.00052002956452526798 -0.044477947209311142 0.0052818913349599976 -0.0048270749186533433 -0.048354783140198837 -0.067927238393655845 -0.042650694339968223 0.056068130413104114
leaf_weight=0.55979855754412611 8.9449338387930748 16.266837130999193 1.5046070201788102 0.667730413377284 4.4159508841112238 1.3768060656730077 0.7850464911898587 0.80119539890438263 22.795249360962774 0.85656354483216945 1.2359274586196982 8.0371394406538439 1.2100701247109089 2.3550390903837974 0.47875482332892705 6.0647627112921327 20.507194219913799 1.3374239010736344 1.0268859975039957 0.70614330843091 1.2145448699593542 1.1839657351374626 0.61079807789064866 0.27075191587209702
leaf_count=28 316 443 48 8 116 37 79 26 708 32 29 334 37 113 8 134 738 34 32 19 31 7 22 4
internal_value=1.44596e-05 0.000273564 0.00362468 -0.0101283 -0.00338288 -0.00834578 -0.00537574 0.00856174 -0.00729573 0.0146586 0.00780816 -0.0011678 0.00313209 0.00969352 0.0377801 0.0221041 0.00752918 -0.0209087 -0.0251928 -0.0416157 -0.0297742 -0.0463832 -0.0538961 0.0523442
internal_weight=105.214 104.654 54.6071 12.7365 50.0472 35.3568 32.796 14.6904 31.7402 12.6747 41.8706 9.91494 9.24721 39.6078 2.83379 10.4807 36.774 2.19399 2.26281 2.82155 2.01574 2.56077 2.11541 1.0558
internal_count=3383 3355 1831 468 1524 1151 1107 373 1024 316 1363 379 371 1302 121 250 1181 66 61 89 57 44 70 83
is_linear=0
shrinkage=0.05


Tree=193
num_leaves=28
num_cat=0
split_feature=23 27 27 76 60 60 12 66 35 35 44 4 28 14 41 14 30 58 59 58 43 79 10 22 32 35 22
split_gain=0.497581 0.976125 0.961568 0.55094 1.5468 0.975869 0.82022 1.49886 1.78245 1.62493 1.35788 1.31548 1.59187 1.29176 1.26115 1.15535 1.22381 1.14855 1.0511 1.03925 0.477853 0.299111 0.000312973 0.000116497 3.05956e-05 1.28022e-05 2.56917e-06
threshold=0.009808787735547388 0.54771171828086385 0.41553661833224714 56.500000000000007 0.00051025881461031137 0.00039872426391668417 1.0000000180025095e-35 0.85044221458996871 0.61369937881577663 0.47807179419108753 7533.1332649999958 9.9220500000000023 0.69021864998763605 2.1953796770501913e-05 54.407921828680763 0.0013579963913825657 -21.995334861793285 0.00046400803586607407 0.00086656867071334301 0.00058852266590738692 44.118749697299613 -0.60355339059327384 -0.00053880836743724892 0.0032232296810371657 63743.095910271586 0.60916251317862069 0.0093312599915094125
decision_type=2 2 2 2 2 2 2 2 2 2 2 2 2 2 2 2 2 2 2 2 2 2 2 2 2 2 2
left_child=3 2 20 6 5 -5 7 8 17 14 -11 15 19 -14 -9 16 -8 -1 -17 -13 -2 -6 -3 -24 25 -25 -26
right_child=1 22 -4 4 21 -7 11 9 -10 10 -12 12 13 -15 -16 18 -18 -19 -20 -21 -22 -23 23 24 26 -27 -28
leaf_value=-0.012133578886475337 0.046089084274333947 0.052938230079895468 -0.037456766534336682 0.033143999998362393 0.061152827912950292 -0.033970287342176157 0.030060976340639256 -0.014702015429704779 -0.053231657650270707 -0.0049604290883135671 0.039404767648067614 0.039888787341711196 0.016249487192475702 -0.014712858649677177 -0.04706822231399415 0.043862669003382718 -0.0089224158498846483 0.029554134689306545 -0.030537159570431766 0.0047897007005380313 -0.0034054101924281526 0.022897390621580881 0.051868192682435532 0.051155557522793355 0.050163151032580636 0.050666716516604399 0.050427516417867739
leaf_weight=2.2385550114558974 0.97983005340211027 0.22501072555314738 1.0739817763678727 0.81781281228177194 1.3589016487821939 1.6038212012499569 3.1689407527446738 14.831599072902465 0.95964914187789041 16.150817472720522 1.930914876051246 2.7475201162742442 4.0546869596000787 19.909150224237237 3.7759111274499437 4.3363886291044755 5.5202986854128531 6.3082658043131232 0.53307943977415551 9.0743439556099457 0.97086468944326043 0.81885560322552908 0.24521362176164962 0.23643462965264916 0.19324733706889674 0.30894041573628783 0.17524018441326916
leaf_count=155 33 9 24 27 26 39 116 545 29 434 39 99 117 528 95 255 250 160 9 180 33 25 9 13 76 32 26
internal_value=1.29056e-05 0.0164524 0.000537377 -0.000710862 0.0161921 -0.011305 -0.00152458 -0.00631266 0.0113807 -0.0108971 -0.000222751 0.00295796 -0.00206717 -0.00947402 -0.0212699 0.0162209 0.00529472 0.0186354 0.0357178 0.0129471 0.0214556 0.0467685 0.0512318 0.0509005 0.0506408 0.0508786 0.0502889
internal_weight=104.548 4.40876 3.02468 100.14 4.59939 2.42163 95.5401 46.1957 9.50647 36.6892 18.0817 49.3444 35.7857 23.9638 18.6075 13.5587 8.68924 8.54682 4.86947 11.8219 1.95069 2.17776 1.38409 1.15908 0.913863 0.545375 0.368488
internal_count=3383 255 90 3128 117 66 3011 1457 344 1113 473 1554 924 645 640 630 366 315 264 279 66 51 165 156 147 45 102
is_linear=0
shrinkage=0.05


Tree=194
num_leaves=31
num_cat=0
split_feature=21 65 45 30 29 14 60 62 41 18 72 35 73 46 57 46 14 62 15 15 15 10 76 1 65 66 21 71 15 66
split_gain=0.552717 0.93376 0.831918 0.786792 2.6751 1.81475 1.28067 1.06371 1.45256 1.75642 1.06246 0.970384 0.701561 0.876741 1.51821 1.15384 1.07644 1.28801 1.07057 1.64609 0.818581 0.519228 0.427833 0.291256 0.250636 0.134124 0.0264576 0.0154919 0.00154904 0.000149826
threshold=-0.00049736631271762855 0.0051212294767676624 7654.8185398437236 -45.464836706537817 -32.432451691020098 -0.00074106365889364801 0.00069166133502351445 9.094471894515489e-05 80.082306664335206 -0.0036971323815096486 0.00027818549321962104 0.39934141123987615 0.72431913599722308 0.23461556480790302 0.00060070485000813427 -0.18059623867914384 -0.0049046350218381321 0.00018838463356147365 -0.001678752437688724 -0.010367814933541218 0.000585812356753035 0.0001382869728721037 30.500000000000004 64081.140000000007 0.0054535704441568767 0.62358239748214805 -0.00040045714657843673 1.4019543271404091e-05 -0.005447264971667031 0.99440032271717305
decision_type=2 2 2 2 2 2 2 2 2 2 2 2 2 2 2 2 2 2 2 2 2 2 2 2 2 2 2 2 2 2
left_child=12 2 25 7 23 10 -7 11 9 -9 -6 -3 27 15 22 18 29 -18 19 -14 -20 -16 -15 -5 -13 -2 -27 -1 -28 -17
right_child=1 3 -4 4 5 6 -8 8 -10 -11 -12 24 13 14 21 16 17 -19 20 -21 -22 -23 -24 -25 -26 26 28 -29 -30 -31
leaf_value=-0.041523574677297795 0.0014512150790418803 -0.0072968435347263482 -0.053764487626886126 -0.02125890183496866 -0.018577869487885579 0.001990599177556391 -0.022308499821083103 -0.062732518472162296 0.052614034117591246 0.01299053632143265 0.032891867689262826 0.025752324953839278 0.030963932184220184 0.059087446335673734 0.0080920265269697114 -0.05100664573340942 -0.014745789272847865 0.032753995900043673 0.032178969695747489 -0.026921097498176279 -0.00693451196877153 -0.042175956120627217 0.020867065758633188 -0.052931024063437859 0.056527887770907906 0.070781817076676926 0.055791733161093204 -0.055641989248645496 0.050847208411997927 -0.052259038960448062
leaf_weight=0.31142234476283093 0.13099849736317892 1.0852209716103951 0.21911015827208746 1.045922064688056 1.1866048241499729 38.515569128736395 6.3109516481636083 1.3068432714790106 0.93427758174948383 1.8496880051679909 6.4674504555296153 0.93811952602118287 1.7394839636981485 1.3735601175576442 1.0170818786136808 1.5128009621985281 16.386146903154447 1.5633264349307854 4.2380571851972473 4.1783373769139871 1.9546081759035585 1.0379574615508316 1.5680673271417616 2.3721486004069448 2.2441160352900624 0.20740064978599537 0.18465542793273892 0.5166375245898962 1.1139940106659196 0.28357023838907469
leaf_count=25 16 18 7 21 35 1265 165 14 28 44 149 23 23 18 27 113 591 41 110 273 58 15 24 39 48 1 2 19 160 11
internal_value=1.49568e-05 0.00276952 0.0377315 0.00175959 -0.000379835 0.00241162 -0.00143038 0.0160677 -0.00215043 -0.0183598 0.0249125 0.0335317 -0.00481805 -0.00379538 0.0156774 -0.00684968 -0.0143019 -0.0106088 0.00530102 -0.00990638 0.0198335 -0.0172973 0.0387136 -0.0432394 0.0474553 0.0499778 0.0541987 -0.0503322 0.0515503 -0.0512043
internal_weight=103.794 66.1131 1.85616 64.2569 55.8986 52.4806 44.8265 8.35827 4.09081 3.15653 7.65406 4.26746 37.6811 36.853 4.99667 31.8563 19.7458 17.9495 12.1105 5.91782 6.19267 2.05504 2.94163 3.41807 3.18224 1.63705 1.50605 0.82806 1.29865 1.79637
internal_count=3383 2035 186 1849 1674 1614 1430 175 86 58 184 89 1348 1304 84 1220 756 632 464 296 168 42 42 60 71 179 163 44 162 124
is_linear=0
shrinkage=0.05


Tree=195
num_leaves=31
num_cat=0
split_feature=21 62 42 73 49 10 29 15 69 69 58 35 28 31 57 72 76 35 69 7 22 26 1 72 69 25 37 67 41 42
split_gain=0.514018 0.870355 0.925684 0.800503 1.03953 1.15716 1.73559 0.890268 1.67924 2.16549 1.57278 0.795925 1.52173 1.28413 2.21643 1.15045 1.75369 1.21031 1.31755 1.02867 0.989514 0.991678 0.926553 0.638484 0.29604 0.145486 0.112591 0.0264004 0.0038012 0.00380061
threshold=-0.00021426771200661052 2.6171702606852663e-05 10.753807173848855 1.6883788318544568 4.3177889775898146 -0.00047657883908536197 54.606282317003213 -0.0100311240893291 0.97295801815391869 0.96639980999133956 0.00061165209561141729 0.72453656890209228 0.037434007756069344 -38.043032538030594 0.00099883767001925409 0.00051130005631385203 12.500000000000002 0.32450942653594878 0.94621774205023501 0.64267000000000019 -0.0013861026720718981 0.57833992855910166 64886.005000000012 0.00017386628770393531 0.19597416834977269 47.761664544492156 63294.380848978297 0.75525098545611968 74.41169819153879 17.569639635921565
decision_type=2 2 2 2 2 2 2 2 2 2 2 2 2 2 2 2 2 2 2 2 2 2 2 2 2 2 2 2 2 2
left_child=11 2 -2 4 5 -3 -7 -5 9 -9 -10 12 24 -13 20 16 25 22 -19 -18 21 -15 -17 -4 -1 -14 -16 -25 -26 -29
right_child=1 3 23 7 -6 6 -8 8 10 -11 -12 13 15 14 26 17 19 18 -20 -21 -22 -23 -24 27 28 -27 -28 29 -30 -31
leaf_value=0.011271937917962065 -0.066844891343761301 -0.048589258215478132 -0.012203941943879634 0.052126009143551713 0.041644208307828071 0.015806381497488125 -0.035641834698841829 0.0039070382240493952 0.033117140111618003 0.054504289229233498 -0.039719319265623068 0.053768853268775854 -0.052390777617336952 0.018491650930105605 -0.020403185883158592 -0.050453107160340127 -0.034988607191703117 0.0056336872430055663 -0.026290643013574727 0.018965252855519275 0.050930675431181328 -0.031537027658705467 -0.0081570855919013488 0.034294226422351366 -0.051092240328504838 -0.015475209453707837 -0.053305775457955645 0.055642312695875988 -0.057789193991156278 0.050956408981684242
leaf_weight=0.20342545153107439 0.22613660898059551 2.1249116973485789 0.49894133949419517 0.95910964533686538 0.84393565356731493 3.8256914061494145 2.8682745961705223 38.311717156844679 0.92712593253236164 2.2382124651921904 3.6948981441091746 1.3585360143333662 1.1372517328709353 3.4869562243111423 0.31482558604329813 3.0701132732210707 0.96958821464795519 9.9208920814562571 4.7935598858166477 9.9416267469059658 1.482747359201311 1.3835741681978104 2.2392208811361343 0.21886172692757133 1.911616853089072 0.34873955883085717 1.4932297589257357 0.67626077122986306 0.23830150766298164 1.2015708888357037
leaf_count=10 3 29 35 29 37 147 74 1198 47 53 75 16 65 89 18 130 43 307 137 277 27 32 76 23 192 13 59 17 4 121
internal_value=1.45608e-05 0.00308639 0.0301786 0.00171621 -0.0113697 -0.0164429 -0.00623849 0.00445724 0.00344511 0.00669983 -0.0251091 -0.00405047 -0.00755733 0.00875945 0.00126718 -0.00473934 0.00723087 -0.0121504 -0.00476637 0.0141708 0.0151675 0.00427998 -0.0326147 0.0386314 -0.0463796 -0.0437273 -0.0475766 0.0507285 -0.0518345 0.0526439
internal_weight=102.91 58.6156 2.82177 55.7939 9.66281 8.81888 6.69397 46.1311 45.172 40.5499 4.62202 44.2942 34.7743 9.51987 8.16133 32.421 12.3972 20.0238 14.7145 10.9112 6.35328 4.87053 5.30933 2.59563 2.35334 1.48599 1.80806 2.09669 2.14992 1.87783
internal_count=3383 1888 199 1689 287 250 221 1402 1373 1251 122 1495 1254 241 225 1048 398 650 444 320 148 121 206 196 206 78 77 161 196 138
is_linear=0
shrinkage=0.05


Tree=196
num_leaves=17
num_cat=0
split_feature=57 69 57 33 76 15 30 41 25 43 10 64 80 76 30 48
split_gain=0.484833 1.15034 0.785018 0.952979 1.0795 0.719815 1.00986 1.33161 0.685097 1.74993 1.13005 0.561417 0.327198 0.202209 0.076829 0.0453749
threshold=0.0015442346023439399 0.95427661571699907 0.0012619587949718963 63293.109000000004 9.5000000000000018 -0.010367814933541218 -76.422798010423392 52.632296114714229 34.110424620246157 35.701927360314741 -3.7863157892836778e-05 0.0033646480816741401 0.6078576107927941 46.500000000000007 32.4460724360315 0.60861006263512307
decision_type=2 2 2 2 2 2 2 2 2 2 2 2 2 2 2 2
left_child=2 12 5 -4 -5 11 7 -7 10 -10 -8 -1 -2 -13 -6 -9
right_child=1 -3 3 4 14 6 8 15 9 -11 -12 13 -14 -15 -16 -17
leaf_value=-0.0047726464326949478 0.015372853346703734 -0.033949751437312083 0.031235639680216129 0.010716411310145257 -0.037734086713595301 0.033364067794598537 -0.0045300983152601051 -0.038996446714948479 0.019742129016639739 -0.0009296862776118777 -0.050523055701012391 0.054992754796159518 0.05451723916449789 0.022375255109839981 -0.05501212848754055 -0.057486077848957366
leaf_weight=1.0539926188066595 0.91564170620404173 0.73830439429730166 0.73292270861565967 1.0977582824416461 1.0688315397128465 0.58695663232356254 16.540899334708232 0.43427222548052657 12.402387184440157 58.656632801110391 1.4528386786114413 1.0777380671352146 1.2802691850811241 0.84984105266630638 1.6163957451935855 1.4064626144245265
leaf_count=25 39 38 17 28 37 13 675 23 312 1968 63 26 27 22 22 48
internal_value=1.22129e-05 0.020042 -0.000581573 -0.0209472 -0.0310571 0.000392036 -0.000395935 -0.0322132 0.000471445 0.0026783 -0.00824363 0.0245685 0.038195 0.0406122 -0.0481348 -0.0531239
internal_weight=101.912 2.93422 98.9779 4.51591 3.78299 94.462 91.4804 2.42769 89.0528 71.059 17.9937 2.98157 2.19591 1.92758 2.68523 1.84073
internal_count=3383 104 3279 104 87 3175 3102 84 3018 2280 738 73 66 48 59 71
is_linear=0
shrinkage=0.05


Tree=197
num_leaves=31
num_cat=0
split_feature=22 42 19 35 41 58 41 41 1 11 10 9 70 13 43 49 46 46 25 22 67 70 21 28 8 6 53 22 26 49
split_gain=0.505456 1.44259 1.27583 1.2508 2.18532 1.25527 1.61389 1.59257 1.23939 1.14718 1.12811 1.12732 1.31842 1.03257 1.42327 1.59155 1.36154 0.972535 0.958235 0.873474 0.611838 0.545623 0.808418 0.427951 0.334395 0.330586 0.194142 0.174039 0.167558 0.146148
threshold=0.0012915180167083486 22.741529647510742 -0.0028300395042705757 0.31459807333057765 32.060748369470069 0.00085701654354382393 57.489750615165825 86.676941992146368 64115.06500000001 0.0022158957644559112 0.0033587275225439588 0.00079694103731586818 0.82886026173927696 0.0022957446839593225 56.670443695497205 0.35275421788649419 0.17509405221404931 -0.15234481048998635 60.330369960892902 0.0055013088763585802 0.85893293760273182 0.91154025240312098 -0.00021426771200661052 0.26986610797356286 670620.15306290018 5358.0000000000009 0.25204531180914735 0.0058916604816688931 0.046079288476958122 0.96785150938372666
decision_type=2 2 2 2 2 2 2 2 2 2 2 2 2 2 2 2 2 2 2 2 2 2 2 2 2 2 2 2 2 2
left_child=10 2 -2 4 27 6 9 8 -7 -5 11 13 23 14 17 -16 18 -1 -15 -6 -18 22 -14 -13 -25 28 -8 -3 -4 -9
right_child=1 3 25 5 19 7 26 29 -10 -11 -12 12 21 16 15 -17 20 -19 -20 -21 -22 -23 -24 24 -26 -27 -28 -29 -30 -31
leaf_value=0.002769632217224159 -0.060413224462181274 0.052144352540117449 0.017500955658906144 0.00062877477467040358 -0.057886556552955964 -1.9090794372905944e-05 0.01668228932926066 0.017814720854073453 -0.045340982457570338 0.051918515772868407 -0.051034702238855235 0.0086846861756585073 -0.040504692166766609 -0.031260010127153258 -0.026725528192933213 0.020211902105208207 -0.010147372773626625 -0.012839564494938447 0.01604267162308259 -0.0073691374203947715 -0.051313324648517324 0.030872460877375309 0.013636801765620356 0.016366806488545688 0.059274392009134418 0.0031357987533191913 0.052786840071096366 -0.00072386046692614976 0.052463043062342722 0.052781042537961835
leaf_weight=18.34208505554124 0.33031082525849376 0.84165437184856517 0.39151436276734219 9.9110401661018859 2.3944644513539974 3.2336184196174136 0.43540355144068543 0.47043070849031188 2.8274262179620564 1.2249598251655687 1.1673022657632817 0.84603610914200489 1.4336659093387432 1.6484316475689391 2.1386610006447873 11.611565703758968 1.2743319103028623 21.885818482143812 3.054462909931317 1.3314839110244063 3.0943194883875549 0.87338300514966238 1.3282407762017099 0.58595435181632671 2.0175968834664673 0.4698731634998693 2.5705161376390606 0.19099241122603416 2.7484891024068929 0.81926590111106634
leaf_count=624 3 105 14 397 34 78 17 11 61 104 10 22 32 23 67 306 32 775 67 32 43 22 37 20 52 23 102 17 222 31
internal_value=1.07854e-05 0.00543331 0.0336442 0.001199 -0.021996 0.00633449 0.0150463 -0.0104258 -0.0211614 0.00627065 -0.00228528 -0.00147391 0.0174366 -0.00359887 -0.000975739 0.0129114 -0.0192072 -0.00572248 -0.000537593 -0.0398339 -0.0393053 -0.00357434 -0.0144673 0.0395785 0.0496176 0.0422506 0.0475571 0.0423662 0.0481038 0.0400267
internal_weight=101.493 30.1914 3.94019 26.2513 4.7586 21.4927 14.1419 7.35074 6.06104 11.136 71.3019 70.1346 7.08488 63.0497 53.9781 13.7502 9.07155 40.2279 4.70289 3.72595 4.36865 3.63529 2.76191 3.44959 2.60355 3.60988 3.00592 1.03265 3.14 1.2897
internal_count=3383 1251 262 989 188 801 620 181 139 501 2132 2122 185 1937 1772 373 165 1399 90 66 75 91 69 94 72 259 119 122 236 42
is_linear=0
shrinkage=0.05


Tree=198
num_leaves=25
num_cat=0
split_feature=66 21 65 66 66 29 59 76 66 45 76 76 60 75 76 70 12 76 0 76 11 58 25 23
split_gain=0.50426 0.515489 0.94231 0.814912 2.03286 1.57979 1.52054 1.36503 1.2942 0.80024 1.57975 2.12011 1.6296 1.05504 1.00039 1.08306 0.88192 1.12869 0.396025 0.00654392 9.81164e-05 5.12825e-06 3.61074e-06 4.26071e-07
threshold=0.24377118162016057 -0.00021426771200661052 0.0051212294767676624 0.77535546732442862 0.82339977033731959 -32.939800991924123 0.00068387371481753545 49.500000000000007 0.85811454186136149 6821.5980289811678 25.500000000000004 31.500000000000004 0.00061609748337406671 22.500000000000004 56.500000000000007 0.72800661068983807 0.00015461711937569958 15.500000000000002 65584.115000000005 24.500000000000004 -0.00020091303401748026 0.00054115026450409658 61.952773563374514 0.0052417228530696755
decision_type=2 2 2 2 2 2 2 2 2 2 2 2 2 2 2 2 2 2 2 2 2 2 2 2
left_child=-1 9 20 5 6 -4 -5 -7 -6 13 16 18 -13 14 15 -2 19 -18 -12 -11 -3 23 -23 -22
right_child=1 2 3 4 8 7 -8 -9 -10 10 11 12 -14 -15 -16 -17 17 -19 -20 -21 21 22 -24 -25
leaf_value=-0.048253191152121948 -0.03289796540843358 0.051391297690996963 -0.051511843978995935 0.011619925799102808 0.044065694147604001 0.046007665401658737 -0.056451825743187495 -0.0079476177894558155 0.001581947305288412 -0.051351980401876121 0.015543002580518002 -0.032631440540593713 0.038911105967606607 0.05637915685605277 0.035035716952559554 0.00012458522993695853 0.0082234417058378636 -0.050498742166595882 0.056578626125318013 -0.058867928564023668 0.050272231753707833 0.05073636112358159 0.050391133482340693 0.050134730491704554
leaf_weight=0.53824097500182588 2.7674444895237782 0.3804727247916162 0.689275269396603 1.202522378531284 1.8685571118257929 3.6892874004552132 2.5813348982483149 1.7181633663130922 44.129806286189705 2.6070916190510602 0.98631316283717785 3.7255705642746761 1.0122208045795558 0.8287002332508554 1.8196554142050434 24.15511290426366 2.0830075689591472 1.3477437607944009 1.4557134225033221 0.32579900231212366 0.25793238554615416 0.12249709875322878 0.19842778181191534 0.07208391756284982
leaf_count=28 186 20 11 57 90 188 19 46 1293 198 34 167 20 10 35 740 36 25 22 9 63 11 42 33
internal_value=1.30595e-05 0.000272784 0.003397 0.0025229 0.000409834 0.0197769 -0.0348184 0.0288639 0.00330773 -0.00385114 -0.0139167 0.00216 -0.0173465 0.000758868 -0.000844785 -0.00326989 -0.0320553 -0.0148451 0.0400047 -0.0521869 0.0507534 0.0503806 0.0505229 0.0502422
internal_weight=100.563 100.025 56.9104 55.8789 49.7822 6.09673 3.78386 5.40745 45.9984 43.1144 13.5435 7.17982 4.73779 29.5709 28.7422 26.9226 6.36364 3.43075 2.44203 2.93289 1.03141 0.650941 0.320925 0.330016
internal_count=3383 3355 1873 1704 1459 245 76 234 1383 1482 511 243 187 971 961 926 268 61 56 207 169 149 53 96
is_linear=0
shrinkage=0.05


Tree=199
num_leaves=24
num_cat=0
split_feature=22 42 57 19 43 70 35 45 10 36 74 70 13 67 58 78 30 72 72 19 3 6 10
split_gain=0.466469 1.34256 1.19957 1.19908 1.1337 1.06484 1.43561 1.33244 1.02313 0.912427 0.980362 1.37727 2.08441 1.21762 1.65154 1.47254 1.15811 0.392965 0.344485 0.121943 0.0757499 0.000937533 2.47848e-05
threshold=0.0012915180167083486 22.741529647510742 0.0015442346023439399 -0.0028300395042705757 91.251238674266332 0.78895761735595304 0.36204923153076163 7621.4321808038767 0.0033587275225439588 1.1238334136716444 21.197600286948539 0.81016220731984301 -0.00072760422377793333 0.84293177308888778 0.0006537551249034783 -0.98296291314453399 24.967935419488949 0.00071398382983507301 0.0016183982816519238 -0.00070650416189277354 63180.805000000008 10543.000000000002 0.0025761153329610935
decision_type=2 2 2 2 2 2 2 2 2 2 2 2 2 2 2 2 2 2 2 2 2 2 2
left_child=8 3 4 -2 5 7 -7 -3 9 10 11 16 -13 15 -15 -12 -1 -11 19 -5 -21 22 -6
right_child=1 2 -4 18 21 6 -8 -9 -10 17 13 12 -14 14 -16 -17 -18 -19 -20 20 -22 -23 -24
leaf_value=-0.013424564053091488 -0.059858268186849473 0.019028974037529196 0.052737556063806215 0.027124592430641095 0.05054883824040355 -0.032321994073789835 -0.00015833245005569054 -0.043447107328168907 -0.049170899427900185 -0.0019116228464094564 -0.051434496823346956 -0.022112403439743546 0.022482849435583041 -0.018065612032838508 0.0054790207087985002 0.026291139115119617 -0.049639983207620191 0.055826371048531102 -0.0081351591577113851 0.015081557255681178 0.053714135984022561 0.054595424650162608 0.05123474196402205
leaf_weight=11.175094952341171 0.31745780259370837 7.0949509955244228 1.0818372010253359 0.63561574649065811 0.62995529954787244 5.1982067252974948 10.431180538609622 0.97009981260634948 1.1407544538378704 0.42116800695657619 0.6643559825606643 4.6011254547629505 6.0863579851575178 10.735430714208631 24.323375295381993 7.3623514412902278 2.7509238997008643 0.98134667542763054 0.31536217988468696 0.13406106457114519 2.3708603777340613 0.19067818485200405 0.16651773219928145
leaf_count=478 3 382 39 29 99 91 344 21 10 18 20 172 124 388 595 243 46 38 16 6 208 5 8
internal_value=1.20633e-05 0.00528411 0.00120451 0.0331385 -0.00105428 -0.00324154 -0.0108557 0.0115141 -0.00220482 -0.00142949 -0.00225646 -0.0102172 0.00328391 0.00229126 -0.00173063 0.0198579 -0.0205785 0.0384879 0.0416812 0.0466835 0.0516466 0.0514462 0.0506922
internal_weight=99.7791 29.5368 25.7634 3.77336 24.6816 23.6944 15.6294 8.06505 70.2423 69.1015 67.699 24.6135 10.6875 43.0855 35.0588 8.02671 13.926 1.40251 3.4559 3.14054 2.50492 0.987151 0.796473
internal_count=3383 1251 989 262 950 838 435 403 2132 2122 2066 820 296 1246 983 263 524 56 259 243 214 112 107
is_linear=0
shrinkage=0.05


Tree=200
num_leaves=28
num_cat=0
split_feature=21 71 10 18 43 68 26 64 78 35 79 35 35 21 62 46 21 35 49 63 76 62 46 53 21 35 25
split_gain=0.459869 0.766094 0.87623 0.802197 1.91775 1.34992 1.29116 0.930648 0.896581 0.672764 1.63718 1.10789 1.25171 1.07159 1.12151 0.812996 0.582179 0.760783 0.489109 0.429001 0.252106 0.0918291 0.00494297 0.00239583 0.000304138 0.000163709 3.24244e-05
threshold=-0.00049736631271762855 -0.00068626972868268677 -0.0024310634578730279 -0.0023877375880236858 35.98346005294249 -0.00034373587832936531 0.11802688746091981 0.0025553566351463508 0.91597561503675362 0.24378457154064923 0.91597561503675351 0.27956128294255966 0.31459807333057765 -0.0010836582466357545 2.9173092330680082e-05 0.12044083505820408 -0.00078334726238021835 0.27864375974423011 1.4994931628147976 0.0021608656677122406 16.500000000000004 2.2826417345513899e-05 0.25184916219825765 0.058611631750429168 -0.0014700963310746438 0.21214491174067648 46.871143517903057
decision_type=2 2 2 2 2 2 2 2 2 2 2 2 2 2 2 2 2 2 2 2 2 2 2 2 2 2 2
left_child=9 18 -3 5 6 -4 -5 -7 -6 10 23 16 20 14 -14 -15 17 21 19 -2 -13 -11 -22 -1 26 -26 -25
right_child=1 2 3 4 8 7 -8 -9 -10 11 -12 12 13 15 -16 -17 -18 -19 -20 -21 22 -23 -24 24 25 -27 -28
leaf_value=-0.057198078646330287 0.020490015230573505 0.044072778022677922 0.035196853662981829 -0.016627350424533002 0.00095023626147027829 0.014256729784284905 0.048435588662280177 -0.0334491911435668 0.045584934585788446 -0.0033648990942299474 0.020564078957210848 -0.0063612826033993004 -0.042764549048564332 -0.052991375290751222 0.0034085718230363795 0.0078213969132362188 0.063412200112770559 0.056550671377754526 -0.042094660840012038 -0.028345599091447668 -0.052014685060119595 -0.050848194025949513 -0.058374138904887157 -0.050431236731468598 -0.051293499388941191 -0.05248884816069499 -0.051096264830660855
leaf_weight=0.19598380662500847 0.92040166852530025 1.3248680010437954 1.2130559515208004 0.9539560389239331 45.686632406897843 1.3182075442746271 3.7998725311481394 4.5542493460234255 1.153488375712185 0.14724125922657549 1.2188737189862875 0.34441573556978511 1.3885900701861889 1.6930824136361473 24.853754271520302 0.81373608577996481 0.92546769604086765 0.41183813475072384 1.4909563288092611 0.87934423517435789 1.0342810769798232 0.3300820488948375 0.43367326166480769 0.53321569447871331 0.54326470848172836 0.60588069609366357 0.27928973082453012
leaf_count=3 31 18 21 23 1536 16 145 73 138 11 34 24 94 74 812 15 8 5 23 11 62 44 5 94 30 17 16
internal_value=1.30755e-05 0.00257363 0.00386182 0.00295393 0.00512041 -0.0128215 0.0353793 -0.0227405 0.00204941 -0.00452002 -0.0257586 -0.00230505 -0.00455883 -0.00201817 0.000965363 -0.033251 0.0356525 0.0067594 -0.0209158 -0.00337075 -0.0448606 -0.0362009 -0.0538934 -0.0519269 -0.0514002 -0.0519237 -0.0506598
internal_weight=99.0477 63.295 60.0043 58.6795 51.5939 7.08551 4.75383 5.87246 46.8401 35.7527 3.37651 32.3762 30.5615 28.7492 26.2423 2.50682 1.81463 0.889161 3.2907 1.79975 1.81237 0.477323 1.46795 2.15763 1.96165 1.14915 0.812505
internal_count=3383 2035 1970 1952 1842 110 168 89 1674 1348 194 1154 1086 995 906 89 68 60 65 42 91 55 67 160 157 47 110
is_linear=0
shrinkage=0.05


Tree=201
num_leaves=26
num_cat=0
split_feature=64 43 14 15 31 58 21 21 59 33 42 14 55 76 31 61 44 74 47 14 59 76 57 28 52
split_gain=0.459477 1.31287 0.541299 1.44394 1.31783 1.23106 2.24849 2.46506 1.83143 1.74141 2.09088 1.54493 1.04337 1.19941 1.03662 0.97504 0.858976 1.19919 1.0491 0.606436 1.07288 0.424101 0.303472 0.0106211 0.00620616
threshold=0.0056655613726146045 39.650528225809971 -3.072449730884274e-05 -0.003979851529120281 -0.92467454069448063 0.00068789959993832434 0.0017896553410695628 0.0029858655547759798 0.00054172677224105308 64326.313500000011 24.866230251539154 0.0045154915194057796 66198.665755888112 56.500000000000007 -43.623419479371172 0.00015648370107378584 6582.9718899999762 39.278202952242474 0.71540243224847788 -0.0035223371866137105 0.00068387371481753545 20.500000000000004 0.00092807232796048229 0.57440129937259765 0.48111092641137976
decision_type=2 2 2 2 2 2 2 2 2 2 2 2 2 2 2 2 2 2 2 2 2 2 2 2 2
left_child=2 -2 4 21 12 6 8 -8 -5 11 -11 -7 13 14 -1 -6 17 -17 -18 -14 -21 -4 23 -3 -25
right_child=1 22 3 5 15 9 7 -9 -10 10 -12 -13 19 -15 -16 16 18 -19 -20 20 -22 -23 -24 24 -26
leaf_value=0.058675837447811269 -0.033137225388046698 0.056106463493409045 -0.013994973140280934 -0.0052500845795850765 -0.042165001799340095 0.038199696555581891 0.051330005424323755 -0.0075022536976650546 -0.038010063824785632 0.021014722380268747 -0.022905090643882034 -0.00058198539944857928 0.058062764608110828 0.033884402629155506 -0.0092468639798107353 0.041161004982911635 -0.022691455122934766 0.0026135965078290481 0.023153173696658012 -0.036593278148080909 0.053893736597132529 -0.055408196030058525 0.0044398793165158655 0.039491880097694256 0.051241250109539949
leaf_weight=0.57404284551739948 0.80892508709803168 1.0112439877120776 0.98190780403092448 9.5840139147476346 0.69295690557919343 5.8921948499046284 2.6807174407877019 5.3018470394599717 7.6888432961422941 4.2778349651489389 7.3932520187227055 4.5518377395346761 1.0397516924422237 1.8454572188202281 26.199673202470883 5.8629366055829433 2.311776995426043 3.0762491775676608 2.7116496176458895 0.68089767405763157 0.63130509108304977 1.6689910320565102 0.4054745512548833 0.17178368772147212 0.32507704210001975
leaf_count=7 21 19 19 366 29 160 277 329 136 73 180 113 20 36 976 194 66 91 113 37 14 35 22 17 33
internal_value=1.11398e-05 0.0202657 -0.000565381 -0.00415776 0.00337301 -0.00214816 -0.00969079 0.0122549 -0.0198329 0.0064655 -0.00680704 0.0212974 -0.00247237 -0.00510323 -0.00779056 0.0157259 0.018599 0.0278957 0.00205551 0.0295405 0.00694032 -0.0400685 0.0428407 0.0531652 0.047179
internal_weight=98.3706 2.7225 95.6481 50.0214 45.6267 47.3705 25.2554 7.98256 17.2729 22.1151 11.6711 10.444 30.9711 28.6192 26.7737 14.6556 13.9626 8.93919 5.02343 2.35195 1.3122 2.6509 1.91358 1.5081 0.496861
internal_count=3383 112 3271 1688 1583 1634 1108 606 502 526 253 273 1090 1019 983 493 464 285 179 71 51 54 91 69 50
is_linear=0
shrinkage=0.05


Tree=202
num_leaves=16
num_cat=0
split_feature=66 45 21 79 35 70 54 21 51 62 46 46 64 61 25
split_gain=0.474897 0.546788 0.5884 1.29902 1.36866 1.60742 0.743251 0.643382 0.659586 0.626641 0.186725 0.135785 0.0809565 0.0221685 0.00273935
threshold=0.34832396895466927 4740.2509986648056 -0.0034922542918503492 -1.0000000180025095e-35 0.72453656890209228 0.91585710479436733 -0.010457675506588713 -0.0031041730815166697 -0.90573258965560677 0.0002224096938931794 0.25184916219825765 0.012327074384869173 0.0027126808408033509 0.00061967541144401686 54.295613013743811
decision_type=2 2 2 2 2 2 2 2 2 2 2 2 2 2 2
left_child=13 10 3 4 5 -3 -6 -4 12 -10 -2 14 -9 -1 -5
right_child=1 2 7 11 6 -7 -8 8 9 -11 -12 -13 -14 -15 -16
leaf_value=-0.034390070755924367 0.01402178458169024 -0.051777506157815303 0.029153197700847039 -0.05103248155404299 0.031728628659417835 0.021259444259489488 -0.009142376657801805 0.024012950461601179 -0.00065523892543932396 0.024190556206914571 0.065160577951531046 -0.012440773014544836 0.052294974949936582 -0.053755669875947015 -0.055929891642323308
leaf_weight=0.28033548919483919 0.310789197916164 2.2003671316197146 2.0236079287715247 1.428326583700253 2.7537536122836173 1.1455065095797179 1.8661934020929036 0.43989176943432429 80.441473954793764 2.6204433143138877 0.41935890121385455 0.24675864656455804 0.59565419517457485 0.31253003142774105 0.35687299817800511
leaf_count=32 34 188 33 135 51 23 42 24 2681 75 13 16 22 10 4
internal_value=1.48338e-05 0.000287937 -3.95035e-05 -0.0115212 -0.0024185 -0.0267723 0.0152191 0.0012934 0.00062302 0.000128598 0.0433932 -0.0472061 0.040281 -0.0445987 -0.0520115
internal_weight=97.4419 96.849 96.1189 9.99778 7.96582 3.34587 4.61995 86.1211 84.0975 83.0619 0.730148 2.03196 1.03555 0.592866 1.7852
internal_count=3383 3341 3294 459 304 211 93 2835 2802 2756 47 155 46 42 139
is_linear=0
shrinkage=0.05


Tree=203
num_leaves=15
num_cat=0
split_feature=67 67 60 43 29 31 73 27 21 13 68 73 10 21
split_gain=0.495543 0.679223 1.33844 0.680019 0.663704 0.635 0.582061 0.98532 0.803137 0.559282 0.41314 0.251947 0.0426424 0.00350288
threshold=0.96077664171744948 0.94077660854189937 0.00058899658516845606 92.085489429049105 -13.918446930234493 47.02557552918578 9.5003090945799009 0.82688611682369373 0.0017896553410695628 0.0038426676160855382 0.00032908865557579331 3.6060383092792243 0.00052810269194902848 -0.00022071183233329791
decision_type=2 2 2 2 2 2 2 2 2 2 2 2 2 2
left_child=1 3 9 5 -4 6 8 -8 -1 -3 12 -6 -5 -14
right_child=-2 2 4 10 11 -7 7 -9 -10 -11 -12 -13 13 -15
leaf_value=-0.0026036891769118621 -0.046577311168648404 0.0089704269701602023 -0.0096188456178531567 0.027201923898972233 0.06597434414922336 -0.04884938106351603 -0.029270972705332118 0.035132056970309522 0.0088911324487507583 -0.055815596863165118 -0.0060506394295205051 0.034393099726179793 0.057070036209444064 0.050729914062083915
leaf_weight=65.60685885453131 0.56740874238312144 0.67628311179578193 0.62358714151196215 0.19017668929882237 1.1008090309333058 0.69433400966226955 3.6253667334094635 0.71023521746974427 19.776481042208616 0.65651379199698567 0.50015133316628624 1.4813848696649072 0.35962103307247151 0.55264628777513292
leaf_count=2019 13 36 27 28 25 10 127 49 907 9 24 33 4 72
internal_value=1.24456e-05 0.000286233 0.0191688 -0.000645129 0.0366764 -0.00121739 -0.000848768 -0.0187208 5.87403e-05 -0.0229421 0.0316401 0.0478564 0.0487394 0.0532292
internal_weight=97.1219 96.5544 4.53858 92.0159 3.20578 90.4133 89.7189 4.3356 85.3833 1.3328 1.6026 2.58219 1.10244 0.912267
internal_count=3383 3370 130 3240 85 3112 3102 176 2926 45 128 58 104 76
is_linear=0
shrinkage=0.05


Tree=204
num_leaves=19
num_cat=0
split_feature=44 32 34 62 45 42 36 38 30 45 70 70 28 68 25 30 11 25
split_gain=0.437869 0.677703 1.24103 0.70661 2.08928 1.49035 1.77985 1.44189 1.17089 0.63192 0.551893 0.995975 0.39271 0.231977 0.174878 0.122883 0.000924055 9.04058e-05
threshold=4829.9937000000018 62995.780705169374 62883.767956095144 9.7398674043374953e-05 5835.0929007434197 37.319548159921098 0.11218092039037801 63755.925178857244 -9.7484756859980113 5230.6738721476004 0.84446279931415036 0.87855042956614737 0.7676335346459654 0.00036352682969287292 38.085261504002652 -118.0168252676102 -0.0021226055976821252 49.741585512467296
decision_type=2 2 2 2 2 2 2 2 2 2 2 2 2 2 2 2 2 2
left_child=10 12 15 5 9 7 -7 -4 -6 -5 13 -12 -2 14 -1 -3 -17 -18
right_child=1 2 3 4 8 6 -8 -9 -10 -11 11 -13 -14 -15 -16 16 17 -19
leaf_value=-0.0074003820380734026 -0.054253214989906741 0.017869683428218833 0.019242417848252282 -0.0095726763614854826 -0.018283425834114814 -0.013038437807219664 0.027863983264640825 -0.0052384298110656367 0.006273446558446057 -0.049103634192255483 -0.05105686876241057 0.046328160686984553 0.00039644243224882587 0.064739192591271907 0.042732819549781358 0.054214294031068228 0.05189241557757393 0.050800889450321345
leaf_weight=0.28536950936540895 0.91794656589627155 0.33625865913927544 6.9915092320879912 1.4414290394634033 6.9459826695965665 3.636106949648819 9.9039332937099953 43.05412523567793 16.117806266876865 3.3850411721505225 0.56753692985512294 0.48855129280127585 0.5121283526532352 0.61995360441505909 0.44552085059694946 0.35456419736146916 0.28772972617298265 0.55679562548175454
leaf_count=11 35 12 239 36 242 101 429 1569 445 92 32 17 19 9 29 5 9 52
internal_value=1.26114e-05 -0.000524108 1.08668e-06 -0.000747157 -0.00738245 0.00216325 0.0168799 -0.00181839 -0.0011222 -0.0372977 0.021072 -0.0060061 -0.0346825 0.0422416 0.0231588 0.0445814 0.0520721 0.0511728
internal_weight=96.8483 94.4414 93.0113 91.4759 27.8903 63.5857 13.54 50.0456 23.0638 4.82647 2.40693 1.05609 1.43007 1.35084 0.73089 1.53535 1.19909 0.844525
internal_count=3383 3285 3231 3153 815 2338 530 1808 687 128 98 49 54 49 40 78 66 61
is_linear=0
shrinkage=0.05


Tree=205
num_leaves=25
num_cat=0
split_feature=66 21 65 30 63 62 8 59 56 19 66 52 78 45 21 19 46 61 46 2 11 58 25 23
split_gain=0.462843 0.456321 0.865394 0.739996 1.40498 0.835258 1.03368 0.888643 0.708744 1.55151 1.18635 1.11977 1.0885 1.19344 1.01678 0.904091 0.903898 0.56834 0.424797 0.912244 8.18033e-05 4.00717e-06 2.42185e-06 2.78822e-07
threshold=0.24377118162016057 -0.00021426771200661052 0.0051212294767676624 88.153230794695375 0.0024102302400871825 0.00020778743136864051 1065809.2201436001 0.00087211619130901391 0.0021821821879221639 -5.3193361748860017e-05 0.95775842923295507 0.6243805229369096 1.0000000180025095e-35 5913.5739615224147 -0.00033254893747691744 0.0028605247178077335 0.32506818785509833 0.00076304465415771036 0.12044083505820408 64567.575000000004 -0.00020091303401748026 0.00054115026450409658 62.169030559909778 0.0052417228530696755
decision_type=2 2 2 2 2 2 2 2 2 2 2 2 2 2 2 2 2 2 2 2 2 2 2 2
left_child=-1 8 20 5 -5 6 -4 -7 9 12 16 18 14 -14 -2 -12 -11 -6 19 -10 -3 23 -23 -22
right_child=1 2 3 4 17 7 -8 -9 11 10 15 -13 13 -15 -16 -17 -18 -19 -20 -21 21 22 -24 -25
leaf_value=-0.047632002184018946 0.0022528577937949127 0.051305066911303432 -0.00080317872683389145 -0.045967304117155001 -0.0189737910523275 0.05148108155544219 0.019060140951688526 -0.013719532127157411 0.048179980320183613 -0.04908125768450744 -0.020617797188430285 -0.019350337678491935 0.016798179873055371 -0.037502945687703938 0.052110910449807271 0.030587894614916841 -0.001166601825035696 0.052957665818734068 0.05148769304334179 -0.023024895172204404 0.050241419649620325 0.050654364567066894 0.050360009951365553 0.050125677711395325
leaf_weight=0.50706492317840357 20.951067124377008 0.3562950260238722 40.32541121597751 2.0284639396704729 0.46513065602630355 1.7552079074084752 7.8198590320534995 0.7441583047620951 0.96731197973713212 4.3391375674400461 2.3403281297069047 1.6541829230263827 1.4363179237116117 3.424076932715252 1.0750493258237863 1.3646652866154907 1.2730723395943639 0.67040242720395327 1.4370936844497917 0.84079216700047255 0.22785370337078248 0.11536718613933772 0.17722648219205439 0.067433121905196458
leaf_count=28 729 20 1243 36 17 52 291 34 29 155 88 33 52 296 7 30 19 31 27 17 63 12 41 33
internal_value=1.21238e-05 0.000264155 0.00325318 0.00242051 -0.0210384 0.00388609 0.00242306 0.0320683 -0.00371748 -0.00613278 -0.0237159 0.0141303 -3.95689e-05 -0.0214562 0.00468633 -0.00175713 -0.0382123 0.0234935 0.0311964 0.0150688 0.0507072 0.0503449 0.0504761 0.050215
internal_weight=96.363 95.8559 54.7528 53.8086 3.164 50.6446 48.1453 2.49937 41.1031 36.2037 9.3172 4.89938 26.8865 4.86039 22.0261 3.70499 5.61221 1.13553 3.2452 1.8081 0.944176 0.58788 0.292594 0.295287
internal_count=3383 3355 1873 1704 84 1620 1534 86 1482 1376 292 106 1084 348 736 118 174 48 73 46 169 149 53 96
is_linear=0
shrinkage=0.05


Tree=206
num_leaves=27
num_cat=0
split_feature=60 59 43 65 22 70 46 38 70 63 14 62 35 59 28 32 75 44 26 52 11 13 32 21 1 62
split_gain=0.445075 1.12506 0.750886 0.64438 0.540479 0.530986 1.5675 1.75648 1.38427 1.02021 0.943999 0.909767 1.30378 0.894026 0.709575 0.355426 0.0485347 0.039233 0.0316338 0.0209016 0.0186325 0.00880232 0.00335073 0.00125518 0.000341563 1.94627e-05
threshold=0.00029435289247814656 0.00033658595450172069 92.085489429049105 0.0053783363671136807 -0.00038449532054518615 0.5666228974065235 0.032332012400849486 66785.763378291434 0.67198463115876106 0.0011777570243589951 -0.0012234216170282084 0.00011513204481293732 0.51589158439855065 0.00038974239339957328 0.13867759917351924 65104.415147417501 17.500000000000004 6298.8737600000022 0.41346545914791483 0.22594755688589022 -0.00076732995917594405 -0.0012985724713031053 65053.372288395018 -0.00012719995235843659 64994.060000000005 5.9379862816197661e-05
decision_type=2 2 2 2 2 2 2 2 2 2 2 2 2 2 2 2 2 2 2 2 2 2 2 2 2 2
left_child=1 3 5 17 -5 6 7 10 11 14 -2 12 -7 -11 -10 22 18 -1 -3 -6 -8 -21 24 -22 25 -4
right_child=2 16 15 4 19 8 20 -9 9 13 -12 -13 -14 -15 -16 -17 -18 -19 -20 21 23 -23 -24 -25 -26 -27
leaf_value=-0.019894774925209111 -0.02636141636471186 -0.048742948057610834 0.050317435799619316 -0.024090493703709956 0.032796454937511488 -0.021251063733189936 0.039895258013224168 -0.061235296003389089 -0.05392527096608915 -0.022993381915443985 0.05267304471698088 -0.059890757382123454 0.052212224537756868 0.0013810214370534766 0.039707493262730265 -0.0033674164229541511 -0.055403847995517633 -0.051350606646375321 -0.02265910695256405 0.061859905091545743 0.055537173967998857 0.050542683055051232 0.058095924395203363 0.052301847857241991 0.053156103659009704 0.050892859847317368
leaf_weight=0.15052587771788184 0.59953347721602779 0.23796713154297311 0.25706049933796637 0.32500070799142111 0.12025050073862065 5.6820838949643067 0.32015691325068463 0.98413489246740926 0.22094464325345997 3.9680648409703272 1.0216178817208847 1.2637779221404342 0.67578037944622327 72.453027595940512 2.4030141568509862 0.39175290014827613 1.0495621986920012 0.29029551055282354 0.22723333619069308 0.298907309770584 0.39838383346796002 0.4040822137030774 0.2290959432721138 1.2112539779627696 0.1751309260725975 0.34305865527130663
leaf_count=25 29 21 55 29 15 189 8 16 8 240 29 37 29 2217 141 27 24 27 19 2 5 76 2 81 4 28
internal_value=1.13103e-05 -0.0186129 0.000635584 0.0107778 0.0305059 7.85098e-05 0.0167565 -0.00854287 -0.000794213 0.00116798 0.0234446 -0.0211444 -0.0134426 0.000115413 0.0318234 0.0370271 -0.0494453 -0.0406095 -0.036002 0.0520596 0.0509115 0.0553547 0.0527833 0.0531026 0.0512133 0.0506464
internal_weight=95.7017 3.10382 92.5979 1.58906 1.14824 91.2018 4.53508 2.60529 86.6667 79.0451 1.62115 7.62164 6.35786 76.4211 2.62396 1.3961 1.51476 0.440821 0.4652 0.82324 1.92979 0.70299 1.00435 1.60964 0.77525 0.600119
internal_count=3383 238 3145 174 122 3029 168 74 2861 2606 58 255 218 2457 149 116 64 52 40 93 94 78 89 86 87 83
is_linear=0
shrinkage=0.05


Tree=207
num_leaves=28
num_cat=0
split_feature=22 29 19 76 41 58 67 6 31 70 67 66 15 70 22 66 76 76 24 42 44 34 19 36 24 21 24
split_gain=0.433843 1.58828 1.88663 1.68224 1.2664 1.70762 1.40349 1.36025 1.31844 1.04315 1.61442 1.4707 1.02099 0.984927 0.937471 0.690653 0.716697 0.784257 0.465544 0.426482 0.419463 0.0471399 0.023123 0.00523036 0.000783293 0.000815086 0.000661676
threshold=-0.00067788921431788374 -61.356720734034745 -0.0028868292892301746 36.500000000000007 38.20421747400669 0.0005330370956640034 0.93114971217485376 6808.5000000000009 -5.9183379730397361 0.92198308452777666 0.93306100482660359 0.62358239748214805 -0.0001192654265064763 0.91229231970636093 -0.011890611666550031 0.8556179782286073 43.500000000000007 9.5000000000000018 27.917168034495145 24.397349022697757 6116.7052949999897 64037.484465084657 -0.0052218323660314639 0.13377796442469372 56.44983467653956 0.00077549941856025495 46.430447654651722
decision_type=2 2 2 2 2 2 2 2 2 2 2 2 2 2 2 2 2 2 2 2 2 2 2 2 2 2 2
left_child=9 18 3 20 6 12 8 -7 -4 10 11 24 -6 14 -13 -12 17 -17 -2 -8 -3 -22 -11 -20 25 -1 -24
right_child=1 2 4 -5 5 7 19 -9 -10 22 15 13 -14 -15 -16 16 -18 -19 23 -21 21 -23 26 -25 -26 -27 -28
leaf_value=-0.050746680838801198 0.013275715291930857 -0.019015604173370372 -0.011214384504082922 0.031847464872177787 -0.047044729310423777 -0.00022944948274770659 4.2739680494383382e-05 0.033101304533294233 0.033759511666246057 -0.037556772604557913 0.059110081915916948 -0.05265987138033449 0.0061888136305723604 0.043536745834773155 -0.0033875122526946621 0.052133295396481233 0.048938176652157946 -0.048782375541966412 0.057966782691196053 -0.057295290731418085 -0.059117435256566965 -0.046035409026002172 -0.051232643807070113 0.052457824475475215 -0.054799869757783295 -0.053733378124425149 -0.05395417108197284
leaf_weight=0.39287547441199311 1.0936870235018425 1.3358395462855686 2.0397998446132979 0.94826668547466386 2.9081257076468319 29.132111230981536 0.61038583889603504 3.4204463565256438 8.1034745809738506 0.37055278825573623 1.3591788820922368 0.99624811031389171 1.3048752575414244 1.0842677447944868 31.140455263783231 0.2755141658708451 0.69627194385975599 0.63913171179592609 0.72322243824601162 0.69194780290126801 1.5020281122997405 1.2715899134054778 0.55211703618988284 1.0658054105006156 0.59695159271359444 0.5457637645304203 0.37504621641710401
leaf_count=45 17 30 96 21 56 753 33 108 677 24 18 70 73 20 1097 12 14 43 7 16 20 34 34 37 8 9 11
internal_value=1.18984e-05 0.00282613 0.000869915 -0.0281819 0.00391767 -0.000603812 0.0184416 0.00327277 0.0247153 -0.00403745 -0.00252131 -0.00554489 -0.0305569 -0.0033336 -0.00491497 0.0328611 0.010714 -0.0183841 0.0389744 -0.0304217 -0.0420338 -0.0531199 -0.0481141 0.0546848 -0.0533838 -0.0524833 -0.0523335
internal_weight=95.176 56.1516 53.2689 5.05772 48.2112 36.7656 11.4456 32.5526 10.1433 39.0244 37.7267 34.7566 4.213 33.221 32.1367 2.9701 1.61092 0.914646 2.88271 1.30233 4.10946 2.77362 1.29772 1.78903 1.53559 0.938639 0.927163
internal_count=3383 1978 1917 105 1812 990 822 861 773 1405 1336 1249 129 1187 1167 87 69 55 61 49 84 54 69 44 62 54 45
is_linear=0
shrinkage=0.05


Tree=208
num_leaves=28
num_cat=0
split_feature=21 35 46 72 43 21 75 67 57 66 46 46 71 63 63 70 22 66 21 12 4 68 62 56 15 12 25
split_gain=0.436869 1.10486 1.23041 1.32719 1.07416 0.927684 0.891366 1.2333 0.832824 0.824852 0.965686 1.03553 0.748817 0.751381 1.25467 1.21119 1.06137 1.33961 0.713723 0.586769 0.376995 0.264551 0.170925 0.0173794 0.00827936 0.000696381 1.41591e-05
threshold=-0.0015361486470858441 0.50003405913669097 0.25184916219825765 0.00034141234068297004 33.595077568198754 -0.001844445667196992 1.0000000180025095e-35 0.88552672068424299 0.001448910498741479 0.59884312662175576 -0.1337830482111228 0.083490156781852232 -0.00067248022485288928 0.0012987543289029373 0.001346853631017219 0.84255366235430162 -0.0018914962416656798 0.94757164451294817 -0.0034922542918503492 -0.0014295717809874595 19.940075000000004 7.9416542006827142e-05 0.00014487682995048711 -0.0023041688528474681 -0.0052163299632314022 0.00030567843900219943 50.028178902114476
decision_type=2 2 2 2 2 2 2 2 2 2 2 2 2 2 2 2 2 2 2 2 2 2 2 2 2 2 2
left_child=1 2 3 4 19 9 7 23 22 -3 18 -12 20 16 24 -16 25 -18 -11 -1 -8 -22 -5 -2 -15 -14 -6
right_child=6 5 -4 8 26 -7 12 -9 -10 10 11 -13 13 14 15 -17 17 -19 -20 -21 21 -23 -24 -25 -26 -27 -28
leaf_value=-0.025272303573811009 0.061597285738043309 0.051872078726697982 0.015844768654671919 -0.051483849341325438 -0.050394977407552846 -0.053430549722427757 0.0038786980533899447 -0.0074504943995647973 0.039977767968144839 0.00068065614575346092 -0.031191220061658743 0.013057477950811311 -0.051215962995561498 0.060277304873472139 0.0094448542802944152 -0.0058211456146937688 0.011682101818810171 -0.027193539911057774 0.032486015203541933 0.050933475623008817 -0.017186233011936728 -0.051402479168174309 -0.0070068797109540436 0.05154909130513733 0.051599230900605843 -0.053556524282501961 -0.05092364538848615
leaf_weight=0.343474110821262 0.78657197207212448 0.89150461135432024 1.8532153684645889 4.3113326773745939 0.40679231227841217 0.7053220896050324 0.93100803287234102 1.3622644974384455 0.27746624313294876 4.1628159938845757 3.3289890899322927 2.1933927787467837 0.54800933995284029 0.42276640236377716 31.326806160010165 22.200317175476812 5.3692741518025269 3.7732380575034767 3.0608176679816106 0.95472759346012182 1.1546645788475873 1.1060471329838035 0.22740482026711095 0.95014119776897066 0.78553131048101821 0.75648853555321693 0.1839098772034049
leaf_count=49 7 15 32 422 75 16 34 36 6 161 132 53 35 3 1026 629 300 101 47 22 27 15 20 36 60 13 11
internal_value=1.06083e-05 -0.00599921 -0.0202165 -0.0301835 0.00533726 0.00248421 0.00193625 0.0281641 -0.0441146 0.00537608 0.00212397 -0.0136164 0.000747506 0.00190537 0.00425066 0.0031133 -0.0103824 -0.0043624 0.0141573 0.0307712 -0.0228989 -0.0339264 -0.0492554 0.0561 0.0546356 -0.0525733 -0.0505596
internal_weight=94.3743 22.9012 8.55832 6.70511 1.8889 14.3428 71.4731 3.09898 4.8162 13.6375 12.746 5.52238 68.3742 65.1824 54.7354 53.5271 10.447 9.14251 7.22363 1.2982 3.19172 2.26071 4.53874 1.73671 1.2083 1.3045 0.590702
internal_count=3383 1061 637 605 157 424 2322 79 448 408 393 185 2243 2167 1718 1655 449 401 208 71 76 42 442 43 63 48 86
is_linear=0
shrinkage=0.05


Tree=209
num_leaves=31
num_cat=0
split_feature=23 51 51 26 65 29 62 64 61 35 47 66 61 11 48 54 76 29 56 43 48 22 29 20 20 5 73 43 23 30
split_gain=0.417831 0.975147 0.972925 1.23249 1.42175 1.30531 0.901788 1.0221 1.44436 1.33394 0.981814 0.969438 0.852269 0.886797 1.33983 0.83778 0.834267 0.815395 1.08587 1.12347 0.988391 0.84016 0.797871 1.14958 0.770931 0.763438 0.703882 0.695646 0.616082 0.59618
threshold=-0.00088612307050939243 -0.030045352242859921 1.128761595343216 0.72913390149910939 0.0074750484714247055 -70.64787286084173 0.00024651093482067212 0.0038131266198954696 0.0007583966593431693 0.40230440081356639 0.52820304056958656 0.69112236994192788 0.00095325179731112534 0.0021245571730250661 1.8648247921100165 0.40182230815145986 10.500000000000002 64.175712668922657 0.0010976510990756063 36.336448139153177 1.8203540922119774 -0.0013861026720718981 0.56634368402228585 -0.0033728516046206409 0.0016461128292840634 2528547.8848378002 5.1081534552328192 48.448911187994135 0.0020358065911946226 -17.810078717044803
decision_type=2 2 2 2 2 2 2 2 2 2 2 2 2 2 2 2 2 2 2 2 2 2 2 2 2 2 2 2 2 2
left_child=1 6 12 5 16 -4 7 10 9 -9 15 -12 13 22 -15 -1 29 18 19 20 -3 -21 24 -24 -2 28 27 -20 -7 -5
right_child=2 17 3 4 -6 25 -8 8 -10 -11 11 -13 -14 14 -16 -17 -18 -19 26 21 -22 -23 23 -25 -26 -27 -28 -29 -30 -31
leaf_value=-0.013181808477923536 0.011877306929741031 0.021314656982731668 0.040669263008346286 -0.053166056233833442 -0.075941342810917786 0.0065636841238531293 0.038333849077299816 0.039043417734218266 0.047687372133541961 -0.02497026752592784 0.025674480733911178 -0.031125683340666323 -0.024951169719106908 0.054414506052365468 -0.044366963261587039 0.037999035745092058 0.034847853283458588 -0.029087784975704634 -0.0058500096811703551 -0.035856507856436896 -0.011292769710300236 0.00086792296130527814 -0.040017762031642493 0.0037034707143286504 0.052344735397706871 0.014606735859522692 -0.017790692971260194 0.052469046896168672 -0.046338848392074722 0.010439576172818977
leaf_weight=2.6683090747101299 13.196855100046376 7.3667824380099862 0.68862396338954557 0.54018215695396055 0.44598320126533497 0.6322346148081105 0.89074695343151589 1.0721459320047859 1.4652876928448675 3.3777021321002394 0.80800600891234253 10.686845422722397 1.9736191048286844 2.0416394529747772 0.41265309415757645 1.1416739681735633 2.7283117863116786 1.7369243681896467 0.64313733926974226 2.8176964243175462 3.3950245481682941 3.4817943956004447 1.6474839958827896 17.199316330224981 1.2921476222109038 0.75291843293234695 0.61980469711124886 2.4951420768047683 4.2482733022188768 1.1585191466729154
leaf_count=129 410 250 13 9 2 45 30 53 38 117 30 279 61 113 8 36 202 39 16 152 127 115 24 721 40 33 20 101 107 63
internal_value=7.49037e-06 -0.0034895 0.00319793 -0.00974757 0.00914886 -0.0243128 -0.0109513 -0.0130201 0.00463114 -0.00954682 -0.0198422 -0.027133 0.00703562 0.00879951 0.0378059 0.0021547 0.017721 0.0038249 0.00657075 0.00121154 0.011028 -0.0155585 0.00666397 -0.0001184 0.0154862 -0.0322561 0.030901 0.0405175 -0.0394857 -0.00978683
internal_weight=93.6258 44.667 48.9588 11.195 4.873 6.32205 22.1107 21.22 5.91514 4.44985 15.3048 11.4949 37.7637 35.7901 2.45429 3.80998 4.42701 22.5563 20.8194 17.0613 10.7618 6.29949 33.3358 18.8468 14.489 5.63343 3.75808 3.13828 4.88051 1.6987
internal_count=3383 1532 1851 474 276 198 712 682 208 170 474 309 1377 1316 121 165 274 820 781 644 377 267 1195 745 450 185 137 117 152 72
is_linear=0
shrinkage=0.05


Tree=210
num_leaves=17
num_cat=0
split_feature=44 32 55 6 6 8 42 76 25 70 35 11 1 76 63 41
split_gain=0.416196 0.571041 1.0123 0.549567 1.49454 1.12918 1.37936 1.14227 1.09125 0.463143 0.97018 0.412258 0.342882 0.233697 0.263946 0.00479719
threshold=4829.9937000000018 62995.780705169374 63033.195732942804 4491.5000000000009 4332.5000000000009 1015158.5942040501 47.465933790974155 27.500000000000004 67.465392795736349 0.84446279931415036 0.88511483546962733 -0.00026474320141262048 64528.945000000007 43.500000000000007 0.0021995675653980829 61.425929548359697
decision_type=2 2 2 2 2 2 2 2 2 2 2 2 2 2 2 2
left_child=9 11 15 4 8 6 -5 -7 -4 13 -11 -2 -6 14 -1 -3
right_child=1 2 3 5 12 7 -8 -9 -10 10 -12 -13 -14 -15 -16 -17
leaf_value=0.052691065192051904 -0.055953456681134987 0.053224319367427636 -0.0021698628071071262 -0.018353103718787869 0.051476248251202034 -0.0081675040778868228 0.026147258264926639 0.022034270325916913 0.019639416261666043 -0.050406627546815998 0.048558844979307833 0.0014071127358604579 0.015915939446547161 0.065676878718773604 -0.0071800457674268126 0.045867856536317586
leaf_weight=0.36568464897572928 0.79272331111133099 0.63317731057759274 47.47138681524666 16.743322550202727 1.73918406269513 6.8501828394364548 1.9435024950653303 5.7658585343160667 6.5239029814256346 0.53370550228282798 0.46202436764724553 0.51788555504754075 1.1108609801158307 0.54788222769275308 0.37069419410545379 0.34093584283255041
leaf_count=12 31 28 1652 442 34 170 54 218 567 33 16 23 39 6 31 27
internal_value=8.45358e-06 -0.000523473 -4.16544e-05 -0.000601836 0.00232783 -0.00592205 -0.0137249 0.00563549 0.000465212 0.0211067 -0.00448608 -0.0332875 0.0376159 0.0409495 0.0225519 0.0506496
internal_weight=92.7129 90.4329 89.1223 88.1482 56.8453 31.3029 18.6868 12.616 53.9953 2.27999 0.99573 1.31061 2.85005 1.28426 0.736379 0.974113
internal_count=3383 3285 3231 3176 2292 884 496 388 2219 98 49 54 73 49 43 55
is_linear=0
shrinkage=0.05


Tree=211
num_leaves=27
num_cat=0
split_feature=21 35 46 42 72 67 21 75 67 21 42 64 64 58 21 71 60 59 60 60 21 22 56 13 25 25
split_gain=0.438177 1.04589 1.09262 1.30892 1.35986 0.982615 0.853503 0.803958 1.16436 0.743099 0.859171 0.82074 0.766901 0.711119 0.70023 0.650367 0.656289 0.985723 0.722846 0.330953 0.769182 0.270569 0.0141827 0.00118371 0.00112394 0.000149624
threshold=-0.0015361486470858441 0.50003405913669097 0.25184916219825765 30.585474644335445 0.00034141234068297004 0.90849331055611826 -0.001844445667196992 1.0000000180025095e-35 0.88552672068424299 -0.0034922542918503492 23.659675920540597 0.0044157850011848293 0.002722310411420356 0.0005538638828325842 -0.0014700963310746438 -0.00067248022485288928 0.00029738393794821537 0.00033658595450172069 0.00033761373147595534 0.00066330153360476967 0.00068272909519206959 -0.00038449532054518615 -0.0023041688528474681 0.0017866200642172594 36.75682182110851 40.489398911813957
decision_type=2 2 2 2 2 2 2 2 2 2 2 2 2 2 2 2 2 2 2 2 2 2 2 2 2 2
left_child=1 2 3 23 21 -6 9 8 22 11 -11 12 -3 -12 -9 19 17 -17 -18 20 -16 -5 -2 25 -13 -1
right_child=7 6 -4 4 5 -7 -8 14 -10 10 13 24 -14 -15 15 16 18 -19 -20 -21 -22 -23 -24 -25 -26 -27
leaf_value=-0.050502983314336149 0.060576466866219716 -0.051139610708808486 0.014000673886344062 0.010176807537230036 -0.051784842295583292 0.040460085030784548 -0.053254180771125342 0.054425491457912201 -0.007219244251158107 0.066535845859832465 0.054089375605258477 -0.050810060733916342 0.0058314820763272794 0.0018649011420456196 -0.044336823752721514 0.015845707094220878 0.024675236823577994 -0.046446070826585452 0.0011529129354892059 -0.044825560958842325 0.01720189705345759 0.059027841967004946 0.051257005248613055 -0.054440529832293 -0.054758218072424474 -0.051200252703236263
leaf_weight=1.9030707781785192 0.74242911860346794 0.64987622643820842 1.8024545814841983 0.51635088177863508 1.4108463200973345 0.36296639847569157 0.6620273320004334 0.60363621357828279 1.34587432682747 0.81466611102223296 0.78667783387936641 0.55623897723853577 6.4876735196448863 3.802661903668195 0.91895093256607641 1.0255894818110385 3.4635121950414023 1.6679519512690602 57.293312910362147 1.051466016564518 1.1348473934922365 0.62840163707733177 0.90694425324909322 0.23793148901313532 0.26668056007474661 1.2915093214251099
leaf_count=319 7 59 32 48 132 14 16 11 36 6 14 56 167 100 22 139 193 51 1773 17 37 6 36 5 6 81
internal_value=9.59093e-06 -0.00611616 -0.0203569 -0.0301077 -0.00549133 -0.0329092 0.00216192 0.00194631 0.0272915 0.00490703 0.0192167 -0.00480715 0.000644246 0.0108169 0.000815932 0.000329712 0.00142314 -0.0227279 0.00249383 -0.0220124 -0.010333 0.0369931 0.055452 -0.0510383 -0.0520895 -0.0507849
internal_weight=92.3345 22.18 8.15353 6.35108 2.91857 1.77381 14.0265 70.1545 2.99525 13.3645 5.40401 7.96047 7.13755 4.58934 67.1593 66.5556 63.4504 2.69354 60.7568 3.10526 2.0538 1.14475 1.64937 3.43251 0.82292 3.19458
internal_count=3383 1061 637 605 200 146 424 2322 79 408 120 288 226 114 2243 2232 2156 190 1966 76 59 54 43 405 62 400
is_linear=0
shrinkage=0.05


Tree=212
num_leaves=11
num_cat=0
split_feature=67 67 63 62 42 42 62 47 42 46
split_gain=0.413547 0.602669 0.700414 0.594059 1.09756 0.776357 0.679152 0.457265 0.260663 0.0439008
threshold=0.96077664171744948 0.94960070088403337 0.0038641706047626897 0.00022921988763948295 40.137856863696278 61.90571010761613 9.7398674043374953e-05 0.82272402859067773 13.88956481810987 0.058437009369474158
decision_type=2 2 2 2 2 2 2 2 2 2
left_child=1 2 3 5 9 6 -1 -6 -4 -5
right_child=-2 -3 8 4 7 -7 -8 -9 -10 -11
leaf_value=0.00091601407525754893 -0.044040271711397419 0.028970253328034885 0.0041436577648595258 0.036896911378590934 0.028390121892012479 0.052302201041835243 -0.0089821437943820564 -0.039304521500825612 0.060951964478537041 0.056062953197501222
leaf_weight=60.945731707528466 0.52980735944583912 1.7922457088716317 0.29636230645701189 0.41342612402513568 0.38673988822847583 0.66584585467353363 24.215756173187401 0.70276038674637675 0.63370676781050861 1.0773994326591489
leaf_count=2385 13 39 12 34 26 18 767 23 36 30
internal_value=6.54452e-06 0.000262622 -0.000313295 -0.000767386 0.0228709 -0.00147805 -0.00189854 -0.015275 0.0428503 0.050748
internal_weight=91.6598 91.13 89.3377 88.4077 2.58033 85.8273 85.1615 1.0895 0.930069 1.49083
internal_count=3383 3370 3331 3283 113 3170 3152 49 48 64
is_linear=0
shrinkage=0.05


Tree=213
num_leaves=31
num_cat=0
split_feature=21 30 63 23 13 56 14 44 76 29 26 22 44 76 42 76 21 26 57 50 22 63 61 32 0 76 44 29 10 56
split_gain=0.415888 0.721694 1.26539 0.807247 0.72541 1.58885 1.34269 1.37978 1.35792 0.803715 0.643769 1.36451 0.829919 0.884261 1.0453 0.81035 1.15124 1.2271 1.15509 1.1337 0.756696 0.659684 0.623169 0.473804 0.4127 0.1394 0.00701246 0.00135338 0.000720995 0.00015493
threshold=-0.00021426771200661052 88.153230794695375 0.0024102302400871825 0.009808787735547388 -0.0023877375880236858 -0.0033474104552805701 -0.00035558513439770673 5214.3737200000005 36.500000000000007 -71.951767141472359 0.63752589074165067 -0.0043401216098214448 6883.7325499999906 11.500000000000002 29.835133917923176 56.500000000000007 -0.00029751453676046807 0.33669436679612269 0.00043440706527209328 0.61921269279399194 -0.0023213081769061779 0.0022296999507507563 0.0007059042075922196 62995.780705169374 64536.005000000012 27.500000000000004 6614.8626999999879 -21.524009705313798 -0.00099734998596062697 -0.0028039809344852624
decision_type=2 2 2 2 2 2 2 2 2 2 2 2 2 2 2 2 2 2 2 2 2 2 2 2 2 2 2 2 2 2
left_child=10 3 -3 4 5 9 8 -8 -6 -2 15 26 13 -13 -15 16 17 19 -19 -1 -14 -17 -4 -5 -7 -22 27 29 -25 -12
right_child=1 2 22 23 6 24 7 -9 -10 -11 11 12 20 14 -16 21 -18 18 -20 -21 25 -23 -24 28 -26 -27 -28 -29 -30 -31
leaf_value=-0.035320863639135738 0.029441154330883679 -0.04509854995943096 -0.02665067532427854 -0.037316769127781833 0.0099373705175134532 -0.055246490921963487 0.036906745509586274 -0.001953528643812819 0.052217841406847688 -0.016537884618726999 -0.05088962780656639 -0.02603948881908302 0.0070831910421608668 -0.0069160927189686021 0.045129184748907009 0.00080771584363121358 -0.049619429935513708 0.042466124511354904 0.0028630860560798009 -0.0015552495006044026 -0.057394494786987937 0.060230359251236591 0.052528025802685833 0.05333598388613861 -0.018035369260538312 -0.031826275044387307 -0.04572246211370834 -0.05462214236182239 0.050668841916601093 -0.052162824218302865
leaf_weight=3.0565839116461673 2.184466565959156 1.9284458321053528 0.39719364303164162 0.17049671150743861 6.2061861784895864 1.6997225740924471 2.4720623326720661 30.06172030599555 2.736338822520338 1.6824458409100769 0.42074982402846228 1.5033307406119982 1.1802284270524981 1.9252675939351322 1.9337832608725873 0.89409625204279908 1.2204627022147203 2.7158781655598414 5.716784343123436 13.315157231641932 0.92102472577244077 0.97789174038916826 0.66380823636427522 0.34707779437303532 1.3267421131022272 1.2656468376517294 0.45496933767572034 0.60611699754372161 0.9386362038203514 0.55294641829095781
leaf_count=241 35 36 14 5 220 25 72 1116 117 20 30 30 19 41 54 33 33 61 183 650 18 13 34 6 22 26 29 12 166 22
internal_value=7.67013e-06 0.0028921 -0.0209694 0.00432374 0.00321948 -0.0118001 0.00571575 0.000999249 0.0228748 0.00943624 -0.0039328 -0.0143198 -0.00572487 0.00649129 0.019164 7.50326e-05 -0.00221049 0.000122192 0.0156179 -0.00785925 -0.0251813 0.031849 0.0228869 0.041003 -0.0389339 -0.0425956 -0.0511921 -0.0527673 0.0513888 -0.0516127
internal_weight=91.4763 52.8153 2.98945 49.8259 48.3697 6.89338 41.4763 32.5338 8.94253 3.86691 38.6609 10.7641 8.72928 5.36238 3.85905 27.8969 26.0249 24.8044 8.43266 16.3717 3.3669 1.87199 1.061 1.45621 3.02646 2.18667 2.03478 1.57981 1.28571 0.973696
internal_count=3383 1888 84 1804 1627 102 1525 1188 337 55 1495 281 188 125 95 1214 1168 1135 244 891 63 46 48 177 47 44 93 64 172 52
is_linear=0
shrinkage=0.05


Tree=214
num_leaves=30
num_cat=0
split_feature=64 46 32 55 32 45 59 69 34 69 15 43 45 43 76 60 21 45 13 22 70 2 41 60 46 21 26 3 25
split_gain=0.404751 1.17235 0.486868 2.15188 1.78858 1.28482 1.23618 1.57086 1.51406 1.37458 0.991906 0.895631 1.64883 1.33828 0.775917 0.382923 0.416357 0.330584 0.16587 0.160945 0.364601 0.0407614 0.0134098 0.0105927 0.0047078 0.00250232 7.84779e-05 1.45046e-05 1.1386e-06
threshold=0.0056655613726146045 0.032332012400849486 65116.328754798204 64888.895785978581 65333.356779219539 7714.8273295617955 0.00040051019670725262 0.93192475914814288 66626.874458637889 0.96477076712395016 -0.0030573097990708171 55.782835213813087 6314.2046695784202 54.271496180260762 35.500000000000007 0.00036735749824909331 0.00016251337919570566 6781.2494140462413 0.0030178857950670106 -0.00026681713187043371 0.78895761735595304 65132.780000000006 41.857207175958813 0.00057946083877855905 -0.27995713361846708 -0.00033254893747691744 0.29925952336464851 64966.445000000007 78.751181617926832
decision_type=2 2 2 2 2 2 2 2 2 2 2 2 2 2 2 2 2 2 2 2 2 2 2 2 2 2 2 2 2
left_child=2 -2 3 5 10 11 15 8 -8 -9 14 13 -13 -1 -4 16 -6 22 -17 21 -21 -12 24 -7 -5 -3 -27 -28 -29
right_child=1 25 4 17 6 23 7 9 -10 -11 19 12 -14 -15 -16 18 -18 -19 -20 20 -22 -23 -24 -25 -26 26 27 28 -30
leaf_value=-0.0021555953327452677 -0.015777226291586312 0.055593664778538748 -0.034637506937516292 0.053997365317174584 -0.051420076752384448 -0.048670083328978368 0.02944930459777409 -0.053288852283730419 -0.020891146912932528 0.012118062792476627 -0.053158701927679866 -0.0042357885756825501 0.020571683089081548 -0.043456955266610003 0.03322593495061784 -0.048453516193443222 0.050717729698064234 0.015644005559784957 -0.095960324547854095 -0.055168632308091603 -0.0040583641024058799 -0.068963912587926043 0.058200429475920017 -0.058529057036418732 0.044900675391970013 0.051901087023697702 0.051096950929460344 0.050441798891130901 0.050646040339987188
leaf_weight=37.370508173888084 1.1905781941022717 0.5677430909126997 0.89179632114246465 0.26577596366405487 0.20885841903509461 0.49991753615904488 6.6413305720780027 1.7231677913223387 1.9270494026131926 1.5047040600329635 0.8318494736449793 14.14226791780675 12.724791950255165 2.0700090958271167 0.79817078541964293 0.69663908705115318 0.1910456718178466 0.70010996004566539 0.24955695867538452 1.0738791381008947 0.51688206283142801 0.80048396810889244 1.4174889506539328 0.5987682300619781 0.30596999241970424 0.23310174560174324 0.20918087870813906 0.13690623111324385 0.13604567665606737
leaf_count=1286 37 9 27 4 20 33 266 65 39 44 57 531 532 54 20 74 29 18 1 30 59 5 28 9 40 9 16 26 15
internal_value=7.99548e-06 0.0199557 -0.000551747 0.00133416 -0.00787331 -0.000415712 0.00174858 0.00692871 0.0181276 -0.0227988 -0.0336117 0.000472868 0.00751354 -0.00432327 -0.00258563 -0.0436463 -0.00262591 0.0451933 -0.0609833 -0.0498796 -0.0385615 -0.0609095 0.0555932 -0.0540431 0.0491293 0.0531152 0.0511479 0.0507837 0.0505436
internal_weight=90.6246 2.47356 88.151 70.0956 18.0554 67.4063 13.1424 11.7963 8.56838 3.22787 4.91306 66.3076 26.8671 39.4405 1.68997 1.3461 0.399904 2.68934 0.946196 3.22309 1.59076 1.63233 1.98923 1.09869 0.571746 1.28298 0.715235 0.482133 0.272952
internal_count=3383 112 3271 2535 736 2445 538 414 305 109 198 2403 1063 1340 47 124 49 90 75 151 89 62 72 42 44 75 66 57 41
is_linear=0
shrinkage=0.05


Tree=215
num_leaves=26
num_cat=0
split_feature=23 41 62 41 32 55 1 74 61 44 59 77 68 47 5 44 59 31 30 62 67 73 27 28 47
split_gain=0.393192 0.823037 0.725457 0.924334 0.61883 1.94835 1.54357 1.23843 1.32519 0.908561 0.841967 0.923861 0.756789 0.736744 0.612517 0.413486 0.378374 0.246574 0.0154933 0.0119385 0.00680892 0.000388992 0.000207116 0.000129879 7.62152e-06
threshold=-0.016135671453120001 80.082306664335206 0.00022921988763948295 62.092973860269502 65116.328754798204 64888.895785978581 65489.265000000007 9.536046089969707 0.00030772203150482524 6238.1507450000026 0.00033658595450172069 1.0000000180025095e-35 -0.00035011210551860733 0.80240750698446572 1647432.6237777004 6805.1916950000013 0.00047061404740822009 5.1361801440586961 -149.90874214994378 7.8056689896142506e-05 0.90159638031442924 0.86099964066798818 0.32973744949857847 0.66406485976140706 0.98526060595273202
decision_type=2 2 2 2 2 2 2 2 2 2 2 2 2 2 2 2 2 2 2 2 2 2 2 2 2
left_child=1 17 4 20 5 10 9 16 -9 14 11 -2 -11 -12 -6 19 -8 18 -1 -7 -4 -20 -22 -23 -24
right_child=2 -3 3 -5 6 15 7 8 -10 12 13 -13 -14 -15 -16 -17 -18 -19 21 -21 22 23 24 -25 -26
leaf_value=-0.067156271370506671 -0.044814857711590259 0.025894682969809742 0.058630791329004388 -0.015872180955970792 -0.028135549662951616 0.050079710858278108 0.001678782902957848 -0.055952797759168171 0.0032206032641129037 0.0062118308496519267 0.0053490519725280239 0.034812282527030523 -0.039282776206776504 -0.0056724719247902089 0.062927857959986191 0.0078082360392985051 0.051992543830268294 -0.0017300657447394422 -0.053826355669555195 0.058120728969196025 0.052416141075803058 -0.050602166310571808 0.050536263613487536 -0.052064245145843582 0.05094593550941489
leaf_weight=0.19020406901836373 0.41653744969516937 0.62038091337308277 0.57224406301975184 0.71744127734564234 0.31212696689181285 0.71914341620868061 0.49837098957504977 1.0873161700437757 7.2880602912046015 1.0935476266313342 26.222192177257966 2.9030364416830707 5.5706019793869928 35.950269243854564 0.45216874405741692 0.59576760628260661 1.4933811612427232 0.28161718999035645 0.1456421958282581 1.2889430174836887 0.306917704641819 0.55041515699122101 0.23403485724702477 0.20978441671468318 0.22048724070191383
leaf_count=1 24 27 5 29 27 47 34 46 283 48 867 313 276 1086 22 17 41 24 3 26 9 77 28 8 15
internal_value=6.2785e-06 -0.0219264 0.000504586 0.0298916 -0.000197188 0.00197239 -0.00849923 0.00396589 -0.00446146 -0.0258955 0.000286008 0.0248207 -0.0318174 -0.00102397 0.0257389 0.0443883 0.0394032 -0.0434609 -0.0541832 0.055241 0.0545097 -0.0514592 0.0514126 -0.0510056 0.050735
internal_weight=89.9406 1.99804 87.9426 2.05113 85.8915 68.0959 17.7956 10.3671 8.37538 7.42845 65.492 3.31957 6.66415 62.1725 0.764296 2.60385 1.99175 1.37766 1.09605 2.00809 1.33368 0.905842 0.76144 0.7602 0.454522
internal_count=3383 140 3243 86 3157 2380 777 404 329 373 2290 337 324 1953 49 90 75 113 89 73 57 88 52 85 43
is_linear=0
shrinkage=0.05


Tree=216
num_leaves=31
num_cat=0
split_feature=21 65 30 29 42 14 35 63 32 41 30 10 62 35 25 67 62 52 46 74 29 73 28 9 46 29 9 72 0 42
split_gain=0.391513 0.709826 0.655998 1.25045 1.4449 1.43425 1.14988 1.09365 1.06343 1.11314 0.961205 0.597482 0.888546 0.900321 0.975825 0.965252 0.825234 0.740144 0.939063 0.734939 0.839759 0.551198 0.51939 0.469346 0.447081 0.417202 0.282429 0.251834 0.21135 0.0953235
threshold=-0.00049736631271762855 0.0051212294767676624 -52.810105883216224 -32.432451691020098 36.868156060652666 -0.00035558513439770673 0.38912488882503932 0.0017715127499993459 64445.818705582242 80.082306664335206 -45.464836706537817 1.3965539168880882e-05 2.9173092330680082e-05 0.24378457154064923 44.800775898576724 0.84759171512106168 1.5471851391870461e-05 0.55404488088661985 0.30704317782338775 58.828181578881235 -21.914197389229226 2.7311755157602233 0.14604223007802725 -0.00020643200313796847 0.12843176757582217 1.6755251166541714 0.00023260707468586442 0.00058549625322930593 63735.640000000007 17.569639635921565
decision_type=2 2 2 2 2 2 2 2 2 2 2 2 2 2 2 2 2 2 2 2 2 2 2 2 2 2 2 2 2 2
left_child=11 22 8 4 -4 6 -5 -7 9 21 -6 12 16 28 15 -15 -1 23 19 20 -19 -3 -2 24 27 -16 -25 -13 -14 -24
right_child=1 2 3 5 10 7 -8 -9 -10 -11 -12 17 13 14 25 -17 -18 18 -20 -21 -22 -23 29 26 -26 -27 -28 -29 -30 -31
leaf_value=0.052077502409537527 -0.031793813026781921 -0.036027113779384175 -0.05229619941382227 0.032014409867774866 0.046508635717484294 -0.012908579130969778 -0.010429377161887667 0.0045995591977541841 0.048178704639338474 0.052295321147001674 -0.025124373114184334 0.0046204984815324639 0.014330316460231224 0.022489923670386824 0.053073373885707542 -0.0073347645574511448 -0.052348508775075402 0.00036101425203325575 0.039998486311926797 0.034012374326831456 -0.04058119443496095 0.0083191286761098195 0.0012735215343306593 -0.054375828459196286 0.026018486705050282 0.017214735757020299 -0.021236576331921709 -0.044617137561809128 -0.051586493267263861 0.053804911208354539
leaf_weight=0.2227192537393482 0.23174305912107129 1.354162663221359 2.3583535482175639 6.144766358251216 0.83381192944943894 14.242996535118435 2.1555209467187524 23.863609864085447 1.9033952197059987 0.84782908740453411 1.0683251852169631 0.39967181487008907 0.14143729128409421 3.6490643821889561 1.2293470851145678 10.574133340734987 1.2567341410322113 2.7704077572561796 1.0589117128401992 0.77942821849137534 2.2857516421936457 1.4520645127631722 0.093463985016569384 1.7475590868853017 0.59733888274058689 2.384452654980123 1.0171377037186173 0.74148052511736751 0.8672364026424475 1.1358482364157678
leaf_count=5 13 15 42 204 17 620 54 746 62 34 25 18 11 138 16 536 163 86 13 20 63 30 20 66 11 61 32 34 75 153
internal_value=7.14325e-06 0.00246075 0.00156666 -0.000222015 -0.0261459 0.00215799 0.0209921 -0.00194441 0.017874 0.00208832 0.00627634 -0.00445457 0.000683951 0.00361308 0.0062119 0.000316975 -0.0366281 -0.0136179 -0.00332052 -0.0111811 -0.0181478 -0.0130804 0.0368674 -0.0293836 -0.00902748 0.0294132 -0.0421838 -0.0273724 -0.0423436 0.049811
internal_weight=89.4087 57.6859 56.2248 50.6674 4.26049 46.4069 8.30029 38.1066 5.55745 3.65406 1.90214 31.7228 20.3251 18.8457 17.837 14.2232 1.47945 11.3977 6.8945 5.83559 5.05616 2.80623 1.46106 4.50319 1.73849 3.6138 2.7647 1.14115 1.00867 1.22931
internal_count=3383 2035 1849 1708 84 1624 258 1366 141 79 42 1348 1005 837 751 674 168 343 182 169 149 45 186 161 63 77 98 52 86 173
is_linear=0
shrinkage=0.05


Tree=217
num_leaves=15
num_cat=0
split_feature=31 23 62 28 69 63 12 24 24 22 76 62 9 26
split_gain=0.392811 0.656408 0.627809 0.655741 1.20786 1.25914 1.15224 1.06554 0.865407 0.572421 0.461829 0.000311918 4.87628e-05 2.65273e-06
threshold=-38.043032538030594 -0.016135671453120001 0.00024651093482067212 0.23074641182979874 0.72568448183498935 0.0020407255168934557 -0.0023751110796337289 25.973755120615213 30.892693320616676 -0.00060121550690861436 20.500000000000004 6.8283581693735521e-05 -0.0010525547293316893 0.55381291157880819
decision_type=2 2 2 2 2 2 2 2 2 2 2 2 2 2
left_child=-1 9 3 4 6 -6 -3 -5 -9 11 -4 -2 -13 -14
right_child=1 2 10 7 5 -7 -8 8 -10 -11 -12 12 13 -15
leaf_value=0.022414504270008129 -0.052480809432561663 -0.019373401738664663 -0.004120462282184034 0.042742667436547088 -0.032601441126909554 -0.0026395730447762518 0.025889390487029446 -0.031746832173224791 0.0021115106833819596 0.010608590271514132 0.055007983924686914 -0.051421670605995312 -0.05039640140959753 -0.050631651100060786
leaf_weight=1.9134672917425621 0.45177633618004598 2.1552792353322729 0.52417678502388187 1.5708747385069717 6.4512822489486989 7.6819251215783879 4.0446712346165468 1.9488253240706388 59.72819553813315 0.55008424003608425 0.89257376152090728 0.21285587595775712 0.24327861168421816 0.23615790624171495
leaf_count=28 30 114 24 33 324 261 149 65 2211 30 39 14 39 22
internal_value=6.13279e-06 -0.000488465 0.000125777 -0.000433687 -0.00824462 -0.016316 0.0101548 0.0020774 0.00104168 -0.0313058 0.0331313 -0.0514588 -0.0507919 -0.0505123
internal_weight=88.6054 86.692 84.9978 83.5811 20.3332 14.1332 6.19995 63.2479 61.677 1.69415 1.41675 1.14407 0.692292 0.479437
internal_count=3383 3355 3220 3157 848 585 263 2309 2276 135 63 105 75 61
is_linear=0
shrinkage=0.05


Tree=218
num_leaves=22
num_cat=0
split_feature=66 21 67 42 14 30 62 46 74 74 14 50 79 21 25 15 62 8 28 17 41
split_gain=0.390587 0.432778 1.701 2.05567 1.19711 1.04896 1.01072 0.999238 0.826374 1.00178 1.20894 1.41686 1.01109 0.900905 1.2891 0.861481 0.525583 0.0309053 0.00017647 4.68966e-05 2.88193e-05
threshold=0.24377118162016057 0.0017896553410695628 0.85021479816920265 24.202724566023043 -0.0028300395042705757 88.153230794695375 1.1831047651974344e-05 0.1184749713899145 88.209632817828478 47.419934808692325 -3.072449730884274e-05 1.7695313650196762 -0.70710678118654757 -0.00021426771200661052 73.635014212907137 -0.0042410628377438355 0.0002224096938931794 793996.46184830007 0.025484742009869957 -0.00044428078238056829 52.478587344359177
decision_type=2 2 2 2 2 2 2 2 2 2 2 2 2 2 2 2 2 2 2 2 2
left_child=-1 8 18 4 -4 7 -6 -5 9 10 12 -12 -2 15 -15 -11 17 -10 -3 -20 -21
right_child=1 2 3 5 6 -7 -8 -9 16 13 11 -13 -14 14 -16 -17 -18 -19 19 20 -22
leaf_value=-0.047213404956113487 0.01374179837630196 0.052425054501058194 -0.054481001085503404 0.009979741886654122 -0.069057274887104989 -0.045207708941259993 0.046360806198673499 -0.01692255675868257 -0.04562253168115836 -0.034282996595486386 -0.017106985680791859 0.015259767876818785 -0.0052259326891004564 0.043283413344423385 -0.02163084598607691 0.010176147698141928 0.00087552661337984134 -0.062230946168080975 0.051217120143369432 0.050336760160054186 0.050798651176365207
leaf_weight=0.43580065295100112 12.799795021652242 0.13973347796127455 0.36212415061891068 7.6480678211664763 0.19980759918690028 1.5751845717895765 3.742774457030464 6.29080018424429 0.47715585702098795 1.3778739369008688 20.63093405839755 4.0439387061051084 15.574910798051858 3.6496563171967846 0.96755535434931506 5.2077838231343776 0.64836480701342214 0.67825337266549468 0.2503720421809702 1.085520955675747 0.49021888501010824
leaf_count=28 374 4 6 248 1 33 224 242 28 76 571 133 751 109 18 151 27 15 16 287 41
internal_value=4.87886e-06 0.000239141 0.00635048 0.00195016 0.0325205 -0.00653222 0.0405115 -0.00216163 -0.00177631 -0.000839294 -0.00370832 -0.0118024 0.00333039 0.0127466 0.0296804 0.000874253 -0.0351539 -0.0553721 0.0507125 0.0505815 0.0504805
internal_weight=88.2766 87.8408 21.7846 19.8188 4.30471 15.5141 3.94258 13.9389 66.0562 64.2524 53.0496 24.6749 28.3747 11.2029 4.61721 6.58566 1.80377 1.15541 1.96585 1.82611 1.57574
internal_count=3383 3355 1102 754 231 523 225 490 2253 2183 1829 704 1125 354 127 227 70 43 348 344 328
is_linear=0
shrinkage=0.05


Tree=219
num_leaves=31
num_cat=0
split_feature=23 5 29 76 29 48 43 46 69 15 47 45 12 74 51 28 65 73 45 61 30 15 62 56 41 29 60 41 66 49
split_gain=0.379787 0.868826 1.25267 1.09701 0.9844 1.06477 0.970885 0.876029 1.04751 1.07518 1.89785 1.19695 1.01537 0.89331 0.852165 1.19436 1.14039 0.829163 0.939759 0.767735 0.694178 1.03755 0.99479 0.872684 0.773122 0.482035 0.41058 0.350686 0.140971 0.0148678
threshold=-0.00088612307050939243 1408827.5310451002 61.655739859263129 3.5000000000000004 -45.87614417024087 1.4464753058622422 85.187998113579965 0.40949829341826544 0.74169223480613555 -0.002108926051383075 0.67474314452178985 6338.7196136761659 -0.0023751110796337289 8.5879884950769014 1.128761595343216 0.21660330901813143 0.0074750484714247055 5.3414939408621267 7714.8273295617955 0.00095325179731112534 -45.464836706537817 -0.003979851529120281 8.3369077028671332e-05 -0.0041466987932660274 57.102046021823362 -25.984081582439099 0.00040039559331293541 78.900150764939809 0.94957548578510098 1.2536813759458036
decision_type=2 2 2 2 2 2 2 2 2 2 2 2 2 2 2 2 2 2 2 2 2 2 2 2 2 2 2 2 2 2
left_child=1 7 3 -3 5 -5 -4 8 12 11 -11 -10 -1 -14 19 26 17 18 -17 20 23 22 -22 -2 -23 -6 -16 -21 -25 -28
right_child=14 2 6 4 25 -7 -8 -9 9 10 -12 -13 13 -15 15 16 -18 -19 -20 27 21 24 -24 28 -26 -27 29 -29 -30 -31
leaf_value=-0.05292938132330656 -0.0086700131419960164 -0.031117311532277776 -0.049813924094948878 0.024482030544664791 0.052888833287032734 -0.022958007013644467 0.014263559420651748 0.030086332153359815 0.017871485104981828 0.00056362725189628099 -0.044764054120321264 -0.026856505108272269 -0.032260412013046143 0.013337407357817575 -0.0056632395341371265 0.017630775872664036 -0.070099050534094237 -0.038424093648646879 -0.041202292607103126 -0.041580106386442585 0.01270080750682679 0.0045883782655764659 -0.042841684866606139 0.028870584191768141 0.024822487684461894 0.022248386509782957 -0.057330821761727657 0.003146415058692037 0.052348404963994878 -0.047508162366607043
leaf_weight=0.76874928234610607 1.1230473094619813 1.2372331775259215 1.5584059036336833 2.4740695639047754 1.937519921339115 2.2661779127083719 0.95243634213693429 1.3814586817752559 3.3749707951210484 3.5884327583480591 6.4782355305505916 2.6862694610608742 1.2488674112828499 7.6765669248998165 0.5966043426888058 5.8847226967045554 0.54885246604681004 0.97972430300433178 0.76725208200514305 1.1481399289332319 1.3563225003890687 20.565872531820798 1.9874306460842488 1.015131607186045 6.1273663783213115 3.8031945228576678 1.1016758849145842 0.70881834859028447 1.7272926003206519 0.59238421462941904
leaf_count=52 20 32 24 87 42 85 27 36 116 150 204 190 39 302 23 328 3 39 14 34 40 919 33 22 223 146 26 27 59 41
internal_value=7.09873e-06 -0.00346926 0.00654204 0.0134092 0.0186654 0.00180229 -0.0255074 -0.00870576 -0.0107811 -0.0185887 -0.0286062 -0.00195143 0.00220824 0.00695726 0.00312267 -0.00942213 -0.000486443 0.00451992 0.0108449 0.00679608 0.0085107 0.00594407 -0.0203121 0.0284549 0.00923307 0.0325897 -0.0413338 -0.0245076 0.0436579 -0.053896
internal_weight=87.6632 41.4326 14.229 11.7182 10.481 4.74025 2.51084 27.2036 25.8221 16.1279 10.0667 6.06124 9.69418 8.92543 46.2306 10.4712 8.18055 7.6317 6.65197 35.7594 33.9025 30.037 3.34375 3.86547 26.6932 5.74071 2.29066 1.85696 2.74242 1.69406
internal_count=3383 1532 443 392 360 172 51 1089 1053 660 354 306 393 341 1851 474 384 381 342 1377 1316 1215 73 101 1142 188 90 61 81 67
is_linear=0
shrinkage=0.05


Tree=220
num_leaves=31
num_cat=0
split_feature=21 30 63 23 56 29 52 76 22 12 66 74 57 70 26 66 69 69 13 13 50 60 12 70 60 61 54 74 10 31
split_gain=0.410995 0.702755 1.1672 0.743073 0.627605 1.32483 0.977689 0.938766 0.946956 1.30028 0.801103 0.966197 1.14605 0.768651 0.682166 0.62312 1.20528 1.61299 1.05847 1.2477 1.05403 0.693991 0.500955 0.436735 0.350848 0.446228 0.265785 0.125157 0.000570537 4.15093e-05
threshold=-0.00021426771200661052 88.153230794695375 0.0024102302400871825 0.009808787735547388 0.0021821821879221639 -5.9853798789954444 0.6243805229369096 3.5000000000000004 -0.0050453738056315802 -0.0027499762536041801 0.95485840357074347 9.1598381656836398 0.00035733374171657411 0.90073685417602134 0.99992082709708996 0.98017520122568691 0.97295801815391869 0.96639980999133956 -0.0017911829931048227 -0.0030784880541723787 1.3922348691442463 0.00066330153360476967 0.0023516171841031501 0.61239062320818582 0.0004585784907782806 0.00065932098654641186 -0.69212950942452511 23.574517027398777 -0.00099734998596062697 -22.565814098242047
decision_type=2 2 2 2 2 2 2 2 2 2 2 2 2 2 2 2 2 2 2 2 2 2 2 2 2 2 2 2 2 2
left_child=4 3 -3 15 5 7 24 27 9 -9 14 -12 -13 -10 26 16 17 -2 19 -17 -18 -20 -4 -5 -6 -26 -7 -1 -25 -30
right_child=1 2 22 23 6 10 -8 8 13 -11 11 12 -14 -15 -16 18 20 -19 21 -21 -22 -23 -24 28 25 -27 -28 -29 29 -31
leaf_value=-0.021716455281534291 0.0010645831275028746 -0.04478370093076281 -0.020498690104015782 -0.035554793569073276 0.054782406438342812 -0.01606249540061724 -0.019107606331578032 0.00041806594952937165 0.011743032786089984 -0.051559755441539824 0.043661469435396706 0.035962995154133225 -0.037163696412521367 -0.017640380035522357 0.012243898340873397 0.026597790588834803 -0.046506323030267666 0.050923461133852169 0.040692833023630574 -0.036495744454811165 0.012460375779979342 -0.011567394366667601 0.052480514001271697 0.053095571298827617 -0.0085566610090053036 0.040732172627718111 -0.052372090022297341 -0.054553899386271747 0.051564621767948272 0.050511383171381374
leaf_weight=0.4545221281005094 33.212987805163721 1.8389535455498838 0.39559894427657116 0.16462866531219233 1.0026698834262782 0.6007631145184863 1.4811246292665599 3.7130659071262926 14.932042545231527 1.7800089429365495 0.74990214034915004 0.70183351542800698 2.2646519715199247 2.6155495725106439 0.56916125351563085 1.5179946757853033 2.3422883532475676 1.7054256796836842 3.7495225123129776 1.6195991006679831 1.1203220963943747 0.76484214700758446 0.57976476987823844 0.3247774802148341 0.85067079984582938 0.99783527106046677 3.1289769326103833 0.80250161211006343 0.106585576198995 0.76473585097119212
leaf_count=35 1278 36 16 20 20 32 33 167 572 171 12 24 97 84 13 32 45 43 169 21 19 20 32 6 28 25 159 23 4 147
internal_value=3.46649e-06 0.00294191 -0.0213331 0.0043834 -0.00402253 -0.00641846 0.0138478 -0.000603619 0.00169195 -0.0164251 -0.0240457 -0.00704474 -0.0198628 0.0073633 -0.0387429 0.003307 0.000709532 0.00349971 0.0163355 -0.00597055 -0.0274277 0.0318387 0.0228808 0.0407979 0.0309675 0.0180498 -0.0465236 -0.0426803 0.0513069 0.0506402
internal_weight=86.8533 50.208 2.81432 47.3937 36.6453 32.313 4.3323 24.2977 23.0407 5.49307 8.01529 3.71639 2.96649 17.5476 4.2989 46.033 38.381 34.9184 7.65196 3.13759 3.46261 4.51436 0.975364 1.36073 2.85118 1.84851 3.72974 1.25702 1.1961 0.871321
internal_count=3383 1888 84 1804 1495 1389 106 1052 994 338 337 133 121 656 204 1627 1385 1321 242 53 64 189 48 177 73 53 191 58 157 151
is_linear=0
shrinkage=0.05


Tree=221
num_leaves=31
num_cat=0
split_feature=21 35 39 44 43 70 29 70 74 35 28 72 76 35 69 74 69 63 7 0 1 1 12 1 15 73 59 69 25 49
split_gain=0.376036 0.673726 0.962952 1.45642 0.906781 1.00762 0.764363 0.832795 0.761805 0.632406 1.18982 0.879435 1.30725 0.895278 0.930227 0.842367 0.877175 0.837092 0.759009 0.689816 0.882125 0.671887 0.639202 0.609834 0.595486 0.426858 0.393164 0.251299 0.135385 0.054908
threshold=-0.00021426771200661052 0.81722202135732458 64243.877032490018 5736.3010700000004 12.626170247162543 0.91154025240312098 -83.030245442310829 0.84124620380324366 58.828181578881235 0.72453656890209228 0.037434007756069344 0.00051130005631385203 12.500000000000002 0.32450942653594878 0.94621774205023501 32.840077051536674 0.85604236649579513 0.0022296999507507563 0.61236000000000013 64055.400000000009 63988.170000000006 64886.005000000012 0.0028685269501083081 65209.390000000007 -0.010367814933541218 1.9431662336907085 0.00093235801159232779 0.19597416834977269 47.761664544492156 0.56737145254711108
decision_type=2 2 2 2 2 2 2 2 2 2 2 2 2 2 2 2 2 2 2 2 2 2 2 2 2 2 2 2 2 2
left_child=9 4 3 -3 -2 6 -6 -8 23 10 27 12 28 21 -15 17 -17 24 -14 20 -18 -13 -21 -4 -11 -10 -7 -1 -12 -5
right_child=1 2 8 29 5 26 7 -9 25 15 11 13 18 14 -16 16 19 -19 -20 22 -22 -23 -24 -25 -26 -27 -28 -29 -30 -31
leaf_value=0.014143316871950116 -0.051323810796706865 -0.023463693658422238 -0.057001417213484534 0.03007309078296528 0.058867716337046988 0.050978796684580711 0.0080316627190702584 -0.0081142507049377921 -0.025330515087736229 0.039722824488421044 -0.051952504170415706 -0.048902061510546324 -0.0355785228532082 0.0047398203806307678 -0.024754967782662327 0.050769880522023483 -0.027286599776488327 0.044386573253910995 0.017982886869667137 -0.049848375975099585 0.050357048895219372 -0.0086488484897824028 0.012011886166274986 -0.0070708088893257489 -0.027827548529124304 0.036175387789643389 -0.0025336838970584021 -0.051678167120090171 -0.012527095796795718 0.052052919254088663
leaf_weight=0.1585406234953578 0.69862665608525176 1.5753168649971478 1.9649559478275485 0.38950406946241845 0.63255551503971119 1.661244835937395 28.236599054420367 11.136186719057148 0.536261878442019 0.50162555789575003 0.89483546197880304 2.4127047171350595 0.72011909959837694 8.1798806292936188 3.970988279907032 0.57187017775140692 0.74831395363435171 2.316869325004518 8.1155954403802735 1.6046028742566707 0.71566381584852934 1.8176327095134182 0.56450553238391865 0.88784260861575592 0.93320635287091047 0.59517170360777527 0.43263435852713872 1.6989941515494136 0.28777949325740337 1.0503424536436794
leaf_count=10 10 35 28 10 15 79 1199 372 12 9 65 130 39 307 137 18 44 38 281 78 9 76 8 35 37 29 15 196 13 49
internal_value=1.85798e-06 0.00282116 -0.0115599 0.00975875 0.00517311 0.00611066 0.00434097 0.00346496 -0.0276932 -0.00387495 -0.00738112 -0.00465956 0.00700986 -0.0117963 -0.00489928 0.00857678 -0.00679021 0.0258003 0.0136176 -0.0158505 0.0106694 -0.0316066 -0.0337494 -0.0414621 -0.00421155 0.00702364 0.0399221 -0.0460603 -0.0423587 0.046107
internal_weight=86.011 49.7972 6.9994 3.01516 42.7978 42.0992 40.0053 39.3728 3.98423 36.2137 28.2571 26.3995 10.0183 16.3812 12.1509 7.95666 4.20496 3.7517 8.83571 3.63309 1.46398 4.23034 2.16911 2.8528 1.43483 1.13143 2.09388 1.85753 1.18261 1.43985
internal_count=3383 1888 198 94 1690 1680 1586 1571 104 1495 1254 1048 398 650 444 241 157 84 320 139 53 206 86 63 46 41 94 206 78 59
is_linear=0
shrinkage=0.05


Tree=222
num_leaves=31
num_cat=0
split_feature=22 29 14 76 78 14 12 69 41 21 70 48 70 59 22 28 23 21 15 30 57 21 30 65 78 41 54 39 12 21
split_gain=0.401255 1.30799 1.61164 1.27175 1.11929 1.0017 1.4484 1.30008 0.878594 0.978152 1.02592 0.928519 0.899319 0.9827 0.892629 0.460454 0.330078 0.318775 0.277602 0.27392 0.268009 0.383502 0.251713 0.24801 0.207198 0.0926225 0.082844 0.0196643 0.000526466 9.08124e-05
threshold=-0.00067788921431788374 -61.356720734034745 -0.0028868292892301746 36.500000000000007 0.78656609248549325 0.00052104828949450799 -0.0017612051031478668 0.50326590411945149 30.103766492477554 0.0024091447923335623 0.92198308452777666 1.1069616515868128 0.91229231970636093 0.00093235801159232779 -0.00111320860615266 0.15708703508760058 0.0020358065911946226 5.5198144730095329e-05 0.0023777670331306404 -42.129442006898351 0.00044159918106649094 5.5198144730095329e-05 -15.830620486315841 0.0062306213318634512 -0.70710678118654735 29.246219200637636 -0.24623871775847839 65592.97608045068 -0.00031946224761536518 -0.0005918874447174981
decision_type=2 2 2 2 2 2 2 2 2 2 2 2 2 2 2 2 2 2 2 2 2 2 2 2 2 2 2 2 2 2
left_child=8 16 3 19 5 6 -4 -7 11 10 12 20 13 -10 17 -6 -2 29 -11 -3 22 -22 23 -1 -14 -24 -21 -17 -12 -13
right_child=1 2 4 -5 15 7 -8 -9 9 18 28 14 24 -15 -16 27 -18 -19 -20 26 21 -23 25 -25 -26 -27 -28 -29 -30 -31
leaf_value=-0.046126280819706628 0.014605620208432528 -0.018444668915961145 -0.015589535861876442 0.026746913921305928 -0.035688209696012323 -0.026306036076988476 0.021644869257646325 0.001802394640977676 -0.0020074608036707076 0.05244994969418737 -0.050958531769732807 -0.050302066277469117 0.047188076909749826 -0.052903099248016498 0.04446435551194533 0.051652748541395579 0.051981648628709423 0.010685051763488941 0.0058254593854335825 -0.037051898925030143 -0.050534770853403521 0.052560275713599384 -0.051674628708026998 0.043762826461525066 0.015531033517979811 -0.077089268173780701 -0.055522487645293044 0.033679861137950406 -0.053402140019956912 -0.051583457083706347
leaf_weight=0.19266810838598791 0.945788314333185 1.0295755593106153 3.4168768465751773 0.87616852344945062 0.17349558440036972 5.0449878868530531 11.084716298093552 22.285967143106973 24.624832549248836 1.0411307280883182 0.73864375450648367 0.38716919219586998 0.96510030608624253 0.98640903178602357 0.73813952610362299 1.5185400772315913 1.5733771361410616 0.32499156636185944 0.46044269623234857 0.94943584990687702 0.20425883203279216 0.16154876421205699 1.3683630314189934 0.1275254872161895 1.1129101826809336 0.48576587857678521 1.6835139847826202 0.16914012993220229 0.31416864413767942 0.21507779508829117
leaf_count=39 35 27 96 21 10 167 451 887 848 39 60 96 16 55 20 168 26 18 20 29 38 10 76 13 34 6 28 33 8 9
internal_value=-4.75775e-07 0.00282651 0.000992054 -0.0273662 0.00393777 0.00224978 0.0128717 -0.00338611 -0.00416528 -0.00118767 -0.00324295 -0.0255785 -0.00140096 -0.00396769 0.00343681 0.0418776 0.0379493 -0.0292237 0.038153 -0.0403114 -0.0446018 -0.00500571 -0.0512634 -0.0103256 0.0302337 -0.058333 -0.048862 0.0498515 -0.0516877 -0.0507597
internal_weight=85.2007 50.7516 48.2324 4.53869 43.6937 41.8325 14.5016 27.331 34.4491 30.2436 28.7421 4.20551 27.6893 25.6112 1.66538 1.86118 2.51917 0.927239 1.50157 3.66253 2.54013 0.365808 2.17432 0.320194 2.07801 1.85413 2.63295 1.68768 1.05281 0.602247
internal_count=3383 1978 1917 105 1812 1601 547 1054 1405 1080 1021 325 953 903 143 211 61 123 59 84 182 48 134 52 50 82 57 201 68 105
is_linear=0
shrinkage=0.05


Tree=223
num_leaves=17
num_cat=0
split_feature=57 69 57 33 76 15 30 41 69 33 69 64 80 41 26 48
split_gain=0.381481 0.842047 0.681233 0.673872 0.744734 0.521347 0.832818 1.01504 0.602863 1.47442 1.29486 0.429986 0.241448 0.174256 0.0643487 0.0283674
threshold=0.0015442346023439399 0.95427661571699907 0.0012619587949718963 63293.109000000004 9.5000000000000018 -0.010367814933541218 -76.422798010423392 52.632296114714229 0.92782847996500473 64163.25725000001 0.86525231551728765 0.0033646480816741401 0.6078576107927941 65.740114393808838 0.58751436902973841 0.60861006263512307
decision_type=2 2 2 2 2 2 2 2 2 2 2 2 2 2 2 2
left_child=2 12 5 -4 -5 11 7 -7 10 -10 -8 -1 -2 -13 -6 -9
right_child=1 -3 3 4 14 6 8 15 9 -11 -12 13 -14 -15 -16 -17
leaf_value=-0.0048440623636120681 0.015870185266424523 -0.032659475545269878 0.026851891739584289 0.0075423693158217751 -0.052840994678270505 0.03147158404533764 0.0020889980137003814 -0.039665480642694345 0.024573102310791461 -0.0023119323728982583 -0.016282240247215779 0.014404386726545509 0.053515124588084211 0.050591912234117721 -0.034828354991213208 -0.056184208553918404
leaf_weight=0.86665818281471674 0.74672572268173032 0.5705959687475114 0.60157226771116201 0.89172614552080665 1.4400655964855107 0.47343917284160753 39.431000856944593 0.33446970628574479 8.0251454373355973 13.98929996206425 12.674542046035638 0.48591310018673528 0.9915150017477572 1.054827596992254 0.7561758673400617 1.1657359588425604
leaf_count=25 39 38 17 28 34 13 1708 23 276 484 550 16 27 32 25 48
internal_value=-1.29901e-06 0.0200431 -0.000564373 -0.0215614 -0.0309929 0.000422487 -0.000302275 -0.0323579 0.000551292 0.00748874 -0.00237976 0.0233309 0.0373433 0.0391792 -0.0466392 -0.0525014
internal_weight=84.4994 2.30884 82.1906 3.68954 3.08797 78.501 76.0936 1.97364 74.12 22.0144 52.1055 2.4074 1.73824 1.54074 2.19624 1.50021
internal_count=3383 104 3279 104 87 3175 3102 84 3018 760 2258 73 66 48 59 71
is_linear=0
shrinkage=0.05


Tree=224
num_leaves=24
num_cat=0
split_feature=60 59 65 43 63 74 67 63 45 63 78 32 76 23 80 28 56 44 17 12 32 1 42
split_gain=0.379475 1.40906 0.625125 0.570289 0.488218 0.941295 0.855007 0.861536 1.43572 0.940686 0.617476 0.325101 0.305424 0.352765 0.104152 0.152022 0.0417022 0.0288715 0.0287354 0.00296765 0.00158342 0.0001922 8.77418e-06
threshold=0.00029738393794821537 0.00033658595450172069 0.0053783363671136807 92.085489429049105 0.0011241108510572338 13.482495469169473 0.71349758011480768 0.0012987543289029373 6821.5980289811678 0.001346853631017219 -0.60355339059327362 65104.415147417501 42.500000000000007 -0.00030436156948165921 -1.0000000180025095e-35 0.13474435862462092 -0.0012135678424041998 6322.3531250000042 -0.00044428078238056829 -0.00066069592046663617 65053.372288395018 64994.060000000005 40.357243098446943
decision_type=2 2 2 2 2 2 2 2 2 2 2 2 2 2 2 2 2 2 2 2 2 2 2
left_child=1 2 17 4 5 -2 -6 8 -8 -9 -7 20 16 -14 -3 -16 -4 -1 -12 -18 21 22 -5
right_child=3 14 12 11 6 10 7 9 -10 -11 18 -13 13 -15 15 -17 19 -19 -20 -21 -22 -23 -24
leaf_value=-0.022220448975856403 -0.04324014793358813 -0.054156909440047279 0.024821671825127331 0.050322178915360699 0.05511908446887686 -0.00035636602916952839 0.0031333012522269028 0.040338969604495387 -0.047126167670274957 -0.00043345324555995923 0.035885256431845695 -0.0052036133962325634 -0.051180456260665558 0.050555722622083667 -0.052539017963580383 0.0063146946360724092 0.058697026303196224 -0.051171951515582174 0.053165808150840002 0.052005031172872411 0.056228543859591786 0.052603482401139524 0.050742824178486245
leaf_weight=0.13906969985691775 0.50025599013315458 1.3299536594422532 0.14417675649747241 0.2366696175886307 0.68196832021931086 0.95623941812664326 3.1195975547889239 1.4444442089297798 2.6095640087733045 68.602031069109216 0.29215843148995246 0.35084748495137319 0.19111375347711146 0.15375975152710453 0.24500742927193631 0.1987159833079204 0.24385024607181538 0.22613991959951818 1.3624302963435173 0.51673120743362233 0.18792574107646942 0.14645866397768259 0.26033516699681059
leaf_count=29 37 36 11 50 28 29 140 74 81 2508 22 27 19 29 16 27 2 23 84 74 2 4 31
internal_value=-1.42711e-06 -0.0163934 0.0173977 0.000686422 0.000174239 0.0195903 -0.000615806 -0.00111741 -0.0197593 0.000407324 0.0316291 0.0351581 0.0342155 -0.005822 -0.0471584 -0.0261821 0.0494769 -0.0401474 0.0501145 0.0541506 0.0521908 0.0510116 0.0505425
internal_weight=84.1394 3.38852 1.61484 80.7509 79.5687 3.11108 76.4576 75.7756 5.72916 70.0465 2.61083 1.18224 1.24963 0.344874 1.77368 0.443723 0.904758 0.36521 1.65459 0.760581 0.831389 0.643463 0.497005
internal_count=3383 266 187 3117 3003 172 2831 2803 221 2582 135 114 135 48 79 43 87 52 106 76 87 85 81
is_linear=0
shrinkage=0.05


Tree=225
num_leaves=19
num_cat=0
split_feature=31 23 62 76 31 4 68 31 11 43 60 21 45 30 46 25 62 9
split_gain=0.369179 0.632619 0.584156 0.635271 0.585524 1.00651 1.12229 0.970441 0.937069 0.746849 0.562316 0.501983 0.329728 0.0116631 0.00670571 0.00223413 0.000218584 2.46668e-05
threshold=-38.043032538030594 -0.016135671453120001 0.00022921988763948295 20.500000000000004 -12.366173433186098 21.027485000000002 0.00047349698246679234 -11.292808449573259 -0.00040689287564787952 16.862328018045648 0.00051419551232168622 0.00012546110965605542 6443.8274517893069 -149.90874214994378 0.45263401205909232 42.473267732299995 6.8283581693735521e-05 -0.00097815659383809739
decision_type=2 2 2 2 2 2 2 2 2 2 2 2 2 2 2 2 2 2
left_child=-1 10 4 -4 5 6 -3 12 -7 -9 13 -12 -6 -2 15 -5 -15 -18
right_child=1 2 3 14 7 8 -8 9 -10 -11 11 -13 -14 16 -16 -17 17 -19
leaf_value=0.022360423095022952 -0.065526204613781364 -0.027804451263528703 -0.0093156279548549954 0.051990231719036599 0.0065663778942477175 -0.0034415607592894536 0.021131026893587517 -0.044543101953329882 0.044774737656986502 0.0011763163093208428 -0.050662579169660688 0.051026970468564539 0.049749579900300073 -0.052334762366348112 0.0571797666430938 0.045533658234754179 -0.051210720309554619 -0.050418134193592867
leaf_weight=1.8060023598372925 0.18080285191535939 7.5294706855202076 0.66592240892350574 0.31045633647590853 0.65420487406662831 5.4523658953839913 1.3875630135880781 0.90670774562750622 1.2361405240371812 60.168129090219736 0.20167794683948148 0.30473581445403397 1.3630619692266916 0.40946868492755939 0.50923203304409981 0.23570040240883827 0.15601468365639437 0.26474731671623897
leaf_count=28 1 377 35 11 26 192 56 38 30 2382 24 27 36 30 5 32 13 40
internal_value=-7.67106e-07 -0.000493642 0.000109862 0.028924 -0.000520375 -0.00919218 -0.0201897 0.00162456 0.00546956 0.000497573 -0.0324771 0.0105294 0.0357452 -0.0540184 0.0530523 0.0492038 -0.0515124 -0.050712
internal_weight=83.7424 81.9364 80.419 1.72131 78.6976 15.6055 8.91703 63.0921 6.68851 61.0748 1.51745 0.506414 2.01727 1.01103 1.05539 0.546157 0.830231 0.420762
internal_count=3383 3355 3220 83 3137 655 433 2482 222 2420 135 51 62 84 48 43 83 53
is_linear=0
shrinkage=0.05


Tree=226
num_leaves=31
num_cat=0
split_feature=22 42 42 21 67 14 45 10 9 70 72 44 55 13 43 76 67 45 14 80 30 11 21 53 3 14 12 21 10 67
split_gain=0.363742 1.15243 0.993089 1.223 0.965999 0.924868 0.924508 0.83045 0.889405 0.960234 0.964009 0.74269 1.04984 0.709442 1.03718 1.2654 0.838768 1.0384 0.646368 0.537393 0.53044 0.355967 0.326561 0.259861 0.190744 0.109875 0.0103645 0.00239926 0.000225058 9.96619e-05
threshold=0.0012915180167083486 22.741529647510742 27.363841459187274 0.003013074603329891 0.81465365969969017 -0.0028300395042705757 5262.9371892108747 0.0033587275225439588 0.00079694103731586818 0.82886026173927696 0.0013074805032216536 5358.1373049999866 64281.699734278758 0.0022957446839593225 56.670443695497205 34.500000000000007 0.92931130009483198 7132.0130722541571 -0.00014920578232313628 1.0000000180025095e-35 58.34275440420928 0.00062128334738875701 -0.00021426771200661052 0.093311090021189161 63137.820000000007 -0.00070650416189277354 -0.0018392264439595627 -0.00011520796575842372 -0.00055073999394039664 0.93082398134833111
decision_type=2 2 2 2 2 2 2 2 2 2 2 2 2 2 2 2 2 2 2 2 2 2 2 2 2 2 2 2 2 2
left_child=7 5 3 6 26 -2 -3 8 13 21 -11 20 -13 14 18 -16 17 -15 -1 -8 -6 -10 -12 -7 -25 -26 -4 -23 -28 -5
right_child=1 2 4 29 11 23 19 -9 9 10 22 12 -14 16 15 -17 -18 -19 -20 -21 -22 27 -24 24 25 -27 28 -29 -30 -31
leaf_value=-0.0014585721884136716 -0.057651776667522983 0.028538795713172773 0.061984657560059456 0.050471435722933958 0.0088984349247763234 -0.023440602713440256 -0.0044432054845794039 -0.047251701076705704 0.018096090089718832 0.028166357028846956 -0.051621678556382215 0.023957837217671279 -0.003752204417112423 -0.020935049798588498 0.021804013551655552 -0.015941407640374397 -0.052328370529846124 0.027175919751435375 -0.017655958210200922 -0.048030217001900556 -0.047102718885988243 0.056809558485569935 -0.0060857760638707049 -0.050896223156137656 0.026724358446919578 0.052203163494211696 0.052616738957831671 0.052569109029264295 0.050461330003154295 0.05182248845451598
leaf_weight=24.311819874972564 0.25487075001001391 0.62782689696178096 0.30492600798606873 0.24338633008301247 0.67147794621996482 0.14496998995309995 0.94608110078843344 1.0034983493387688 1.2448068056255572 1.3539846944622698 0.80541629623621702 5.7984416671679346 8.3265754174790327 4.7732447305461383 8.4747698794817534 3.0087389708496621 1.4101549014449117 1.4660113728605209 8.2491602161899262 2.8002127402578481 1.1419755213428286 0.47886575479060423 0.77028055069968082 0.050589970313012933 0.52873269887641194 2.1186669243907081 0.1557394175324589 1.0994399694027375 0.54464510371326713 0.31080529559403658
leaf_count=1124 3 17 2 52 20 13 54 10 33 38 27 300 290 99 272 101 19 47 275 75 30 6 26 3 29 214 9 55 125 15
internal_value=-8.51372e-07 0.00505059 0.00100807 -0.0187468 0.00675403 0.0335927 -0.0276126 -0.00215883 -0.00137113 0.0172784 -0.00277432 0.0037557 0.00762301 -0.00344656 -0.0010055 0.0119145 -0.0175019 -0.00963062 -0.0055621 -0.0370228 -0.0263668 0.0380881 -0.0293614 0.0417727 0.0452768 0.0471146 0.0542904 0.0538557 0.0509406 0.0512291
internal_weight=83.4201 24.9699 21.8721 4.92831 16.9438 3.09783 4.37412 58.4502 57.4467 5.75279 2.92968 15.9385 14.125 51.6939 44.0445 11.4835 7.64941 6.23926 32.561 3.74629 1.81345 2.82311 1.5757 2.84296 2.69799 2.6474 1.00531 1.57831 0.700385 0.554192
internal_count=3383 1251 989 213 776 262 146 2132 2122 185 91 640 590 1937 1772 373 165 146 1399 129 50 94 53 259 246 243 136 61 134 67
is_linear=0
shrinkage=0.05


Tree=227
num_leaves=26
num_cat=0
split_feature=45 10 52 42 67 11 35 31 22 59 27 42 23 25 25 41 62 10 72 33 61 50 44 27 41
split_gain=0.377555 0.432075 0.773191 0.936833 0.725727 0.64776 0.667213 0.988987 0.560432 0.676803 1.2566 0.976442 0.558833 0.525461 1.29792 1.24847 0.524868 0.502179 0.484831 0.469384 0.238922 0.156878 0.124306 0.000706737 0.000145736
threshold=4740.2509986648056 -0.0010204044342681515 0.38640329390268119 33.004815619209076 0.8450884623178353 -0.0010780856417410554 0.7458595208572264 -17.931116295533762 0.0065094293716894134 0.00081665126350355009 0.13011579079926289 37.526080080671328 0.011566761411805128 21.533063646899183 33.540278332803311 41.530743047385137 3.9650079388761862e-05 -0.0013447847038471903 0.00018642419251677352 64387.863250000009 0.00071231897758677063 0.7025234219989277 6322.3531250000042 0.11867602369385986 55.446769012904959
decision_type=2 2 2 2 2 2 2 2 2 2 2 2 2 2 2 2 2 2 2 2 2 2 2 2 2
left_child=21 2 5 16 -5 6 7 -2 12 10 -10 -11 13 15 -15 -3 -4 -6 -12 -7 -8 -1 -18 -14 -25
right_child=1 8 3 4 17 19 20 -9 9 11 18 -13 23 14 -16 -17 22 -19 -20 -21 -22 -23 -24 24 -26
leaf_value=-0.0012364877584697285 -0.042231704958064831 -0.044469718470730751 0.0011151786208629662 0.042919485490726467 0.0006191765662385744 0.00033066584321420767 0.056373198480796249 0.010788067723242964 -0.018271237585380129 0.029931311373550824 -0.038115479400670907 -0.054666331377932843 0.056172510688909751 -0.023932861263936841 0.0012778869986301196 0.046696825749674334 -0.055158706556260075 -0.052543996306473495 0.047743916878313378 -0.040860217096029772 0.020770906679239566 0.053307577771219611 -0.034393993646588537 0.050675418427104081 0.052601593313664402
leaf_weight=0.18360563763417204 1.1185419915709651 0.49582113308133502 0.71115263219689895 0.74576106655877117 1.6052160009276126 1.4481290476396691 0.71074650995433364 4.1162655282532796 1.1477302669081826 0.65689861355349399 0.17416787892580066 0.70948906289413571 0.09781017154455085 5.6674673515954046 51.463474318996305 1.5479155911598352 1.7662422587163749 0.61414553807117012 2.9377598146093078 1.3239101415383627 1.3984026289544997 0.46746715763583779 1.2175999389728529 0.24666430204524659 0.16315663605928421
leaf_count=24 76 79 39 23 73 37 9 160 19 28 6 15 1 286 1921 26 63 18 237 36 42 32 61 68 4
internal_value=5.42203e-07 -0.000300272 -0.00745771 -0.0206868 0.000246847 0.00125201 0.00902535 -0.000540876 0.0015383 0.0166241 0.0264461 -0.0139955 0.000116213 -0.000331907 -0.00122305 0.0245793 -0.0374855 -0.0140922 0.0429386 -0.0193419 0.0327683 0.0379259 -0.0466854 0.0523537 0.0514423
internal_weight=82.7355 82.0845 16.7761 6.66012 2.96512 10.116 7.34396 5.23481 65.3084 5.62605 4.25966 1.36639 59.6823 59.1747 57.1309 2.04374 3.69499 2.21936 3.11193 2.77204 2.10915 0.651073 2.98384 0.507631 0.409821
internal_count=3383 3327 637 277 114 360 287 236 2690 305 262 43 2385 2312 2207 105 163 91 243 73 51 56 124 73 72
is_linear=0
shrinkage=0.05


Tree=228
num_leaves=31
num_cat=0
split_feature=70 67 11 60 13 10 43 31 32 59 58 44 67 68 59 61 45 27 70 46 11 21 14 67 21 0 21 64 44 14
split_gain=0.36455 1.01846 1.15498 1.11278 0.882199 0.953471 0.802081 0.749496 0.625237 2.00411 1.71826 1.44932 1.04648 0.88614 0.771714 1.07335 0.906127 0.610201 0.320342 0.305741 0.231064 0.195738 0.151246 0.116064 0.00273261 0.00206228 0.000562144 6.59819e-05 2.51313e-05 2.73889e-06
threshold=0.71132730349848783 0.91820556694694944 0.0020542222874435638 0.00054622229752518143 0.0053930301899821629 0.00079743560882217246 88.662586823533132 14.244546826959064 63844.486571380177 0.00064757006408900839 0.00092010819382560541 5194.3430800000015 0.82946089577884152 -0.00087364430902364665 0.00042877896057281589 0.00035160375523224846 5929.0125356260805 0.39992057927724889 0.87293960145283656 0.48269674030935855 0.0032784342911588165 -0.0019723564378124054 -0.0089042041178768998 0.81765079816060038 -0.00040045714657843673 63903.555000000008 0.00016251337919570566 0.0025748277715893155 7602.289724999996 0.0016591379554464771
decision_type=2 2 2 2 2 2 2 2 2 2 2 2 2 2 2 2 2 2 2 2 2 2 2 2 2 2 2 2 2 2
left_child=1 2 3 4 5 -1 8 17 9 12 11 -11 21 20 16 -16 -15 -3 -14 23 -10 -2 -12 -8 -25 -5 -4 -26 29 -28
right_child=6 7 26 25 -6 -7 19 -9 13 10 22 -13 18 14 15 -17 -18 -19 -20 -21 -22 -23 -24 24 27 -27 28 -29 -30 -31
leaf_value=-0.010245652579506956 -0.053745610859738752 -0.046068115132612886 0.053278642291500138 0.055893687074925161 -0.059659187826268639 0.040730758735684318 0.0022881886937575653 -0.060104142299155366 -0.018529799608963473 0.037683157154887459 0.014431347241762781 -0.031719838905810489 0.05243325195947144 0.03019622143401925 0.024803642592313841 -0.000624545758810666 -0.024004252857476288 0.038151326239427089 0.0092918256155304774 -0.022737639494034505 -0.059612179564323943 0.012747697384331014 0.052516176954454312 0.056368748773720889 0.051716055754985994 0.050653419069650145 0.050697262602265626 0.050570885802404819 0.05118882362230729 0.050383548018888516
leaf_weight=10.128265894367351 0.32005856698378921 0.40215648722369168 0.40283185569569546 0.39330994733609337 0.81047404510900456 1.0086452613468289 0.12957357970299099 1.4167181933298705 0.62759150972124078 0.91695866629015643 0.34558301558718074 4.1870672190561891 3.3489368001464759 0.8947529120487151 4.6109746483271001 41.514638085616753 5.5808120074798353 0.4623275815974921 0.49373141292016942 0.17872533103218291 0.75282478332519531 0.16918055526912024 1.0611727237701414 0.29573777318000771 0.15399387886282057 0.35923424595966935 0.11098685080651194 0.68663233960978687 0.23942275112494826 0.1864561420516111
leaf_count=536 11 30 10 8 11 100 22 12 39 36 17 119 136 70 185 1320 331 18 34 20 6 46 48 3 13 36 12 100 19 35
internal_value=1.86876e-07 -0.0067936 -0.00162181 -0.00557956 -0.00929409 -0.00562883 0.00163236 -0.0377164 0.000811184 0.0117678 -0.00576632 -0.0192513 0.0381214 -0.00138956 -0.000351777 0.0019174 -0.0165152 -0.00102741 0.0468902 0.03848 -0.0409345 -0.030752 0.0431603 0.0471227 0.052235 0.0533922 0.0518669 0.0507807 0.0508075 0.0505006
internal_weight=82.1898 15.9208 13.6396 12.6999 11.9474 11.1369 66.2689 2.2812 64.8243 10.8427 6.51078 5.10403 4.33191 53.9816 52.6012 46.1256 6.47556 0.864484 3.84267 1.44466 1.38042 0.489239 1.40676 1.26594 1.13636 0.752544 0.939698 0.840626 0.536866 0.297443
internal_count=3383 827 767 691 647 636 2556 60 2398 447 220 155 227 1951 1906 1505 401 48 170 158 45 57 65 138 116 44 76 113 66 47
is_linear=0
shrinkage=0.05


Tree=229
num_leaves=31
num_cat=0
split_feature=21 67 58 59 59 76 43 43 32 43 70 46 49 66 15 42 48 61 25 51 70 49 59 47 21 25 21 66 57 41
split_gain=0.357874 1.48602 0.819558 1.08975 1.14996 0.790528 0.7076 0.930229 0.873011 1.20548 0.99052 0.971771 0.907126 0.962247 0.871433 1.1957 1.10175 0.826602 0.823578 0.802994 0.7767 0.710717 0.755149 0.696968 0.668383 0.715607 0.659922 0.696391 0.515933 0.473417
threshold=0.00098919180514622806 0.82576633014073264 0.00037968687917552655 0.00042540415815023298 0.00046183546158899523 38.500000000000007 35.98346005294249 55.57043819718244 65104.415147417501 71.225964466439748 0.81890556270474912 0.38192999931949295 1.4741730374169462 0.97893108298088605 0.0016938706493970781 22.741529647510742 0.46312618778861842 0.00030356389938979356 72.647867059627472 2.3718095138512396 0.67198463115876106 5.8665889263223541 0.00090086095262586422 1.5065439657878497 -0.00047586584289599493 27.777946637279957 -0.0010805542886206385 0.92521605038288435 0.00049254786168918265 39.907658789959093
decision_type=2 2 2 2 2 2 2 2 2 2 2 2 2 2 2 2 2 2 2 2 2 2 2 2 2 2 2 2 2 2
left_child=6 -2 -3 23 -5 -6 19 14 12 11 -11 -10 13 -9 16 -16 17 -8 -18 24 -14 22 -21 29 26 -26 27 -1 -17 -4
right_child=1 2 3 4 5 -7 7 8 9 10 -12 -13 20 -15 15 28 18 -19 -20 21 -22 -23 -24 -25 25 -27 -28 -29 -30 -31
leaf_value=0.018888102134912418 0.050580597918502328 0.050850062378970877 -0.01789103726549501 0.052752584454918629 -0.0042288594376331985 0.015954713773258269 -0.044003829650960502 -0.0075392452168070861 -0.0094281873058111657 -0.051937461026119729 0.0080541340244576817 0.056791578540334092 -0.0055358979133436331 0.036961995781128749 0.035563068757428089 0.012574452485587782 -0.039474189146388922 0.03513903334202309 0.029103757143243369 -0.046974414013519351 0.050323294039699429 0.028121495495750416 0.032648983987070952 0.0091663552439247929 0.0024819975263908381 0.044568731465773365 -0.038379526299466699 -0.0042535468342088266 -0.048681342819195637 -0.06352712687161588
leaf_weight=5.7960975054302271 1.6382429225777766 0.82259358518058689 1.0719401898677494 1.1415666161919968 17.407927073480099 6.7256778901210046 0.47180535906227472 7.4081617053598183 1.9812892128247761 2.484968011733145 0.95151553861796845 0.76908027753233899 0.92057649558409993 1.452987474389374 1.5356409610249095 0.53039199905469991 6.6412110343226232 1.0971060937736181 0.46869757026433934 1.8139602405135518 1.9206742211244998 0.58671189413871605 0.35626038210466493 0.93529927125200618 1.8053856194019324 2.2925560206640512 0.89837435120716769 7.4032069101231173 0.97683331975713372 1.2094992492347953
leaf_count=205 340 116 68 96 515 284 36 212 69 49 20 11 22 48 40 12 363 48 9 110 57 23 8 24 29 86 56 381 37 9
internal_value=3.20554e-06 0.00423751 0.00164762 0.000227094 0.00371555 0.001396 -0.00258885 -0.00756436 -0.000390747 -0.0155817 -0.0353266 0.00908871 0.00764047 -0.000242252 -0.0185125 0.00451151 -0.0265849 0.0113391 -0.0349534 0.00444273 0.0322247 -0.0207038 -0.0339035 -0.0271831 0.00825284 0.026027 0.0030862 0.00590845 -0.0271255 -0.0420849
internal_weight=81.5162 30.9527 29.3145 28.4919 25.2752 24.1336 50.5635 29.6109 17.8893 6.18685 3.43648 2.75037 11.7024 8.86115 11.7217 3.04287 8.67882 1.56891 7.10991 20.9526 2.84125 2.75693 2.17022 3.21674 18.1956 4.09794 14.0977 13.1993 1.50723 2.28144
internal_count=3383 1452 1112 996 895 799 1931 1033 488 149 69 80 339 260 545 89 456 84 372 898 79 141 118 101 757 115 642 586 49 77
is_linear=0
shrinkage=0.05


Tree=230
num_leaves=20
num_cat=0
split_feature=38 70 70 68 50 73 11 22 60 15 80 67 76 53 30 60 67 76 76
split_gain=0.356401 0.741046 0.841507 0.9163 0.705301 0.692277 0.793369 0.662347 0.592157 1.13501 0.901953 1.0925 0.714062 0.57035 0.42245 0.203834 0.174203 0.0974024 0.00161984
threshold=66785.763378291434 0.5538262048268271 0.67198463115876106 -0.00035011210551860733 0.31384784354845324 1.9047399584835432 -0.00095503967024423975 -0.0014205632894809803 0.00029738393794821537 -1.0000000180025095e-35 -0.60785761079279388 0.93351384795551917 56.500000000000007 0.49750934669098407 -26.948121226043742 0.00031760108209826209 0.8249567824984062 28.500000000000004 5.5000000000000009
decision_type=2 2 2 2 2 2 2 2 2 2 2 2 2 2 2 2 2 2 2
left_child=1 4 3 13 -1 15 -7 16 9 17 11 -10 -12 -3 -9 -5 -6 -4 -16
right_child=-2 2 8 5 7 6 -8 14 10 -11 12 -13 -14 -15 18 -17 -18 -19 -20
leaf_value=-0.055677416687472163 -0.02574908243923979 -0.01769198194719147 -0.054564232455365951 -0.017469891822646799 0.013977453468458332 -0.044696152482126328 0.0064637221601179483 -0.027427732578510396 0.047092439919570725 0.054486898489702944 -0.00021483325942963264 -0.044890046115783677 0.026120588464290901 0.049268376745286321 0.048719174717676152 -0.052217243972982601 -0.051742366581082611 -0.02709131725658593 0.052841281742087326
leaf_weight=0.24126142554450725 1.3214812977239478 0.54686949966708176 1.0142209286568684 0.53561460389755611 0.1745303457137205 1.129291554563679 2.303653062786907 0.18232490390073608 1.9950750299030908 0.347963199717923 62.362050333336811 0.3851280054077505 2.6847296213963991 0.75992063339799643 0.27922725386451808 1.9907407233258707 0.23879458708688617 0.47313078498700623 1.6271001909626646
leaf_count=11 26 29 43 27 14 49 151 11 104 38 2482 19 95 19 34 61 28 40 102
internal_value=3.37758e-06 0.000432679 -0.000482602 -0.0166703 0.0259664 -0.024985 -0.0103657 0.0338391 0.0012156 -0.0268066 0.00197834 0.0322092 0.00087213 0.0212466 0.0452833 -0.0448504 -0.0239916 -0.045825 0.0522375
internal_weight=80.5931 79.2716 76.5284 7.26609 2.74324 5.9593 3.43294 2.50198 69.2623 1.83531 67.427 2.3802 65.0468 1.30679 2.08865 2.52636 0.413325 1.48735 1.90633
internal_count=3383 3357 3157 336 200 288 200 189 2821 121 2700 123 2577 48 147 88 42 83 136
is_linear=0
shrinkage=0.05


Tree=231
num_leaves=27
num_cat=0
split_feature=66 21 65 14 76 79 56 69 29 35 66 74 76 74 47 41 74 61 33 69 7 12 11 58 25 23
split_gain=0.35439 0.375932 0.700924 0.652638 1.4162 0.99456 0.955492 1.3522 0.751216 0.575751 0.76553 0.827763 0.836367 0.753792 0.751138 0.742206 0.86602 0.59098 0.238044 0.0730115 0.0568246 0.000943156 5.77496e-05 2.14042e-06 1.38705e-06 1.51991e-07
threshold=0.24377118162016057 -0.00021426771200661052 0.0051212294767676624 0.0045154915194057796 9.5000000000000018 1.0000000180025095e-35 0.0017959062249655784 0.97295801815391869 41.132509348084575 0.72453656890209228 0.98349677495510457 60.96188361453305 12.500000000000002 72.813193687288233 0.71540243224847788 68.081214105411775 7.5879006006356668 0.00091824116770278187 64058.672750000005 0.95777189740591828 12.707570000000002 0.0011398559646823572 -0.00020091303401748026 0.00054115026450409658 61.952773563374514 0.0052417228530696755
decision_type=2 2 2 2 2 2 2 2 2 2 2 2 2 2 2 2 2 2 2 2 2 2 2 2 2 2
left_child=-1 9 22 6 20 -6 8 -8 -4 10 11 12 -2 15 -13 16 -11 -17 -12 -15 -5 -20 -3 25 -25 -24
right_child=1 2 3 4 5 -7 7 -9 -10 13 18 14 -14 19 -16 17 -18 -19 21 -21 -22 -23 23 24 -26 -27
leaf_value=-0.047401699309923884 -0.02912727331699624 0.051165592090265416 0.0038417566048096169 0.05423039047144064 -0.026377109961884023 0.015881720115638483 0.03588623410196775 -0.024975100033128105 -0.028614915804177962 0.0566360391951512 -0.001227493687685127 0.053176378084110965 -0.0035553535520697239 -0.019021110489654096 -0.0083511841677572172 0.041485892245572017 -0.017737749727461241 -0.0016372942185931168 -0.051137046916252482 -0.051137221179810094 0.030945731563037746 -0.054262796692085662 0.050191101861495516 0.050539267974525751 0.050288103591324219 0.050092529607544893
leaf_weight=0.39231489086523552 3.8502252793405303 0.30497974064201117 28.712990701955281 0.6158349474426339 6.1962266068439931 1.7958409100538117 4.6602654065209199 1.1348905344493685 1.9007947633508582 0.46928687021136228 0.28598804259672661 1.1074424120597535 18.860932391195092 0.28577564819715906 0.89849917055107642 2.6356056681834166 2.358511375496164 1.1373433009721337 0.8576267991447819 0.46476732403971255 0.4560644116718322 0.33583439886569977 0.17779681226238508 0.089612092124298215 0.14218718843767419 0.050133109674789011
leaf_count=28 242 20 989 20 169 75 356 24 47 6 16 28 848 27 31 46 97 31 70 34 24 6 63 11 42 33
internal_value=3.72631e-06 0.000236825 0.00316029 0.00236196 -0.00964338 -0.0168814 0.00535068 0.0239675 0.00182654 -0.00379246 -0.00726235 -0.00517122 -0.00789056 0.00857257 0.025617 0.0139715 -0.00539506 0.0284865 -0.0421987 -0.0389087 0.0443234 -0.0520166 0.0506321 0.0502782 0.0503852 0.0501694
internal_weight=80.1778 79.7855 46.2376 45.4729 9.06397 7.99207 36.4089 5.79516 30.6138 33.5478 26.1965 24.7171 22.7112 7.35129 2.00594 6.60075 2.8278 3.77295 1.47945 0.750543 1.0719 1.19346 0.764709 0.459729 0.231799 0.22793
internal_count=3383 3355 1873 1704 288 244 1416 380 1036 1482 1241 1149 1090 241 59 180 103 77 92 61 44 76 169 149 53 96
is_linear=0
shrinkage=0.05


Tree=232
num_leaves=31
num_cat=0
split_feature=22 29 14 76 41 62 41 12 80 51 45 70 78 59 76 55 32 57 62 32 62 64 31 44 42 47 26 41 42 39
split_gain=0.352474 1.18132 1.38834 1.11382 0.985305 1.26715 1.74816 1.243 1.47044 0.829676 0.803488 0.737725 0.763347 0.961378 1.16207 0.777383 1.17185 0.894665 0.525107 0.445426 0.418161 0.526574 0.41704 0.384456 0.27736 0.253992 0.171521 0.128091 0.0445792 0.0392653
threshold=-0.00067788921431788374 -61.356720734034745 -0.0028868292892301746 36.500000000000007 38.20421747400669 3.0323672706389892e-05 44.584993553824269 -0.0017281908159371693 1.0000000180025095e-35 -0.4773427260143302 6280.9662940552598 0.92114192953222351 0.12940952255126045 0.00071508455390800741 45.500000000000007 63730.606449841238 63844.486571380177 0.00066852651146809912 0.00016607667410771648 64517.071067599689 4.3136861286164915e-05 0.0030373061281831035 0.25402942807371437 6116.7052949999897 45.821253668398242 0.80240750698446572 0.080966090366960078 47.353401714952405 36.268443614173783 64231.475660531993
decision_type=2 2 2 2 2 2 2 2 2 2 2 2 2 2 2 2 2 2 2 2 2 2 2 2 2 2 2 2 2 2
left_child=9 24 3 23 7 -6 -7 26 -9 10 18 12 15 14 -14 17 -17 -11 19 22 21 -12 -1 -3 -2 27 -4 -22 -13 -25
right_child=1 2 4 -5 5 6 -8 8 -10 11 20 28 13 -15 -16 16 -18 -19 -20 -21 25 -23 -24 29 -26 -27 -28 -29 -30 -31
leaf_value=-0.048805876172553955 0.050960943005731965 -0.015106025813520222 -0.007904321174453088 0.026763027085824478 0.057791764708505916 -0.028484996155313538 0.0032543942423855321 0.0032082067048029989 0.045436322417271899 -0.048034888582276676 -0.039720846161979212 -0.0518318318791261 -0.046253298958326833 0.037425167471074994 0.034617158274350281 0.057698182555274084 0.0064140658723400691 0.007026554548280369 0.034388392457428994 0.020287497773344591 -0.034165582561666429 0.035113377224941587 -0.0031535833237051297 -0.056393735798535564 0.014910982571974683 -0.011766495550598017 -0.051730578899600234 -0.057438194867731357 -0.027339270542026978 -0.042902730890266597
leaf_weight=0.91711555118672583 1.453788862563669 1.1143696925137185 0.35264977975748379 0.79256401583552349 0.90815971768461423 5.2255798815167536 25.551328617963009 4.1008472517132741 4.1453913536388427 1.337435711408044 0.4987152371322735 0.61589496419764955 2.3858464361983351 0.61799765122123052 0.54584352578967799 1.1974706724286104 15.96091241808608 1.6453191949985919 0.80477176839485753 0.79483726050239045 0.92345071502495635 0.44466516049578786 1.1005963131319729 1.3534652302041652 0.8428975949063896 0.55510613846126933 0.60840769344940782 1.6435263820458201 0.26602816325612366 0.89663408545311529
leaf_count=47 31 30 29 21 32 177 781 278 487 55 35 41 200 21 40 19 595 87 27 32 50 28 36 24 30 29 28 44 19 30
internal_value=5.2834e-06 0.00275149 0.00096821 -0.0265616 0.00376683 -0.000416991 -0.0021346 0.0181646 0.0244363 -0.00402572 -0.0183671 0.000458172 0.00212971 -0.0192493 -0.0311962 0.00589756 0.00999315 -0.0176624 -0.00122505 -0.0114153 -0.0336195 -0.00444751 -0.023904 -0.0391232 0.0377304 -0.0424342 -0.035649 -0.049066 -0.0444438 -0.0510178
internal_weight=79.6016 47.3461 45.0494 4.15703 40.8924 31.6851 30.7769 9.2073 8.24624 32.2555 7.68278 24.5727 23.6908 3.54969 2.93169 20.1411 17.1584 2.98275 3.61732 2.81255 4.06546 0.94338 2.01771 3.36447 2.29669 3.12208 0.961057 2.56698 0.881923 2.2501
internal_count=3383 1978 1917 105 1812 990 958 822 765 1405 328 1077 1017 261 240 756 614 142 142 115 186 63 83 84 61 123 57 94 60 54
is_linear=0
shrinkage=0.05


Tree=233
num_leaves=24
num_cat=0
split_feature=21 35 46 42 6 66 21 46 46 79 67 21 21 16 10 25 14 69 23 44 12 16 25
split_gain=0.351707 0.885225 0.966308 1.00295 0.887916 0.645344 0.624138 0.780652 0.774129 0.554764 0.939422 0.527829 0.522349 0.478794 0.581237 0.557721 0.473073 0.452777 0.347569 0.199889 0.00895399 0.000612238 5.57666e-05
threshold=-0.0015361486470858441 0.50003405913669097 0.25184916219825765 30.585474644335445 2179.5000000000005 0.59884312662175576 -0.001844445667196992 -0.1337830482111228 0.083490156781852232 0.98296291314453421 0.88552672068424299 -0.0014700963310746438 -0.0034922542918503492 -0.0010778900103259519 -0.0024310634578730279 34.110424620246157 -0.0013980159369950671 0.68212554886281895 -0.010054157441443832 5767.2855049999844 -0.0014295717809874595 0.00080909525629696826 40.489398911813957
decision_type=2 2 2 2 2 2 2 2 2 2 2 2 2 2 2 2 2 2 2 2 2 2 2
left_child=1 2 3 21 17 -3 7 12 -9 11 20 -2 -7 16 -15 -16 -13 -5 -6 -18 -11 22 -1
right_child=9 5 -4 4 18 6 -8 8 -10 10 -12 13 -14 14 15 -17 19 -19 -20 -21 -22 -23 -24
leaf_value=-0.050436815662557366 0.053381052001766773 0.047085369380008534 0.014780652345302323 0.047698744626594763 0.026033558201613405 0.00097049822857830253 -0.052626926550388545 -0.030512636311969571 0.011488988031513199 0.058232936633896629 -0.0076896809140260163 0.0065958951863169446 0.030738375883568959 0.04114113832807139 -0.013138465771245847 0.002660552639129515 -0.054451690968619182 -0.012535443676923514 -0.051455789268226276 -0.02036335975459734 0.049985330117573529 -0.053003421975302348 -0.050918831729569861
leaf_weight=1.5361968030338209 0.47449509426951308 0.7498423345386972 1.5034793294034896 0.72266991075594 0.17108625662513077 3.4477157541550674 0.55284157115965982 2.7424751680810004 1.8284450187347827 0.61550023313611746 1.169462419056799 1.0574904903769495 2.5738488221541052 0.90760859940200944 6.3357915121596298 47.19863083983364 0.78727218415588029 0.549001419916749 0.93862472346518167 0.94776590494439006 0.70717121462803267 0.30313224089331914 0.98468373436480749
leaf_count=316 11 15 32 14 10 161 16 132 53 8 36 29 47 18 177 1963 14 71 105 31 35 11 78
internal_value=3.64412e-06 -0.00600507 -0.020528 -0.0307262 -0.00682596 0.00218585 -0.000834931 0.00186819 -0.0137113 0.00186053 0.0249576 0.000863089 0.0136944 0.000427696 0.00146343 0.000790741 -0.0197645 0.0216947 -0.0395091 -0.0358309 0.0538233 -0.0508804 -0.0506251
internal_weight=78.8052 18.604 6.70887 5.2054 2.38138 11.8952 11.1453 10.5925 4.57092 60.2012 2.49213 57.7091 6.02156 57.2346 54.442 53.5344 2.79253 1.27167 1.10971 1.73504 1.32267 2.82401 2.52088
internal_count=3383 1061 637 605 200 424 409 393 185 2322 79 2243 208 2232 2158 2140 74 85 115 45 43 405 394
is_linear=0
shrinkage=0.05


Tree=234
num_leaves=22
num_cat=0
split_feature=45 21 35 58 10 57 58 45 41 69 48 63 76 44 8 11 45 46 47 73 62
split_gain=0.349422 0.40127 0.948751 1.25467 0.964164 0.479695 0.53212 1.55256 1.29456 1.27051 1.13609 0.903946 0.497098 0.476164 0.366687 0.290611 0.275587 0.2526 0.138639 0.0722223 0.00100179
threshold=4740.2509986648056 -0.0034922542918503492 0.72453656890209228 0.0011101755469536689 -0.00049075690208766332 0.0015442346023439399 0.00083053608153781122 6988.4248057030072 80.082306664335206 0.92782847996500473 0.44419753667241713 0.0030499297737944966 20.500000000000004 5497.987314999993 843594.05611905013 0.00123492147981652 6244.0414629944789 0.20914567256985905 2.773823743250476 2.3714693538033611 0.00013088874135572658
decision_type=2 2 2 2 2 2 2 2 2 2 2 2 2 2 2 2 2 2 2 2 2
left_child=17 2 3 18 14 6 9 8 -8 11 -11 -3 -7 -6 16 -9 -4 -1 20 -15 -2
right_child=1 5 4 -5 13 12 7 15 -10 10 -12 -13 -14 19 -16 -17 -18 -19 -20 -21 -22
leaf_value=-0.0066619799069755296 -0.050689807705862483 -0.003671570900905525 0.054399083636536519 0.024460626675493445 0.012707635701584188 -0.011370586868455025 -0.02908495560775087 0.013945009867208197 0.011847069069392424 -0.012982540257942233 0.020930215138124889 0.037783687709153108 0.052846991551893742 -0.024880360726642528 -0.0074979535821515439 0.05504713369818566 0.017076529284852739 0.060020123187742649 -0.0042321137271156281 -0.052659766954898463 -0.052773843399462006
leaf_weight=0.2164029284613197 1.3559705684310759 40.211589795042528 0.86896104644984085 0.76936279959045339 0.53562405705451954 0.4608663567341853 6.8355978860054147 0.87769212713464984 2.6925860084593296 3.0645612654043353 12.720367292407898 1.3594490415416647 0.87066343612968922 0.33081671642139532 0.7650656746700405 0.84321599453687668 1.1480658417567609 0.41319318953901529 0.16547655232716341 0.79924738174304366 1.0033191038528455
leaf_count=38 221 1853 11 18 13 28 181 21 103 107 457 68 29 15 28 19 48 18 13 38 56
internal_value=1.45894e-06 -0.000299233 -0.0111003 -0.031439 0.00396304 0.000896432 0.000319536 -0.00962369 -0.0175179 0.00226968 0.0143462 -0.00231591 0.0306201 -0.0261228 0.021976 0.0340844 0.0331556 0.0371003 -0.0484731 -0.0445276 -0.0515761
internal_weight=78.3081 77.6785 7.74191 3.29413 4.44778 69.9366 68.6051 11.2491 9.52818 57.356 15.7849 41.571 1.33153 1.66569 2.78209 1.72091 2.01703 0.629596 2.52477 1.13006 2.35929
internal_count=3383 3327 461 308 153 2866 2809 324 284 2485 564 1921 57 66 87 40 59 56 290 53 277
is_linear=0
shrinkage=0.05


Tree=235
num_leaves=31
num_cat=0
split_feature=21 65 45 46 60 12 10 66 22 46 15 23 42 25 59 11 60 59 47 46 67 70 21 42 3 61 66 25 13 5
split_gain=0.334132 0.61855 0.572919 0.524418 0.689088 0.683561 0.925628 0.875716 0.749708 0.765038 0.580325 0.936584 0.716334 0.562034 0.518231 0.511064 0.498961 0.941998 0.600098 0.591098 1.48519 1.01702 0.527778 0.48859 0.411673 0.203906 0.0692857 0.0413037 0.0136184 0.0124917
threshold=-0.00049736631271762855 0.0051212294767676624 7654.8185398437236 -0.18059623867914384 0.00074977223655867716 0.0014717103212895657 2.842564160199235e-05 0.98220197051479519 0.0019848828534145828 0.23793746482241865 -0.0015867699102159458 -0.010054157441443832 20.778164102386757 75.102938466820561 0.00065672650388464121 -0.001506221798973195 0.00029738393794821537 0.00033658595450172069 0.29250166562665969 0.1184749713899145 0.89468565069848649 0.67198463115876106 0.00016251337919570566 27.448404554700414 62431.340000000004 0.00024543829557442437 0.61326914187903603 41.848679253912394 -0.0012100704793691628 670142.07782885013
decision_type=2 2 2 2 2 2 2 2 2 2 2 2 2 2 2 2 2 2 2 2 2 2 2 2 2 2 2 2 2 2
left_child=3 2 26 4 10 7 -7 8 9 -5 11 14 29 -8 -1 -14 17 22 25 21 -21 -20 -3 -10 -13 -18 -2 -27 -24 -12
right_child=1 16 -4 5 -6 6 13 -9 23 -11 12 24 15 -15 -16 -17 18 -19 19 20 -22 -23 28 -25 -26 27 -28 -29 -30 -31
leaf_value=0.043051219824052731 0.0021558475739642045 -0.051555774264570781 -0.053001486517836621 -0.022474878745697282 0.059622563465888734 0.042359466335232222 -0.032167488763544291 -0.051660698773620374 -0.0053800937442674331 0.011493558656874701 -0.03538152417927639 0.037630923702278656 -0.0070297215153377118 0.013250401828248926 -0.011164677042581807 0.033802501971926323 -0.011287080231263159 -0.05004351251826053 -0.01579833741285527 0.011927763538055977 -0.018924957273725427 0.0096373857856212192 0.026045663285729645 0.042062030181190493 -0.038778893827450228 0.024409175572269695 0.053154976323167062 0.051127742711645809 0.050578895530012213 -0.052445481021035606
leaf_weight=0.88166237692348548 0.071227825654203936 0.17986753582954307 0.15452376380562771 8.5165303180692735 0.55201972834765989 1.361923802178352 1.2849942101165654 1.4264014975633461 1.1877984926104539 2.0581462876871219 0.18447196017950851 0.19225421827286515 1.0745219178497794 1.4495429340749977 0.88141145464032888 2.6716974317096174 0.18028028111439098 1.2201000170316545 4.640541217406283 6.6677427490940344 9.399196023703551 25.662592249267618 0.064409558661281952 0.99924180842936028 2.1210708589642309 0.17522319406270959 1.0244739551853852 0.82885852502658963 0.46452783391578134 0.25620913808234036
leaf_count=28 14 7 7 606 10 25 23 99 29 50 25 7 41 19 33 81 14 24 127 372 295 816 3 18 236 7 165 79 105 18
internal_value=1.33769e-06 0.00239566 0.0371289 -0.00448106 0.00553619 -0.00931055 0.00868124 -0.0145052 -0.0103523 -0.0158636 0.00192301 -0.0115058 0.0149974 -0.00809205 0.0159471 0.0220907 0.0015181 -0.0234114 0.0025293 0.00163164 -0.00612115 0.00574223 0.0224317 0.0162958 -0.0324287 0.0376742 0.0498397 0.0464651 0.0475914 -0.0453024
internal_weight=77.8335 50.7336 1.25023 27.0999 8.81532 18.2846 4.09646 14.1881 12.7617 10.5747 8.2633 4.0764 4.1869 2.73454 1.76307 3.74622 49.4833 1.9289 47.5544 46.3701 16.0669 30.3031 0.708805 2.18704 2.31333 1.18436 1.0957 1.00408 0.528937 0.440681
internal_count=3383 2035 186 1348 479 869 67 802 703 656 469 304 165 42 61 122 1849 139 1710 1610 667 943 115 47 243 100 179 86 108 43
is_linear=0
shrinkage=0.05


Tree=236
num_leaves=19
num_cat=0
split_feature=31 23 62 76 31 5 47 68 31 64 60 21 45 30 46 26 70 56
split_gain=0.339995 0.53547 0.508622 0.537823 0.521358 0.923692 0.963187 0.934506 0.870905 0.661844 0.492714 0.457197 0.291916 0.00719687 0.00474478 0.00192897 0.000170555 1.98682e-05
threshold=-38.043032538030594 -0.016135671453120001 0.00022921988763948295 20.500000000000004 -12.366173433186098 1202759.7791593003 1.0985539252876722 0.00047349698246679234 -11.292808449573259 0.0056655613726146045 0.00051419551232168622 0.00012546110965605542 6443.8274517893069 -149.90874214994378 0.45263401205909232 0.48999127541479354 0.67700247729425433 -0.0050856429583018671
decision_type=2 2 2 2 2 2 2 2 2 2 2 2 2 2 2 2 2 2
left_child=-1 10 4 -4 5 7 -7 -3 12 -10 13 -12 -6 -2 15 -5 -15 -18
right_child=1 2 3 14 8 6 -8 -9 9 -11 11 -13 -14 16 -16 -17 17 -19
leaf_value=0.022282554019578543 -0.062953335395247029 -0.028966047750043068 -0.007862884091084545 0.051719922854146741 0.0070909700402200324 0.022266460278715344 -0.015603499563818866 0.019284723962656011 -0.00034322169063974662 0.037418942018995018 -0.050609019734776217 0.050950227572754282 0.049080170739891599 -0.052138615853395791 0.05600985398839009 0.045444426537348002 -0.051097048335931476 -0.050337182111181537
leaf_weight=1.6749443076550949 0.16342335939407349 6.2674919903511164 0.61720044445246347 0.27085499372333288 0.61933651473372364 3.5393434700090438 3.1944772682036273 1.1947897798381744 55.342763159380418 1.1851801769225847 0.18502472701948136 0.27630021411459893 1.2480352248530833 0.34690084448084124 0.44260992109775543 0.22349385288543999 0.1323961028829217 0.24561156373238191
leaf_count=28 1 343 35 11 26 118 143 51 2328 92 24 27 36 21 5 32 10 52
internal_value=1.21967e-06 -0.000493116 7.50128e-05 0.0283772 -0.000530928 -0.00912502 0.00430122 -0.0212406 0.00155832 0.00044851 -0.0317042 0.0102176 0.0351539 -0.0534749 0.0522495 0.0488828 -0.051338 -0.0506033
internal_weight=77.1702 75.4952 74.1456 1.55416 72.5914 14.1961 6.73382 7.46228 58.3953 56.5279 1.34966 0.461325 1.86737 0.888332 0.936959 0.494349 0.724909 0.378008
internal_count=3383 3355 3220 83 3137 655 261 394 2482 2420 135 51 62 84 48 43 83 62
is_linear=0
shrinkage=0.05


Tree=237
num_leaves=31
num_cat=0
split_feature=21 67 69 84 14 75 21 28 29 31 14 15 58 76 76 21 50 58 69 32 76 78 76 70 63 66 57 33 11 33
split_gain=0.329068 1.33815 0.980266 1.21757 1.37896 1.13807 1.12505 0.931548 0.791025 0.723387 0.648538 1.14668 0.956299 1.37071 1.30854 0.915262 0.93103 0.909324 1.63346 0.817547 0.792095 0.788592 1.09028 0.684313 0.492618 0.21718 0.123689 0.0881764 4.65461e-05 1.83093e-05
threshold=0.00098919180514622806 0.82576633014073264 0.23380554948883331 1.0000000180025095e-35 -0.0028300395042705757 13.500000000000002 0.001332265100447594 0.035097958527745964 -1.4654389280512985 -6.2480994192815755 -3.072449730884274e-05 -0.003979851529120281 0.00068789959993832434 18.500000000000004 4.5000000000000009 0.0001006164242394192 3.0276667626058797 0.00064663316679559033 0.9121942949047005 64313.252308954186 3.5000000000000004 1.0000000180025095e-35 43.500000000000007 0.92114192953222351 0.002043611520710459 0.92295715708964343 0.0005432322759055349 64285.135500000004 -0.00044428078238056829 66582.293750000026
decision_type=2 2 2 2 2 2 2 2 2 2 2 2 2 2 2 2 2 2 2 2 2 2 2 2 2 2 2 2 2 2
left_child=10 28 8 4 -4 -6 9 -8 -3 -5 15 26 17 14 -14 20 24 18 -13 -15 27 23 -23 -22 25 -17 -12 -1 -2 -30
right_child=1 2 3 6 5 -7 7 -9 -10 -11 11 12 13 19 -16 16 -18 -19 -20 -21 21 22 -24 -25 -26 -27 -28 -29 29 -31
leaf_value=-0.053380899971765032 0.051050768486187573 0.01319849742765962 -0.05527228985897277 -0.036540583545726056 0.0055674490728137354 0.049293762891935822 0.057907232249720109 -0.0075988569396593974 -0.042099251641103723 0.052633005896248558 -0.030161972274997902 -0.021956933427004711 0.025946026772835896 0.052420953008525208 -0.040838636577473109 0.015798331043827985 -0.03624281887842179 -0.05313241230138447 0.02727026340585284 0.0098223633169446916 0.0072151541164511617 -0.041624588091402598 0.015043213177438961 -0.048069364052886088 -0.0089260029750026868 0.05043863924518574 -0.056196472565651023 -0.023579318157078033 0.050289982582275565 0.050844973725496956
leaf_weight=0.70222414820455614 0.32688264781609189 0.93324132263660464 0.51262823678553093 0.27255254611372959 2.6479838977975332 3.3971169897122309 0.5613227821886565 16.382877565512899 2.1064483791124102 1.3735618311911844 0.75076304189861076 6.8548307332675922 1.0949676426826029 1.5676132496446369 2.2215182166546583 0.56783858838025514 0.53213663701899339 1.4008516675094131 2.234453807992395 4.0010610845638439 16.773321276879877 2.25522765063215 1.3610724586760623 0.57906575978267838 0.53603654308244575 2.2271759179420769 1.1628490160219369 0.38389885192736983 0.97451841640577408 0.17534610442817211
leaf_count=25 26 18 8 7 154 184 7 620 39 75 11 237 31 50 69 25 13 35 107 88 658 259 93 54 22 89 31 34 302 12
internal_value=1.45882e-06 0.00412827 0.0016976 0.00493931 0.0234632 0.03014 -0.00159497 -0.00542879 -0.0251218 0.0378682 -0.0025918 -0.00905815 -0.0054113 0.00665851 -0.0187891 0.00271962 0.0251698 -0.0156345 -0.00985522 0.0218141 -0.00121283 0.000943729 -0.0202964 0.00537026 0.0349805 0.0434011 -0.0459824 -0.0428473 0.0505243 0.0503746
internal_weight=76.8714 29.6645 28.1877 25.148 6.55773 6.0451 18.5903 16.9442 3.03969 1.64611 47.2069 21.2889 19.3753 8.88516 3.31649 25.918 3.86319 10.4901 9.08928 5.56867 22.0548 20.9687 3.6163 17.3524 3.33105 2.79501 1.91361 1.08612 1.47675 1.14986
internal_count=3383 1452 1112 1055 346 338 709 627 57 82 1931 659 617 238 100 1272 149 379 344 138 1123 1064 352 712 136 114 42 59 340 314
is_linear=0
shrinkage=0.05


Tree=238
num_leaves=31
num_cat=0
split_feature=23 62 69 26 13 30 73 69 58 70 21 26 68 6 11 44 68 14 69 12 1 69 31 10 63 9 10 21 28 22
split_gain=0.329531 0.943431 1.08333 0.919863 1.18334 1.53864 1.29409 0.958449 1.04944 0.923336 0.906626 0.800337 0.899163 0.76911 1.29196 0.794495 0.755437 0.713727 1.27466 0.794802 0.755282 0.754561 0.754404 0.686832 0.728865 0.659411 0.644396 0.874039 0.712107 0.620846
threshold=-0.0023267352691172523 5.0826612121839745e-05 0.23380554948883331 0.63752589074165067 -0.0023331737344758348 -16.733006985857902 2.1161263869136238 0.59537463739058782 0.00073289641828191466 0.91229231970636093 -0.0040013608905932188 0.48708617430327233 0.00074571422575264734 5419.5000000000009 0.0017372567544653441 8310.6170699999911 -0.0001419536649957531 -0.00080709394209471641 0.82988490139888349 0.0012016819741876852 63360.685000000005 -0.24275664273500472 -1.7916020417993905 -3.7863157892836778e-05 0.0017825685625072652 -0.00051413034240499467 0.0016615378265465444 -0.00086714260236858676 0.7676335346459654 -0.0013861026720718981
decision_type=2 2 2 2 2 2 2 2 2 2 2 2 2 2 2 2 2 2 2 2 2 2 2 2 2 2 2 2 2 2
left_child=1 2 -1 7 -5 -6 -7 -3 10 -10 -9 16 13 14 15 -13 23 18 21 20 -19 -18 -20 25 -25 -2 27 -15 -28 -4
right_child=11 3 29 4 5 6 -8 8 9 -11 -12 12 -14 26 -16 -17 17 19 22 -21 -22 -23 -24 24 -26 -27 28 -29 -30 -31
leaf_value=0.052667451515722552 -0.011712217228968431 -0.050884419658836548 -0.044291799912651988 -0.049491442299094274 0.028244013932238327 0.036214060885901615 -0.033763247473910053 -0.01997919564871881 -0.0079170305035728937 0.032095627917770396 0.040391939761901266 0.013336315936766359 -0.036379666131309357 -0.04634107650642233 0.044462795685206377 -0.034137520667257622 -0.031078621542858582 0.011311333439222051 -0.029702300347359895 0.007909748913812702 -0.03583815789626079 0.030681518074840632 0.025626755892904557 0.023070532316974965 -0.044316417278050427 0.028770565394044201 0.014133807734197019 0.033599232594348834 -0.033615169440770969 -0.013595443329211776
leaf_weight=0.49984276777832004 1.3431545477360485 0.62702593719586985 2.4111087296623737 1.6537047945894299 2.570145498495549 0.81373952410649319 3.5123879491584376 0.73569827701430757 6.1719244554406014 1.8812767975032327 4.0198650226229793 11.622991727082994 1.025455755094298 0.42883761692792211 3.4031766867265096 0.95360348373651582 0.58180096803698722 1.0075014084577523 3.1731831238721502 1.9642596513731403 5.4114210201078095 3.298112853604839 0.76451276428997506 0.65847631159704434 1.0272874202346427 4.00613453873666 1.1765371037181469 1.6872634940082196 2.3216128043713979 5.1991769670858048
leaf_count=30 58 42 227 61 94 40 78 69 184 72 116 732 34 11 303 9 12 29 136 78 242 141 21 29 28 133 41 97 67 169
internal_value=3.52112e-06 -0.00406177 -0.0186374 0.00131491 -0.0115057 -0.00239689 -0.0206006 0.00947343 0.0124281 0.00143017 0.0310524 0.00267167 0.00936665 0.011539 0.0171322 0.00973668 -0.00384572 -0.00978666 0.00108098 -0.0199211 -0.0284377 0.0214205 -0.01896 0.00983548 -0.0179944 0.0186057 -0.00438073 0.017399 -0.0175557 -0.0233207
internal_weight=75.9512 30.0959 8.11013 21.9858 8.54998 6.89627 4.32613 13.4358 12.8088 8.0532 4.75556 45.8553 22.6195 21.594 15.9798 12.5766 23.2358 16.2008 7.81761 8.38318 6.41892 3.87991 3.9377 7.03505 1.68576 5.34929 5.61425 2.1161 3.49815 7.61029
internal_count=3383 1182 426 756 273 212 118 483 441 256 185 2201 1294 1260 1044 741 907 659 310 349 271 153 157 248 57 191 216 108 108 396
is_linear=0
shrinkage=0.05


Tree=239
num_leaves=31
num_cat=0
split_feature=21 67 76 42 60 21 58 62 29 32 74 74 14 30 51 27 79 59 36 36 21 15 62 44 71 57 14 36 28 11
split_gain=0.3262 1.32944 1.34153 1.44251 1.31729 1.30004 1.10629 0.911899 0.720858 0.954091 0.62342 0.813142 0.893989 1.0997 1.02481 0.819064 0.733068 1.02294 0.759584 0.703726 1.13568 0.682823 0.400873 0.299194 0.127064 0.015632 0.00144853 0.000673974 0.000100953 2.72906e-05
threshold=0.0017896553410695628 0.85021479816920265 36.500000000000007 24.202724566023043 0.00046258579640358132 0.0039903977981781144 0.00076503045177004909 1.1831047651974344e-05 -61.356720734034745 63860.669221130905 88.209632817828478 47.419934808692325 -3.072449730884274e-05 5.3196400311564345 0.34281817653332319 0.47821106198367008 -0.70710678118654757 0.00085068300962581704 -0.057951885380502451 1.0010973973907846 0.00012546110965605542 -0.0042410628377438355 0.0002224096938931794 5203.9391449999903 -0.00027695941516309158 0.00092807232796048229 -5.3193361748860017e-05 0.7373034856395132 0.025484742009869957 -0.00044428078238056829
decision_type=2 2 2 2 2 2 2 2 2 2 2 2 2 2 2 2 2 2 2 2 2 2 2 2 2 2 2 2 2 2
left_child=10 28 3 6 5 -4 7 -3 -5 -10 11 12 16 14 -14 -15 18 -18 -1 20 21 -13 25 -6 -22 -12 -7 -25 -2 -30
right_child=1 2 4 8 23 26 -8 -9 9 -11 22 19 13 15 -16 -17 17 -19 -20 -21 24 -23 -24 27 -26 -27 -28 -29 29 -31
leaf_value=-0.032897198150687368 0.052000110362276419 -0.06544443796129909 -0.028568232244480699 0.034165099745118603 -0.0011886117612566658 0.056015359911371056 -0.053108288620194594 0.0523487252293931 0.017588277510848356 -0.026405213348644714 -0.060012178198792732 -0.030621723112843641 -0.04282851265681123 -0.015255528253493765 -0.0025430405931405379 0.0084641552833121317 -0.010446630551414746 0.032209585526070034 0.016207792933275216 -0.04401254275459543 0.02785413340253183 0.012170204759296506 0.001112361241679893 0.05286527012370832 0.052216931490258495 -0.047170622694528028 0.050881528843705816 0.051214755781748444 0.0510063148648984 0.050378514929747022
leaf_weight=0.85436929611023593 0.11668295972049492 0.1803003847599064 1.6586570732761168 0.67494128039106982 0.29624259355478022 0.18604633957147609 0.36081740504596371 1.8518409514217635 1.4668402399402056 7.7109984388807788 0.46012113289907464 1.1346693321829651 4.2636788735981161 7.3574353822041285 2.5068276153178886 7.2021619231381919 11.423854459368156 1.6026613577269007 10.065770846907977 0.52241907268762666 0.78406991576775942 5.2252417365089032 0.52329750661738217 1.1121741700917485 1.6860470195533706 0.48867742076981813 0.52546571777202167 1.3934253237675873 0.20237464155070473 1.1968921452644279
leaf_count=45 4 1 33 14 15 2 8 165 59 254 11 76 120 265 81 244 705 56 335 8 25 163 27 40 83 32 57 111 16 328
internal_value=2.68403e-06 0.00567746 0.00176876 -0.00724925 0.0231206 -0.00431486 0.0275723 0.0418976 -0.0157064 -0.019374 -0.0019125 -0.00104728 -0.00381974 -0.011264 -0.0279125 -0.00352217 0.00281116 -0.00519861 0.0123659 0.0123747 0.0157108 0.00453571 -0.0340209 0.0463292 0.0444836 -0.0533982 0.0522239 0.0519474 0.0505871 0.0504693
internal_weight=75.035 18.9337 17.4177 12.2457 5.17201 2.37017 2.39296 2.03214 9.85278 9.17784 56.1013 54.6292 45.2768 21.3301 6.77051 14.5596 23.9467 13.0265 10.9201 9.35245 8.83003 6.35991 1.4721 2.80184 2.47012 0.948799 0.711512 2.5056 1.51595 1.39927
internal_count=3383 1107 759 501 258 92 174 166 327 313 2276 2206 1851 710 201 509 1141 761 380 355 347 239 70 166 108 43 59 151 348 344
is_linear=0
shrinkage=0.05


Tree=240
num_leaves=18
num_cat=0
split_feature=57 69 57 21 76 60 20 30 41 12 72 64 22 76 66 27 43
split_gain=0.328173 0.679997 0.551491 0.605035 0.53774 0.568125 0.444239 0.693565 0.811962 0.450601 0.3482 0.323623 0.18903 0.151821 0.0992116 0.000187253 8.06569e-06
threshold=0.0015442346023439399 0.95427661571699907 0.0012619587949718963 0.0051082798781301184 8.5000000000000018 0.00043830504614779956 -0.010367814933541218 -76.422798010423392 52.269559285091752 -0.0052619755250616343 0.00056215674925759246 0.0033646480816741401 -0.00081959875322096243 47.500000000000007 0.97731362619970674 0.22510098658955471 88.247367086610254
decision_type=2 2 2 2 2 2 2 2 2 2 2 2 2 2 2 2 2
left_child=2 12 3 6 -4 -6 11 8 -8 -9 -5 -1 -2 -13 -7 -12 -17
right_child=1 -3 4 10 5 14 7 9 -10 -11 15 13 -14 -15 -16 16 -18
leaf_value=-0.0034893742628894567 0.016688119972898787 -0.032180954188843557 0.018107312539427753 -0.028742093039899122 0.0078063557365438702 -0.056230014174670273 0.035736111614310645 0.043598575587092556 -0.050222285401120947 -0.00045546902199594441 0.052340087072177459 0.052683430074761964 0.052657444994292285 0.017505674218713522 -0.032587319334126112 0.050410259873753409 0.050758297464241244
leaf_weight=0.72967818635515769 0.65182497026398767 0.46988219919148821 0.69041292206384186 0.16274465981405117 0.663913321681321 1.0495698448503388 0.34574004821479221 0.58577370690181041 1.3375215705018488 63.799443413430716 0.18797249719500542 0.75013027410022892 0.83084756240714241 0.51887370040640235 0.76869580522179592 0.39304408093448728 0.28877190029015765
leaf_count=25 28 38 27 18 26 27 11 14 73 2880 6 28 38 20 24 71 29
internal_value=6.39518e-06 0.0202334 -0.00054007 0.000395815 -0.0209238 -0.0317803 -0.000180428 -0.000882989 -0.0325665 -5.46674e-05 0.0383832 0.0230435 0.0368443 0.0382999 -0.0462348 0.0509429 0.0505577
internal_weight=74.2248 1.95255 72.2723 69.0997 3.17259 2.48218 68.0672 66.0685 1.68326 64.3852 1.03253 1.99868 1.48267 1.269 1.81827 0.869788 0.681816
internal_count=3383 104 3279 3175 104 77 3051 2978 84 2894 124 73 66 48 51 106 100
is_linear=0
shrinkage=0.05


Tree=241
num_leaves=31
num_cat=0
split_feature=22 30 78 22 67 69 51 45 13 70 70 59 2 28 62 25 62 64 67 12 10 68 72 76 34 48 59 11 42 12
split_gain=0.317572 1.03005 0.960479 0.755625 0.684571 1.78536 0.674941 0.742537 0.663625 0.61957 0.695248 0.751521 0.758678 0.578116 0.461978 0.405645 0.368567 0.466379 0.360689 0.390281 0.225923 0.0866055 0.0433723 0.0401101 0.0166995 0.00101237 0.000702698 0.000344208 0.000215854 4.51989e-05
threshold=-0.00067788921431788374 -52.810105883216224 0.78656609248549325 -0.00034557381591321373 0.94077660854189937 0.97420750926319977 -0.4773427260143302 6280.9662940552598 -0.0051666729608178521 0.92114192953222351 0.91229231970636093 0.00093235801159232779 65993.515000000029 0.13867759917351924 0.00016607667410771648 21.769915650157944 4.3136861286164915e-05 0.0030373061281831035 0.90998583607739059 0.00033072296542946417 0.00094751295797157475 -0.00025946559192546731 0.00088234286577888309 35.500000000000007 65481.490617356823 1.2369113177875153 0.00094417061082029705 0.0003083454454747559 28.812188625860358 -0.0014579130750766998
decision_type=2 2 2 2 2 2 2 2 2 2 2 2 2 2 2 2 2 2 2 2 2 2 2 2 2 2 2 2 2 2
left_child=6 15 3 23 8 -6 7 14 -5 10 11 12 -8 -4 18 -2 17 -9 19 -1 21 -18 -11 -3 27 28 -13 -15 -17 -30
right_child=1 2 13 4 5 -7 9 16 -10 22 -12 26 -14 24 -16 25 20 -19 -20 -21 -22 -23 -24 -25 -26 -27 -28 -29 29 -31
leaf_value=-0.013349219070372557 -0.012486553126495929 0.053178385688027921 -0.051432792356225755 0.043299871384610562 0.044479100486055356 -0.049507795553234257 0.0032782323492869872 -0.03923577137007625 -0.0040489781639487374 -0.026366197975807661 0.037678665799598471 -0.05424958109616386 -0.046775082243947809 0.052141402871095033 0.034036697205557728 0.052773853584196062 -0.027412426436778509 0.034525875511143077 -0.049459912043750401 0.038167506358091713 -0.012474119548333438 -0.053031549040236693 -0.051732185047248629 0.031611866762659223 0.032762875608167097 0.054428836664517533 -0.05100559947532915 0.050496415813852204 0.051480654731264265 0.050579450489338845
leaf_weight=1.5923546929261685 0.28888642531819542 0.55607310077175398 0.15718189650215109 0.75527160987257858 2.1573328388622026 0.6598170194774865 19.104300992039512 0.45305343269137699 36.648989466659259 0.24701855820603569 1.2686546285403881 0.31357398396357794 0.78830133727751572 0.69793336070142664 0.75309315719641734 0.27865287521854021 0.39955779793672364 0.40664289460983127 0.48248492123093445 0.47799664502963413 0.53487341152504075 1.8916750791831869 0.53028769616503268 0.35210507409647107 0.13275596383027721 0.52891165530309081 0.35698271740693599 0.58418552885996178 0.3064407082274555 0.2548261235933752
leaf_count=70 7 26 12 10 71 15 875 35 1546 23 36 8 60 35 27 8 22 28 25 20 17 84 37 24 36 14 38 131 14 29
internal_value=6.479e-06 0.00268288 0.00118168 -0.000284367 -0.00130273 0.022466 -0.00400434 -0.0175812 -0.0030929 0.000194233 0.00175603 -0.000460236 0.00129473 0.0395378 -0.000376176 0.0413527 -0.033013 -0.00434595 -0.0105281 -0.00145519 -0.0417335 -0.0485639 -0.0436712 0.0448169 0.0496439 0.0527153 -0.0525226 0.0513919 0.0516363 0.0510715
internal_weight=73.9602 44.3594 42.7016 41.1296 40.2214 2.81715 29.6009 6.99173 37.4043 22.6091 21.8318 20.5632 19.8926 1.57206 3.30593 1.65772 3.6858 0.859696 2.55284 2.07035 2.82611 2.29123 0.777306 0.908178 1.41487 1.36883 0.670557 1.28212 0.83992 0.561267
internal_count=3383 1978 1906 1692 1642 86 1405 328 1556 1077 1017 981 935 214 142 72 186 63 115 90 123 106 60 50 202 65 46 166 51 43
is_linear=0
shrinkage=0.05


Tree=242
num_leaves=31
num_cat=0
split_feature=47 22 73 70 28 51 34 76 70 42 35 68 57 68 70 74 76 76 47 24 58 58 68 68 47 14 38 57 25 12
split_gain=0.318364 0.740069 0.556136 0.77606 0.597094 0.674679 0.762426 0.989534 0.818084 0.662322 0.933825 0.62155 0.769021 0.706557 0.528317 0.481951 0.563277 0.65382 0.545508 0.67115 0.460911 0.449449 0.406527 0.371822 0.64664 0.356553 0.356042 0.324407 0.304378 0.281884
threshold=0.53472974662360406 0.00088485599970855599 6.7214291162145789 0.91154025240312098 0.23074641182979874 2.3718095138512396 64208.7026602841 14.500000000000002 0.82722050942301839 14.695736573031594 0.17755591750150504 -0.00029724006051001778 0.00074080068714076021 -0.000158655575928035 0.82066943144527571 21.197600286948539 7.5000000000000009 47.500000000000007 0.3781098646948684 33.200335971249849 0.00083053608153781122 0.00035999511774319773 -1.7934309136491408e-05 0.00032492952554930016 0.43392160300756027 0.00063830698482203474 63227.871897540324 0.00085034535958964058 56.431414033495308 0.001057346263664938
decision_type=2 2 2 2 2 2 2 2 2 2 2 2 2 2 2 2 2 2 2 2 2 2 2 2 2 2 2 2 2 2
left_child=1 15 4 14 5 6 7 -2 -8 10 -6 12 -11 -13 28 16 -1 21 19 -17 -5 -18 -16 29 -25 -24 -7 -21 -4 -3
right_child=2 23 3 20 9 26 8 -9 -10 11 -12 13 -14 -15 22 18 17 -19 -20 27 -22 -23 25 24 -26 -27 -28 -29 -30 -31
leaf_value=0.034296187907329551 0.035447489413937841 0.019110033169436068 -0.01495888668471867 0.037335916438542643 -0.031302373493312087 0.027627293021220047 0.0015020703929253532 -0.0073004244041809073 -0.034352377997324435 0.031008292253617165 0.047210170259928262 -0.018261416017203498 -0.003455198677398694 0.0019468706515746448 -0.049842010476575466 -0.052187336458328432 0.021283860514777833 0.019602317757456751 0.022552422255434093 -0.010361451810574813 -0.021274072593016741 -0.049623324591969928 -0.037543958034989139 -0.031878694861308558 0.040942254666172788 0.017885706519983446 -0.043478020677325424 0.03543463565185484 0.044004471609371681 0.049443633145960814
leaf_weight=0.4473151204292648 2.1606515587773156 1.6309301041183055 0.63630373345222224 0.89804202271625377 0.48656982748070676 0.19590109609998663 3.1835926517960615 3.6250107086962089 3.1801433250657283 3.6284218355140103 1.708773852442391 5.1380259282595864 2.9223759035521653 27.34920169723047 2.1044664726359774 0.67505038843955878 0.25704568467335809 0.59102133125998069 2.8100173840066418 1.01774515514262 0.53543794446159154 1.7114492611726744 0.65930569515330695 0.6783688392024485 0.55366327171213925 0.51811132696457207 1.7374071987578643 0.62366514559835184 0.33363159099826589 1.4439728629949966
leaf_count=20 53 91 55 35 26 7 201 159 127 208 58 179 127 1113 56 33 33 37 136 68 20 78 28 28 20 16 112 27 47 185
internal_value=6.86379e-06 0.00729668 -0.00147978 -0.0163713 5.07531e-05 -0.00883813 -0.00447248 0.00866375 -0.0164154 0.00308663 0.0298089 0.00158388 0.0156338 -0.00124918 -0.0270976 -0.00157779 -0.0174703 -0.0265173 0.00774365 -0.0102204 0.0154437 -0.0403643 -0.0366792 0.0240554 0.000846333 -0.0131527 -0.036273 0.00703909 0.00532292 0.0333547
internal_weight=73.4416 12.4402 61.0014 5.6853 55.3161 14.0827 12.1494 5.78566 6.36374 41.2334 2.19534 39.038 6.5508 32.4872 4.25182 8.13331 3.00683 2.55952 5.12648 2.31646 1.43348 1.96849 3.28188 4.30694 1.23203 1.17742 1.93331 1.64141 0.969935 3.0749
internal_count=3383 756 2627 257 2370 659 540 212 328 1711 84 1627 335 1292 202 432 168 148 264 128 55 111 100 324 48 44 119 95 102 276
is_linear=0
shrinkage=0.05


Tree=243
num_leaves=31
num_cat=0
split_feature=21 67 69 42 14 22 21 49 29 43 43 15 42 48 37 76 61 50 67 25 61 25 46 67 21 47 26 52 69 69
split_gain=0.321996 1.196 0.889188 1.19208 1.33329 1.37083 1.10534 0.773634 0.691632 0.57127 0.765874 0.752299 0.964527 0.917836 0.702523 0.939344 1.0966 0.859551 0.725431 0.697058 0.694704 0.669412 0.681876 0.668834 0.623838 0.77572 0.739772 0.605613 0.614202 0.51109
threshold=0.00098919180514622806 0.82576633014073264 0.23380554948883331 24.202724566023043 -0.0028300395042705757 -0.0024568677308873794 0.001332265100447594 0.53104475902001047 -1.4654389280512985 35.98346005294249 55.57043819718244 0.0016938706493970781 22.741529647510742 0.46312618778861842 64979.132494802914 47.500000000000007 0.00030022427799320027 0.95631276594160242 0.93036278624356739 72.647867059627472 0.00030975150710800265 37.498412738226527 -0.18627184901714586 0.93939705229736392 -0.00047586584289599493 1.1415547834227351 0.57833992855910166 0.31608338629468474 0.92359203879146323 0.8687212581890863
decision_type=2 2 2 2 2 2 2 2 2 2 2 2 2 2 2 2 2 2 2 2 2 2 2 2 2 2 2 2 2 2
left_child=9 -2 8 4 -4 -6 -5 -8 -3 21 11 13 -13 20 17 16 -16 23 -19 -15 -11 22 29 -12 25 26 -23 28 -24 -1
right_child=1 2 3 6 5 -7 7 -9 -10 10 14 12 -14 19 15 -17 -18 18 -20 -21 -22 24 27 -25 -26 -27 -28 -29 -30 -31
leaf_value=0.022159016653484829 0.05048919973966981 0.012420025391812571 -0.054880670612914684 0.038632242077662901 -0.014634166154195266 0.048259768810407187 0.02178207910730804 -0.0090947903030552772 -0.040402767499850424 -0.041227194320368962 -0.011096405520486482 0.034005179141639759 -0.025723566552069352 -0.038354364426779981 -0.061813709381805394 -0.053747939058406927 0.0069909808390795861 0.032682999831538467 -0.025668037692995357 0.026973249913647343 0.035310011010819785 0.04195061935701673 -0.045046077462500389 0.03739655727480394 0.046665848823989664 -0.034899819782123892 -0.0022928939747176294 -0.03094741350647669 0.02209495050723647 -0.0042922119952402658
leaf_weight=3.1736306411912674 1.3302329595026119 0.89461177028715644 0.46578808501362789 1.6104132385225991 1.1280214402358977 3.7351599958201431 2.361907149897891 14.378120503388343 2.0164747103117433 0.4326282767578975 5.4372032540850359 1.383486444829032 1.3215634098742155 5.9080287102842703 0.68896751874126394 1.2147712591104207 3.6314171509584412 3.6898454642505385 0.62250784109346557 0.43865142087452103 0.94209903362207115 1.7780132370535287 0.45230273983907032 0.81802921881899227 1.4279221140313882 0.83086766209453333 2.0161189599893987 3.009093890665099 1.3795419153757391 4.3012302788556553
leaf_count=173 340 18 8 85 22 284 115 541 39 39 169 40 49 363 20 22 99 140 20 9 45 39 50 18 73 29 68 214 46 206
internal_value=5.91107e-06 0.00422213 0.00190755 0.00511342 0.0259314 0.0336714 -0.000932123 -0.00473827 -0.0241697 -0.00261604 -0.00730908 -0.0178668 0.00482445 -0.0258162 -0.000473037 -0.0149033 -0.00398124 0.00708532 0.0242598 -0.0338392 0.0112237 0.00416194 -0.00252964 -0.00475473 0.0177772 0.00885814 0.0184406 -0.017149 0.00551709 0.00693829
internal_weight=72.8187 27.9207 26.5905 23.6794 5.32897 4.86318 18.3504 16.74 2.91109 44.8979 26.5292 10.4265 2.70505 7.72141 16.1027 5.53516 4.32038 10.5676 4.31235 6.34668 1.37473 18.3687 12.3158 6.25523 6.05292 4.625 3.79413 4.84094 1.83184 7.47486
internal_count=3383 1452 1112 1055 314 306 741 656 57 1931 1033 545 89 456 488 141 119 347 160 372 84 898 689 187 209 136 107 310 96 379
is_linear=0
shrinkage=0.05


Tree=244
num_leaves=15
num_cat=0
split_feature=45 68 74 68 12 61 11 65 61 42 74 72 46 49
split_gain=0.324971 0.328551 0.601426 0.379903 0.3821 1.05775 1.1872 1.1509 1.02651 0.872134 0.86284 0.238372 0.209617 0.0133728
threshold=4740.2509986648056 0.00086130972178477549 36.593471758031839 0.00081046562419906387 1.0000000180025095e-35 0.00061967541144401686 0.0014508367224914667 0.0074750484714247055 0.00062944693006112054 24.202724566023043 68.539248355298653 0.00085762018373762322 0.21959238856463623 1.2862703528919872
decision_type=2 2 2 2 2 2 2 2 2 2 2 2 2 2
left_child=12 3 11 4 8 6 -6 -7 9 -2 -10 -3 -1 -13
right_child=1 2 -4 -5 5 7 -8 -9 10 -11 -12 13 -14 -15
leaf_value=-0.003984301585916959 0.0034966453939777632 -0.0075346870778831001 0.012844545522840145 0.044633366293666918 0.0053195784310501046 -0.0031176155652574314 0.036610138816061372 -0.060523080827988268 0.015464157680047039 -0.017739353325936302 -0.022248657518115573 -0.056320848475334119 0.059193400688439285 -0.045108495048947331
leaf_weight=0.20095456833951075 7.4428498185006964 0.45723952329717521 0.95841122022829939 0.48089908051770081 17.978203771504926 14.112636049045246 3.6461515817209138 0.93069423735141832 8.6261670832755026 13.79750684139435 1.8402292260434467 0.53080704156309344 0.37873957795090973 0.53291771223302931
leaf_count=39 405 23 36 13 853 524 350 8 312 665 97 10 17 31
internal_value=7.35883e-06 -0.000295635 -0.0181777 0.000348272 3.68012e-05 0.00351253 0.0105956 -0.00666915 -0.00398275 -0.010298 0.00883339 -0.0377259 0.0372925 -0.0507035
internal_weight=71.9144 71.3347 2.47938 68.8553 68.3744 36.6677 21.6244 15.0433 31.7068 21.2404 10.4664 1.52096 0.579694 1.06372
internal_count=3383 3327 100 3227 3214 1735 1203 532 1479 1070 409 64 56 41
is_linear=0
shrinkage=0.05


Tree=245
num_leaves=20
num_cat=0
split_feature=44 73 41 57 69 57 12 78 61 41 31 42 74 67 35 19 26 42 46
split_gain=0.32003 0.42356 0.580374 0.393504 0.711553 0.575311 0.498924 0.930053 0.838309 1.03723 0.745315 0.739542 0.613012 0.356786 0.24084 0.191231 0.172583 0.122856 0.0566272
threshold=4829.9937000000018 4.006110804555119 87.798645003887486 0.0015442346023439399 0.95427661571699907 0.0012619587949718963 1.0000000180025095e-35 0.37940952255126054 0.00064213974097161242 69.55755302244323 1.0000000180025095e-35 34.117881965156933 16.845675994651273 0.89992569467067474 0.55032957262430704 -0.0020638387109130902 0.57833992855910166 41.59069304969325 0.13461476768408417
decision_type=2 2 2 2 2 2 2 2 2 2 2 2 2 2 2 2 2 2 2
left_child=1 2 15 5 17 6 7 10 11 -10 -2 -8 -9 -7 -15 -1 -17 -5 -16
right_child=3 -3 -4 4 -6 13 8 12 9 -11 -12 -13 -14 14 18 16 -18 -19 -20
leaf_value=0.052822008202546789 -0.0049019440614198858 0.047633315340216739 -0.05293960297189744 0.052554174284833916 -0.032842098879940697 0.010121272872010716 0.0041483904335689733 -0.0057781753177929959 -0.016864053406539084 0.017597576995425988 0.019716450236339604 0.024575543236622623 -0.047874368195329864 -0.0078490028725631995 -0.033483467357799016 -0.050451929723430627 0.033596120696107935 0.020446337885396623 -0.052814161161073063
leaf_weight=0.34073977149091661 23.551445779681679 0.80965179181657732 0.34789145994000137 0.85002700355835148 0.42990143760107447 0.62429672107100431 17.805569728516279 1.5623750595259474 8.0060887345462088 3.00224879477173 3.5359859614982261 5.8987250009959089 1.9369923389749599 0.67458675662055645 0.71383516443893291 0.11302295583300181 0.13289278955198824 0.45870396611280739 0.80731889244634658
leaf_count=10 994 26 16 35 35 31 889 145 290 120 123 377 160 18 27 20 26 24 17
internal_value=6.7341e-06 0.0211617 -0.00177222 -0.000521457 0.0229677 -0.00112098 -0.000166077 -0.00482204 0.00393649 -0.00746551 -0.00168827 0.00923161 -0.0290795 -0.0232322 -0.0327153 0.0285705 -0.00503239 0.0413005 -0.0437428
internal_weight=71.6023 1.7442 0.934547 69.8581 1.73863 68.1195 65.2994 30.5868 34.7126 11.0083 27.0874 23.7043 3.49937 2.82004 2.19574 0.586656 0.245916 1.30873 1.52115
internal_count=3383 98 72 3285 94 3191 3098 1422 1676 410 1117 1266 305 93 62 56 46 59 44
is_linear=0
shrinkage=0.05


Tree=246
num_leaves=31
num_cat=0
split_feature=22 6 35 58 27 73 41 11 55 45 56 10 9 70 72 13 46 66 43 23 46 3 70 45 34 45 62 75 67 11
split_gain=0.304052 0.894933 0.881964 0.978647 1.15546 1.15691 0.913048 0.948426 0.77107 0.914304 0.715243 0.635414 0.713596 0.758907 0.740906 0.659493 0.964576 1.06578 0.727084 1.00874 0.627965 0.606399 0.565196 0.749041 0.552334 0.433979 0.384186 0.528828 0.31964 0.299654
threshold=0.0012915180167083486 2477.5000000000005 0.3540463545327211 0.00085079796881710015 0.13011579079926289 1.5169145759764315 86.676941992146368 -0.0021685820342142166 64739.578174599555 7621.4321808038767 -0.0012135678424041998 0.0033587275225439588 0.00079694103731586818 0.82886026173927696 0.0013074805032216536 0.0022957446839593225 0.17509405221404931 0.95589087577237197 56.670443695497205 -0.0075210796895088241 -0.15234481048998635 62909.055000000008 0.80072168545408695 6910.868781419128 63663.849036571526 6321.5107593839921 0.00011763765907596257 14.500000000000002 0.85893293760273182 0.00062128334738875701
decision_type=2 2 2 2 2 2 2 2 2 2 2 2 2 2 2 2 2 2 2 2 2 2 2 2 2 2 2 2 2 2
left_child=11 10 8 4 -4 -6 7 -5 22 -10 24 12 15 29 -15 18 17 -17 20 -20 -1 -12 23 -3 -2 -24 -23 -28 -18 -14
right_child=1 2 3 6 5 -7 -8 -9 9 -11 21 -13 13 14 -16 16 28 -19 19 -21 -22 26 25 -25 -26 -27 27 -29 -30 -31
leaf_value=0.0032908026642677886 0.027670557849428914 0.038803933516191165 -0.037697907400911994 0.04185974134162973 -0.011851612127416797 0.043324476033472392 0.038986642977199816 -0.025341541443963535 0.04384019524596388 -0.038136231051181337 -0.035339936942317594 -0.044357337776354686 0.01744413188707996 0.027370265705642806 -0.027743532655205707 -0.027715520926268656 -0.012625257151846073 0.027551504674745583 -0.025312781506454718 0.017852118369112237 -0.01186123242995353 0.048460625519618696 -0.055834033148734634 -0.047772304004757002 -0.048373398959009661 -0.016216006824422282 -0.044259648496959486 0.051103376407180295 -0.047676953238362164 0.053248413390128972
leaf_weight=12.547018182056487 0.43835378589574236 0.60633234650595402 0.71917669801041295 0.60406763572245825 1.2542262359347658 3.9170511515403632 0.88136785430833686 4.0130044654943049 0.9305397279676979 0.53609100799076259 0.28461797442287506 0.87528389878570934 1.0624506088206538 1.1229986741673204 1.334353399230167 1.7189764305949204 0.90932457428425584 1.7710869866423307 1.6170522553147737 8.3043331508524698 15.028578005731109 2.7625052985822554 1.7299026766559111 0.42491253663320094 0.52450657438021153 1.1512417612830175 0.28878248296678055 0.29275078081991524 2.2842022629920393 1.2986739995540117
leaf_count=624 22 53 18 13 55 305 42 126 61 15 8 10 33 38 53 40 32 50 53 320 775 388 30 19 21 31 15 29 43 61
internal_value=6.34365e-06 0.004998 -0.000357606 0.00752313 0.0216839 0.0299422 -0.00764727 -0.0165494 -0.0170433 0.0138757 0.0245563 -0.00213141 -0.00137712 0.0168939 -0.00255678 -0.00336981 -0.0178393 0.000330591 -0.000790726 0.0108168 -0.00496699 0.0347218 -0.0286339 0.0031312 -0.0137535 -0.0400035 0.0406849 0.00374724 -0.0376963 0.0371373
internal_weight=71.2338 21.3594 16.7679 11.3889 5.89045 5.17128 5.49844 4.61707 5.37902 1.46663 4.59152 49.8743 48.999 4.81848 2.45735 44.1806 6.68359 3.49006 37.497 9.92139 27.5756 3.62866 3.91239 1.03124 0.96286 2.88114 3.34404 0.581533 3.19353 2.36112
internal_count=3383 1251 768 559 378 360 181 139 209 76 483 2132 2122 185 91 1937 165 90 1772 373 1399 440 133 72 43 61 432 44 75 94
is_linear=0
shrinkage=0.05


Tree=247
num_leaves=31
num_cat=0
split_feature=21 65 10 12 46 9 44 46 60 39 57 76 67 30 46 61 52 73 10 25 57 70 42 9 50 29 67 28 62 76
split_gain=0.330452 0.544795 0.494505 0.950995 0.650538 0.903595 1.30649 0.847883 0.719446 0.630529 0.572906 0.560331 0.74652 0.595031 0.545144 0.512401 0.475855 0.473074 0.670672 1.12016 0.679017 0.657854 0.515703 0.572725 0.656734 0.464032 0.45063 0.358554 0.226694 0.0700298
threshold=-0.00049736631271762855 0.0051212294767676624 1.3965539168880882e-05 0.0014717103212895657 -0.22124826387074928 -0.00035751651954069036 4754.2730849999962 -0.35139063141375915 0.00033761373147595534 63614.121587667825 0.00033600771074497859 15.500000000000002 0.88890876797680529 -29.870350440608146 0.30704317782338775 0.0015130448214656291 0.67490702461004781 1.6883788318544568 -0.00052688004398315769 82.477978129818339 0.0005232325732073105 0.66823581191952419 59.006621840871304 -0.0010773092940703497 2.3109816407599859 5.3646160403841359 0.89339257044973908 0.14604223007802725 3.4637837919878808e-05 10.500000000000002
decision_type=2 2 2 2 2 2 2 2 2 2 2 2 2 2 2 2 2 2 2 2 2 2 2 2 2 2 2 2 2 2
left_child=2 27 3 4 7 6 -6 15 -9 -7 14 12 -12 16 26 -1 -13 18 -3 21 -21 -20 23 25 -25 -19 -4 -2 -15 -14
right_child=1 17 10 -5 5 9 -8 8 -10 -11 11 13 29 28 -16 -17 -18 22 19 20 -22 -23 -24 24 -26 -27 -28 -29 -30 -31
leaf_value=-0.051403147966991941 -0.030691777335209128 -0.036448176001625691 -0.051078562107198668 0.041373130107720792 0.037438148819153652 0.037315603873714846 -0.044045741016286458 -0.052488815531506021 0.027946397457908285 -0.0060120766833781977 -0.029834047898313981 -0.030411752578800907 0.015470687176713842 -0.012071455509983575 0.047484773278121374 0.043103271277062816 0.02156785717530732 0.0028588690721043333 -0.013765575343542044 -0.062758053855653487 -0.002349153995944122 0.027803640433744222 0.051864273365523711 0.0028367973443287472 0.027990927637246588 -0.042427999573171976 0.028651926829157438 0.049633738285968655 -0.046677535212721999 0.03922373341986523
leaf_weight=0.70777448045555491 0.1635848965961475 1.7833342851372433 0.39267452689818838 1.3142562145367254 0.58951654634438311 1.0062149260193143 2.9716864039655775 0.30090488103451152 3.6522551022935659 5.0734229435329325 1.063017057720572 0.90547472087200709 0.6254458694020284 0.56775793805718455 0.67739663925021887 0.17987684078980237 0.85705539351329207 1.0729527836665504 1.4810513999836974 0.96794391912408151 0.89557697460986674 2.6631718623684719 0.55513676290865888 31.239474157962832 2.829899956501321 1.1963328041601924 0.3229884197935462 0.92167641562991776 2.8424368380801752 0.61583647225052118
leaf_count=109 13 36 33 26 15 41 302 40 142 323 34 62 23 21 10 7 35 25 70 19 37 149 29 1284 172 28 12 173 96 17
internal_value=8.65134e-06 0.00252276 -0.00465653 0.000648621 -0.00304726 -0.0105565 -0.030557 0.0119081 0.0218239 0.0011589 -0.014104 -0.0195889 0.000918883 -0.0287245 0.0153353 -0.032252 -0.00513593 0.00167264 -0.00952257 -0.00152999 -0.0337265 0.0129477 0.0040368 0.00330615 0.00492617 -0.0210157 -0.0150951 0.037526 -0.040916 0.0272553
internal_weight=70.4361 45.7701 24.666 15.7959 14.4817 9.64084 3.5612 4.84081 3.95316 6.07964 8.87008 7.47702 2.3043 5.17272 1.39306 0.887651 1.76253 44.6849 7.79108 6.00774 1.86352 4.14422 36.8938 36.3387 34.0694 2.26929 0.715663 1.08526 3.41019 1.24128
internal_count=3383 2035 1348 1005 979 681 317 298 182 364 343 288 74 214 55 116 97 1849 311 275 56 219 1538 1509 1456 53 45 186 117 40
is_linear=0
shrinkage=0.05


Tree=248
num_leaves=31
num_cat=0
split_feature=21 65 45 41 23 59 59 67 74 62 46 14 29 13 47 30 46 46 17 78 6 58 8 50 45 58 49 66 6 21
split_gain=0.303167 0.513745 0.456598 0.434529 0.915134 0.803664 0.956997 0.80426 1.10179 0.583652 0.422862 0.563778 0.726089 1.22886 0.851422 0.723875 0.545193 0.531017 0.530605 0.846685 0.753673 0.519079 0.516988 0.430922 0.30989 0.243943 0.241146 0.0633559 0.03741 0.00594632
threshold=-0.00049736631271762855 0.0051212294767676624 7654.8185398437236 22.701418017615705 -0.0075210796895088241 0.00042877896057281589 0.00046183546158899523 0.9026262877362089 18.981139348043616 2.9173092330680082e-05 -0.18059623867914384 0.0027526172329245262 -5.9853798789954444 -6.5503529687538351e-05 1.1469070554689613 53.006135407004855 -0.35139063141375915 0.064844448395467866 -0.0022048971903153576 -0.98296291314453399 5492.5000000000009 0.0010215655467143831 72177.151465750023 1.7695313650196762 7431.4871960836781 0.0006334591895584069 0.28897396064786646 0.61326914187903603 1360.5000000000002 -0.00040045714657843673
decision_type=2 2 2 2 2 2 2 2 2 2 2 2 2 2 2 2 2 2 2 2 2 2 2 2 2 2 2 2 2 2
left_child=10 2 27 4 -3 7 26 8 -5 -8 16 12 13 14 -12 -13 21 -17 25 -20 -21 28 -14 -24 -6 -18 -7 -2 -1 -29
right_child=1 3 -4 5 24 6 9 -9 -10 -11 11 15 22 -15 -16 17 18 -19 19 20 -22 -23 23 -25 -26 -27 -28 29 -30 -31
leaf_value=-0.018290885342322552 0.00064801295532834974 -0.05174742514237101 -0.052479706867355869 -0.026811101464067861 0.051608653646388052 -0.028298388919748008 0.051845414110414226 -0.042375872474268904 0.021016842838405148 0.0010592286064599989 -0.0051539154112438396 0.028533084834214323 0.013516215278416814 0.041940912301623501 -0.047058749674936756 -0.052176416954168338 0.002799477430064048 0.0055788492614719703 -0.052590351406044782 0.018419544419561711 -0.03522419504052695 0.052217444422807339 -0.047731926937554965 0.00062386282319294598 -0.016743699243992792 0.044717418177372945 0.049431293663370006 0.061708561027097986 -0.051321625255051753 0.050853962441312732
leaf_weight=0.097863764676730969 0.062478029954944558 0.31217108853161324 0.12530653830617666 2.5563357199716839 1.2606802942318598 0.10789578850380976 0.57531304028816421 1.9425249703926963 2.2764040556212422 33.932791328435997 6.0799126655329045 1.9894877184415229 0.53067164402455036 1.1505789511138562 1.5139959474909117 0.63298621657304455 0.4746044089552014 1.0719798281788824 0.63025622442364682 3.8111589793697958 0.79058907879516471 0.15742442384362221 2.7551734418957499 0.55323787580709893 0.19093559525208537 1.2917134271701796 1.3266179932979865 0.15373855829238892 0.69091298070270568 0.70364164261263795
leaf_count=20 14 13 7 97 181 9 48 37 187 1139 360 38 32 31 140 31 35 36 27 220 33 4 169 32 26 35 112 1 105 164
internal_value=5.70198e-06 0.00241016 0.0370606 0.001596 0.0259164 0.000591826 0.00356939 -0.0152041 -0.00428232 0.00190593 -0.00451353 -0.00912875 -0.0141707 -0.00621257 -0.0135085 0.00804441 0.00494288 -0.0158634 0.00975909 0.00175966 0.00920345 -0.030679 -0.0322973 -0.0396458 0.0426181 0.0334542 0.0435849 0.0492581 -0.0472235 0.0528003
internal_weight=69.7494 45.5268 1.04516 44.4817 1.76379 42.7179 35.9426 6.77526 4.83274 34.5081 24.2225 16.278 12.5836 8.74449 7.59391 3.69445 7.94452 1.70497 6.99832 5.232 4.60175 0.946201 3.83908 3.30841 1.45162 1.76632 1.43451 0.919858 0.788777 0.85738
internal_count=3383 2035 186 1849 220 1629 1308 321 284 1187 1348 869 764 531 500 105 479 67 350 280 253 129 233 201 207 70 121 179 125 165
is_linear=0
shrinkage=0.05


Tree=249
num_leaves=20
num_cat=0
split_feature=66 74 69 3 1 29 46 28 15 74 74 76 22 28 60 11 46 54 0
split_gain=0.295125 0.328847 0.724326 0.691137 0.896134 1.04825 0.740296 0.62647 0.568447 0.591343 1.19875 1.05682 0.916147 0.85986 0.863969 0.51621 0.38763 0.470583 0.0303411
threshold=0.24377118162016057 47.419934808692325 0.73244204840804228 65562.560000000012 64134.620000000003 -46.584494818434898 -0.053276080082161135 0.11969574251531012 -0.010367814933541218 25.994304896574093 21.197600286948539 40.500000000000007 0.00063171424167007839 0.9385167969214494 0.00045186822432960954 0.0020822134606517388 0.10117239413618433 -0.026686434066757272 64055.400000000009
decision_type=2 2 2 2 2 2 2 2 2 2 2 2 2 2 2 2 2 2 2
left_child=-1 8 7 4 5 -4 -6 -3 -2 10 12 -12 -10 14 -11 -15 18 -18 -9
right_child=1 2 3 -5 6 -7 -8 16 9 13 11 -13 -14 15 -16 -17 17 -19 -20
leaf_value=-0.046830105842372925 0.031027558061857759 -0.020327487892471227 -0.013258493335033325 0.054342171442092108 -0.044775469550750902 0.037437097054196643 -0.0042783279733084089 0.039598354665528024 -0.012887027739737947 0.0060194644618945022 0.030493490988816735 -0.013987946458259052 0.0064741709924201378 0.00083526475539387381 -0.018119528013355143 0.05333363504197644 -0.03874805123921627 0.051244051558740879 0.054230647847190352
leaf_weight=0.33473927550949056 1.3073368207551528 0.53249941195826922 1.743778674281202 0.58055070473346937 1.4461263190023581 2.4556350691709632 5.1377134186914208 0.4738139187684286 12.374002348049549 4.9853898442525013 5.5371779864944974 1.7596615398069841 12.069758557117892 1.0998893234354898 14.453379999846218 0.81536558156949457 0.30682350258575752 0.27588736871257413 1.4043149692006407
leaf_count=28 36 23 87 31 83 128 191 30 677 296 296 86 656 82 508 52 16 33 44
internal_value=4.30096e-06 0.000232304 0.00696323 0.00119929 -0.00166182 0.0163861 -0.0131734 0.0288452 -0.00154404 -0.00234605 0.00198205 0.0197666 -0.00332692 -0.00877933 -0.0119287 0.023185 0.0394857 0.00385916 0.0505392
internal_weight=69.0938 68.7591 14.3571 11.3638 10.7833 4.19941 6.58384 2.99334 54.402 53.0946 31.7406 7.29684 24.4438 21.354 19.4388 1.91525 2.46084 0.582711 1.87813
internal_count=3383 3355 666 520 489 215 274 146 2689 2653 1715 382 1333 938 804 134 123 49 74
is_linear=0
shrinkage=0.05


Tree=250
num_leaves=31
num_cat=0
split_feature=21 65 60 59 60 70 76 46 7 64 21 10 12 43 59 59 51 6 57 46 76 67 30 66 22 67 28 25 67 74
split_gain=0.301624 0.488283 0.444589 0.73673 0.474732 0.598845 1.12444 0.57941 0.944471 0.894941 0.441839 0.438695 0.859826 0.589618 0.909168 1.04617 0.52378 0.632991 0.501051 0.500297 0.479254 0.664164 0.543309 0.472986 0.435677 0.40979 0.317478 0.283276 0.178139 0.0468252
threshold=-0.00049736631271762855 0.0051212294767676624 0.00029738393794821537 0.00033658595450172069 0.00033761373147595534 0.6414059527752195 26.500000000000004 0.1184749713899145 14.457570000000002 0.0024331238879898237 0.00016251337919570566 1.3965539168880882e-05 0.0014717103212895657 35.701927360314741 0.00057656316466868373 0.00049802092795908084 2.1749866704505028 8896.0000000000018 0.00033600771074497859 0.30704317782338775 15.500000000000002 0.88890876797680529 -29.870350440608146 0.91856141636180832 -0.0050453738056315802 0.89339257044973908 0.14604223007802725 79.13315099049872 0.8951263214471189 11.913272993929263
decision_type=2 2 2 2 2 2 2 2 2 2 2 2 2 2 2 2 2 2 2 2 2 2 2 2 2 2 2 2 2 2
left_child=11 26 3 10 5 6 -4 9 -9 -6 -3 12 13 16 15 -15 23 -18 19 25 21 -20 24 -1 -22 -13 -2 -24 -23 -28
right_child=1 2 4 -5 7 -7 -8 8 -10 -11 -12 18 -14 14 -16 -17 17 -19 20 -21 22 28 27 -25 -26 -27 29 -29 -30 -31
leaf_value=0.023951928494323701 -0.028980680555560315 -0.051357927324777335 0.052045020692804304 -0.048858462096591518 0.032023495560302311 0.048951150955740041 -0.055439505371414594 -0.01472614184240852 0.015254484963140139 0.0024916774318983238 0.047063854995455727 -0.051005002399400624 0.040137460109263889 -0.03324026108988453 -0.051072423786051507 0.026724354829541736 -0.046987009958613817 0.014123375287062501 -0.029025411325685681 0.046288852151437271 -0.034994192292672636 0.047843682719010149 -0.046166825160008168 -0.00097300482221137827 0.016272297083960642 0.02704214309945506 0.012327442397358101 -0.0056730685720548148 0.0088570707542734838 0.05288150413161076
leaf_weight=3.2550336053245719 0.15399175265338172 0.15501627419143815 0.46852242981549297 1.0557369461748747 2.878447501803751 1.2031595895241478 0.50623469988931902 10.148829419020329 3.5443396361079058 23.588230462497449 0.43128676447668113 0.36783867026679018 1.2564350669272233 1.4111908025806763 1.424964331788942 1.5010459037730468 0.99622088432079159 0.73740922124125063 1.0309448330663147 0.64138341881334782 0.70432513835839916 0.51748265209607758 2.7039595752721657 4.5835671835229732 1.0068167784484101 0.30986140295863152 0.078496517089661211 0.5139876790344714 0.67543202452361584 0.76353684252535459
leaf_count=155 13 7 23 24 125 107 23 432 184 816 108 33 26 175 149 56 104 29 34 10 49 10 108 311 48 12 35 9 30 138
internal_value=7.25863e-06 0.00241058 0.00162657 -0.0239001 0.0026166 0.0253522 -0.00377647 0.00138363 -0.00696596 0.00570348 0.0210415 -0.00456555 0.000525498 -0.00305264 -0.018346 -0.00233287 0.00387681 -0.0209934 -0.0136791 0.0146364 -0.0189008 0.000367392 -0.027594 0.00937725 -0.00482956 -0.0153199 0.037029 -0.0396989 0.0257693 0.049101
internal_weight=68.6137 44.9758 43.9798 1.64204 42.3378 2.17792 0.974757 40.1598 13.6932 26.4667 0.586303 23.6379 15.1659 13.9094 4.3372 2.91224 9.57223 1.73363 8.47203 1.31908 7.15295 2.22386 4.92909 7.8386 1.71114 0.6777 0.996025 3.21795 1.19291 0.842033
internal_count=3383 2035 1849 139 1710 153 46 1557 616 941 115 1348 1005 979 380 231 599 133 343 55 288 74 214 466 97 45 186 117 40 173
is_linear=0
shrinkage=0.05


Tree=251
num_leaves=30
num_cat=0
split_feature=44 21 70 32 60 60 13 33 45 37 62 69 33 76 76 31 34 19 45 49 7 74 45 73 22 69 61 46 26
split_gain=0.290623 0.407878 0.624114 0.774098 0.942214 0.728173 1.00714 0.70433 0.595454 0.567956 0.467824 0.98637 1.42244 1.18427 0.966632 1.30252 0.914501 0.779037 1.0278 0.849702 0.759149 0.89379 0.431564 0.377008 0.466605 0.349329 0.170664 0.166392 0.00162537
threshold=4829.9937000000018 -0.0015361486470858441 0.91229231970636093 65767.331579675505 0.00051313956766198341 0.00046678996131793043 -0.0058604373188479433 64766.517500000009 6721.1710190209815 64979.132494802914 9.7398674043374953e-05 0.92782847996500473 64163.25725000001 6.5000000000000009 8.5000000000000018 -3.2570207646851315 64129.990547322181 -0.00035558513439770673 6931.3798205107696 0.57619097999319313 1.8075700000000003 61.617343414984688 6187.2123996390865 4.006110804555119 -0.0020350589383640867 0.93864320125278655 0.00038045758445847143 0.18117499927226086 0.23712206558152571
decision_type=2 2 2 2 2 2 2 2 2 2 2 2 2 2 2 2 2 2 2 2 2 2 2 2 2 2 2 2 2
left_child=23 2 3 5 8 9 -7 22 -5 -2 11 17 13 -13 15 -12 -14 18 -3 -19 26 -22 -4 24 27 -9 -16 -1 -17
right_child=1 10 7 4 -6 6 -8 25 -10 -11 14 12 16 -15 20 28 -18 19 -20 -21 21 -23 -24 -25 -26 -27 -28 -29 -30
leaf_value=-0.051969819476042491 -0.00075542545911221374 0.021943214329035957 -0.0019290546919237428 0.041154731084910801 0.048849497214064563 0.022790667105042683 -0.048697189704775413 0.025925892650466187 -0.031908528366656835 -0.043177589267617396 -0.019973938000961547 -0.029359592683389286 -0.057137669179648402 0.046647037004802216 0.0065925130240661826 0.055338208957719841 0.0075711742732171294 0.014562923740832602 -0.0091604507412487834 -0.012551243299939488 -0.022048650060669441 0.015310105686846147 0.046710547077973369 0.046410045569083597 0.048890410730646088 -0.051681453365211218 0.050668160338636997 0.0025141360512350819 0.051786453883366161
leaf_weight=0.32176795252598822 4.4736260109348205 6.9993965091416559 0.71552571922074948 0.37149378587491755 1.0108758988790212 0.58763345843181047 3.0491197835071944 0.20422367402352382 1.1183680521207859 0.95792919903760765 1.0594486147165301 0.58305032690986802 0.64436767145525653 4.2349810797895771 0.37855884374584903 0.48337518866173812 3.5768620498129167 3.6733088065666477 4.2801009038812481 13.540361238046897 9.1860784875461814 1.9389240811578918 1.2575362771749494 0.76579405763186514 0.29888351797126123 0.50001385645009577 0.52312484884168953 0.24824287393130362 0.96551260625710711
leaf_count=32 329 274 31 17 24 24 314 18 104 97 26 24 16 173 20 11 143 239 131 706 343 79 23 26 29 37 20 11 62
internal_value=5.54353e-06 -0.000507863 -0.00800447 -0.0130389 0.0115902 -0.0198308 -0.037146 0.0137501 -0.0136904 -0.00823716 0.00154331 0.0044927 0.0188837 0.0374492 -0.00607263 0.0221614 -0.00230658 -7.27419e-05 0.0101407 -0.00676522 -0.0119612 -0.0155376 0.0290715 0.0208327 -0.00170972 -0.0291759 0.0321636 -0.0282418 0.0529714
internal_weight=67.9485 66.3138 14.2463 11.569 2.50074 9.06831 3.63675 2.6773 1.48986 5.43156 52.0675 37.5324 9.03926 4.81803 14.535 2.50834 4.22123 28.4932 11.2795 17.2137 12.0267 11.125 1.97306 1.63469 0.868894 0.704238 0.901684 0.570011 1.44889
internal_count=3383 3285 1018 909 145 764 338 109 121 426 2267 1706 356 197 561 99 159 1350 405 945 462 422 54 98 72 55 40 43 73
is_linear=0
shrinkage=0.05


Tree=252
num_leaves=31
num_cat=0
split_feature=21 67 30 70 70 63 74 79 14 58 15 41 61 74 33 65 31 13 31 58 42 32 13 68 45 70 28 11 58 64
split_gain=0.299979 1.10417 1.01748 0.766346 1.41351 1.0701 1.35991 0.931636 0.470337 1.08376 1.61133 1.34095 1.3159 1.01252 1.40447 0.831667 0.772787 0.640081 0.52369 0.627612 0.810276 0.799955 0.444748 0.425401 0.407696 0.0237344 7.21396e-05 1.5891e-05 8.21731e-06 2.36955e-06
threshold=0.0017835708989943912 0.85021479816920265 88.153230794695375 0.79782762955273967 0.80623986731160791 0.0012987543289029373 6.0747360812214639 0.78656609248549303 -3.072449730884274e-05 0.00068789959993832434 -0.0028801762278515826 47.164258355680552 0.00031612883111140452 75.37810213912374 64311.141750000017 0.0074164411936512992 19.088847153634713 0.0032469062246809348 -38.043032538030594 0.00074954009823225136 22.655773967531694 64627.720207833721 0.00085169783412097921 -0.00018080446309748363 6828.8069658985742 0.79484147589182708 0.025484742009869957 -0.00044428078238056829 0.00051337456937282486 0.0029492472257624026
decision_type=2 2 2 2 2 2 2 2 2 2 2 2 2 2 2 2 2 2 2 2 2 2 2 2 2 2 2 2 2 2
left_child=8 26 3 5 -5 -3 -7 -6 16 11 23 12 24 14 -12 -14 18 22 -1 20 -20 -21 -13 -11 -10 -18 -2 -28 -29 -30
right_child=1 2 -4 4 7 6 -8 -9 9 10 13 17 15 -15 -16 -17 25 -19 19 21 -22 -23 -24 -25 -26 -27 27 28 29 -31
leaf_value=0.039373183218963978 0.051775830335154739 -0.039343453281635916 -0.040959073303632118 -0.052601934653687399 0.015792408841449515 -0.043474947085814578 0.042901293201430366 -0.019325103222228593 -0.010240787884638516 -0.0064785741318523623 0.046301606128380669 -0.024231692264028867 0.023287375024529045 -0.036194860758804057 0.0033517391479944516 -0.03025580366373461 0.036288911133728473 -0.002441675938025432 0.019310397924813389 -0.035795687848371407 -0.0030369196149485126 0.005639815206666593 -0.056607388654217272 -0.050824078328835488 -0.050680863560994188 0.053247453500040433 0.050847019317518206 0.050179984469075289 0.050594186587111949 0.050375733639393586
leaf_weight=0.86130071338266745 0.10438437061384576 0.60768618376460182 1.2624656709376711 1.211853107321075 6.1299986602389236 0.52293582027778018 3.5431118845008314 2.7295405256736558 1.165164190257203 0.89064614917151663 3.0296029772143775 1.7464872568380085 3.7845363363303477 0.91347876307554621 5.1202577223302796 0.89716534758917976 0.31009484565583889 1.1777658169157801 5.7986302657518598 2.5297629521228364 13.498921497317495 2.1588724709581584 2.7016350522171706 1.3768004804151122 1.3399793916032647 0.61651635356247425 0.17245968955103297 0.48572789788886428 0.21384504018351436 0.29589732654858381
leaf_count=17 4 27 33 26 286 13 259 130 88 16 108 57 241 25 164 29 21 30 296 155 737 125 31 34 54 33 16 239 21 68
internal_value=7.06687e-06 0.00568506 0.00212178 0.00581033 -0.00195475 0.0225432 0.0317924 0.00497303 -0.00195848 -0.00697311 0.00429178 -0.0169351 -0.00262369 0.0137228 0.0193178 0.0130268 0.00273891 -0.0352173 0.00106699 -0.000308521 0.00367812 -0.0167168 -0.0438956 -0.0334053 -0.0318718 0.0475722 0.0505165 0.0504039 0.0503271 0.0504674
internal_weight=67.1975 17.2799 16.0076 14.7451 10.0714 4.67373 4.06605 8.85954 49.9176 24.1435 11.3308 12.8127 7.18685 9.06334 8.14986 4.6817 25.7741 5.62589 24.8475 23.9862 19.2976 4.68864 4.44812 2.26745 2.50514 0.926611 1.27231 1.16793 0.99547 0.509742
internal_count=3383 1122 774 741 442 299 272 416 2261 877 347 530 412 297 272 270 1384 118 1330 1313 1033 280 88 50 142 54 348 344 328 89
is_linear=0
shrinkage=0.05


Tree=253
num_leaves=31
num_cat=0
split_feature=21 30 63 23 12 62 62 70 52 23 70 74 39 3 72 69 67 57 5 58 67 14 79 70 37 25 14 43 21 66
split_gain=0.288577 0.552891 0.628953 0.557237 0.553388 0.497895 0.730856 1.06307 0.668557 0.519055 0.417367 0.743286 0.643431 0.669055 0.609984 0.656157 0.703011 0.59528 0.772233 0.578432 0.561738 0.487591 0.443717 0.326809 0.323947 0.209487 0.00511876 0.00362909 0.00330859 0.00101563
threshold=-0.00021426771200661052 88.153230794695375 0.0024102302400871825 0.009808787735547388 0.0015250306120372372 0.00020778743136864051 0.00013088874135572658 0.77714179151915863 0.68639428767383348 -0.0063442547654595218 0.72800661068983807 15.60976977424709 63571.28915161336 63560.285000000011 0.00087273241396074836 0.75006481877021358 0.9128629445420976 0.00099883767001925409 1314686.6088993002 0.001099824323336046 0.83099647606993043 -0.005850176934117767 0.78656609248549303 0.61239062320818582 62882.523183508594 46.871143517903057 0.0027526172329245262 32.829103939932637 0.00062156497323551118 0.73995999000415991
decision_type=2 2 2 2 2 2 2 2 2 2 2 2 2 2 2 2 2 2 2 2 2 2 2 2 2 2 2 2 2 2
left_child=10 3 -3 5 -4 6 8 -8 -2 -7 11 24 20 -14 15 22 -17 18 -15 -19 -12 -22 -13 -5 -1 29 -26 -23 -11 -16
right_child=1 2 4 23 -6 9 7 -9 -10 28 12 14 13 17 25 16 -18 19 -20 -21 21 27 -24 -25 26 -27 -28 -29 -30 -31
leaf_value=0.014425049219560572 0.0006763921814970581 -0.040827906737011366 -0.04005721731099246 -0.03546738893182743 0.051503454031723184 -0.0030367204776514788 -0.057292187589512648 -0.00168913227411771 0.018748455480626168 0.057108638052475097 -0.03149381086758641 0.0044012407864482605 -0.052263820971111707 -0.0056018298264688743 -0.055789347936093997 -0.052255363252395826 0.05294841637464473 -0.041787724026256946 0.018036532040731083 0.012935591036709243 -0.0090887466280268996 0.053102518583149232 0.054092703190428026 0.051050579053386592 -0.051184122605737042 -0.0029077475259437812 -0.058215861092106316 0.047744338549333402 0.051191071387763479 -0.051547713679038092
leaf_weight=0.20444822107674809 23.623238123356717 1.4417709643021219 0.26534646656364191 0.12421683114371151 0.43648972955998033 0.6830335408449173 1.2066953992471088 2.9886775801423937 6.5327705052332012 0.47637595608830341 0.36707070469856562 1.0818099564057782 0.68541207094677048 11.795172158104839 0.1973562225466593 0.6723044617101549 0.20790152717381716 1.6408172715455287 4.8863593850401221 0.68426833837293077 0.44542257697321486 0.86916150781325952 0.76829378493130196 0.89983420740463771 1.0990531943098174 0.30293677072040737 0.33852656185626973 0.49654724320862442 0.46852649142965674 0.49532725010067225
leaf_count=12 989 36 11 20 37 23 19 89 458 5 19 78 36 619 7 79 5 98 202 32 33 27 14 157 140 9 3 31 44 51
internal_value=6.69408e-06 0.00275652 -0.0219316 0.00418671 0.0168867 0.00315156 0.00187112 -0.017682 0.00459139 0.0301703 -0.00394538 -0.0164382 -0.000879059 -0.00373138 -0.00408684 0.00812982 -0.0274066 -0.00198121 0.00132233 -0.0256828 0.0249073 0.0363384 0.0250366 0.040556 -0.0444648 -0.0375889 -0.05284 0.0511544 0.0541744 -0.0527562
internal_weight=66.3852 39.147 2.14361 37.0034 0.701836 35.9793 34.3514 4.19537 30.156 1.62794 27.2382 5.36796 21.8702 19.692 3.72593 2.73031 0.880206 19.0066 16.6815 2.32509 2.1782 1.81113 1.8501 1.02405 1.64203 0.99562 1.43758 1.36571 0.944902 0.692683
internal_count=3383 1888 84 1804 48 1627 1555 108 1447 72 1495 398 1097 987 243 176 84 951 821 130 110 91 92 177 155 67 143 58 49 58
is_linear=0
shrinkage=0.05


Tree=254
num_leaves=18
num_cat=0
split_feature=57 69 57 38 21 76 15 30 41 12 72 43 80 50 30 27 14
split_gain=0.274864 0.506647 0.415425 0.754559 0.526672 0.471561 0.384725 0.58909 0.716187 0.355992 0.282952 0.220026 0.17345 0.0744544 0.047691 0.000147393 5.4466e-06
threshold=0.0015442346023439399 0.95427661571699907 0.0012619587949718963 63227.871897540324 0.0051082798781301184 9.5000000000000018 -0.010367814933541218 -76.422798010423392 52.632296114714229 -0.0052619755250616343 0.00056215674925759246 25.248841250731704 0.6078576107927941 1.4486755340042807 32.4460724360315 0.22510098658955471 0.0067561725797303804
decision_type=2 2 2 2 2 2 2 2 2 2 2 2 2 2 2 2 2
left_child=2 12 4 -4 6 -5 11 8 -8 -9 -6 13 -2 -1 -7 -12 -17
right_child=1 -3 3 5 10 14 7 9 -10 -11 15 -13 -14 -15 -16 16 -18
leaf_value=0.046223513229407966 0.014936716335240583 -0.028985008051477204 0.049144849397221725 0.0057987266897019602 -0.027553376774792523 -0.033355804673632403 0.030380243298426507 0.041665246416831746 -0.051495304609464679 -0.00049080722784853573 0.052156289489457754 -0.0024418117402538646 0.052519634284191097 0.021024097352120619 -0.050809384495531823 0.050351514177863682 0.050665103779865862
leaf_weight=0.6624108962714661 0.55050265113823005 0.39684217784088094 0.34523280709981863 0.65689071884844485 0.13609181821811844 0.62850750167854119 0.35001851292326946 0.50524651724845071 1.1273172214860094 56.840044693060918 0.16965540265664458 0.58245580806396891 0.69403994153253734 0.52578864712268114 1.0374074482242575 0.34097099688369781 0.23314317269250751
leaf_count=26 39 38 16 28 18 37 13 14 71 2880 6 30 27 17 23 76 24
internal_value=5.14251e-06 0.0202091 -0.000511881 -0.0198269 0.000326422 -0.030078 -0.000231267 -0.000922505 -0.0320969 -0.000119387 0.0387327 0.0227322 0.0358955 0.0350726 -0.0442246 0.0508615 0.0504789
internal_weight=65.7826 1.64138 64.1412 2.66804 61.4731 2.32281 60.5933 58.8226 1.47734 57.3453 0.879861 1.77066 1.24454 1.1882 1.66591 0.74377 0.574114
internal_count=3383 104 3279 104 3175 88 3051 2978 84 2894 124 73 66 43 60 106 100
is_linear=0
shrinkage=0.05


Tree=255
num_leaves=31
num_cat=0
split_feature=22 6 11 4 56 5 76 55 3 74 74 13 45 45 35 9 21 74 76 43 13 76 2 62 36 58 51 21 39 11
split_gain=0.271579 0.793858 0.786055 0.672292 0.628917 0.606257 0.603175 0.538383 0.524795 0.501274 0.708955 0.653537 0.689562 0.640407 0.945716 0.717753 0.602288 0.907221 0.534232 0.790091 0.489266 0.47891 0.441585 0.42557 0.34299 0.201617 0.190442 0.112256 0.210592 0.00195928
threshold=0.0012915180167083486 2477.5000000000005 0.0031568401490011948 6.6098500000000007 -0.0012135678424041998 778191.47601525008 33.500000000000007 64281.699734278758 62909.055000000008 79.978710869836632 47.419934808692325 0.0028302291167040532 6988.4248057030072 5262.9371892108747 0.31162320090429602 0.0010515394487112808 -0.00021426771200661052 55.738343159693805 4.5000000000000009 35.701927360314741 0.0016929812883891284 55.500000000000007 63721.30000000001 0.00020068236850794141 0.83308470492846076 0.00076503045177004909 -0.23267434800009776 -0.0015473116981725708 63342.535748457907 -0.0012910286638038169
decision_type=2 2 2 2 2 2 2 2 2 2 2 2 2 2 2 2 2 2 2 2 2 2 2 2 2 2 2 2 2 2
left_child=9 4 3 -3 22 6 -5 -7 -6 10 11 13 24 14 -1 -15 18 29 -12 -20 -19 25 -2 27 -13 -10 -4 28 -11 -18
right_child=1 2 26 5 8 7 -8 -9 21 23 16 12 -14 15 -16 -17 17 20 19 -21 -22 -23 -24 -25 -26 -27 -28 -29 -30 -31
leaf_value=-0.034472770364752263 0.025587420219699883 -0.038662483485114335 -0.0039138341088055537 0.0018923143121884285 -0.034251749943993291 0.0085139388353991895 0.051398892182875577 -0.014606379581555418 0.051728211875387002 0.021696578715787992 0.044366153321482707 -0.056038225997915338 0.010195345545443978 -0.0057118364922084629 0.031584956232655663 0.032600485053425769 0.055757950200804589 0.023250039814716725 0.012287915228485422 -0.039434425991361016 -0.027384089919221345 -0.011305131308552993 -0.046819505432625329 0.0088535044601976698 -0.01817554709712654 -0.0032830279368656675 0.051529854185335094 -0.057975390995799014 -0.050808758768796342 0.052110630053138846
leaf_weight=0.67357423255452831 0.38630487350746978 1.2311665484448884 0.18896794633474201 1.5291891999077045 0.25639828364365103 4.2033607097109762 1.0294509252416899 6.279570316124591 2.4408846263540918 0.1522613544948398 0.53489727026317302 1.3400795068591831 1.0013428274542091 28.949349488626471 2.7699284063419327 1.2763679978670541 0.52356502227485169 1.2673644246533515 1.7247925224946814 1.2909965049475429 0.76510396669618774 0.39164665847783897 0.46287406550254673 0.51613141573034216 1.0803306841989977 0.178755233879201 0.85861733712954336 0.7158306478522708 0.29260343895293772 1.2408458997961127
leaf_count=39 20 33 9 85 8 234 47 277 387 9 17 23 36 1459 88 50 7 59 81 77 22 31 23 32 39 14 83 11 33 50
internal_value=5.30874e-06 0.00496243 -0.000275674 -0.00334401 0.0244553 -9.83685e-06 0.0218109 -0.00533578 0.0344177 -0.00208407 -0.00107144 -0.00388229 -0.0247014 -0.00176647 0.0186636 -0.00409399 0.0131179 0.0269613 -0.00168538 -0.00985334 0.00418929 0.0402646 -0.0138805 -0.0289203 -0.0391385 0.0479744 0.0415287 -0.0457173 -0.0259928 0.0531929
internal_weight=65.5526 19.4372 15.3203 14.2727 4.11686 13.0416 2.55864 10.4829 3.26768 46.1154 44.4385 37.091 3.42175 33.6692 3.4435 30.2257 7.34757 3.79688 3.55069 3.01579 2.03247 3.01129 0.849179 1.67683 2.42041 2.61964 1.04759 1.1607 0.444865 1.76441
internal_count=3383 1251 768 676 483 643 132 511 440 2132 2047 1734 98 1636 127 1509 313 138 175 158 81 432 43 85 62 401 92 53 42 57
is_linear=0
shrinkage=0.05


Tree=256
num_leaves=24
num_cat=0
split_feature=14 23 51 26 42 12 61 21 42 30 24 69 48 78 41 26 56 42 53 12 24 48 4
split_gain=0.267137 0.424686 0.610906 0.390538 0.373392 0.315821 0.886813 0.923052 1.01338 0.929341 0.677927 1.65943 0.69574 0.673299 0.666495 0.776383 0.718306 0.569911 0.390254 0.238436 0.00526274 0.00561966 0.000548871
threshold=0.010363086523796696 0.009808787735547388 -0.82460721834184725 0.34076642500149984 46.412461253802924 1.0000000180025095e-35 0.00055975361813204421 0.0016667350782306747 35.547971281488124 88.153230794695375 47.024072870486002 0.76088169496036451 0.83937470694568928 0.25881904510252091 41.530743047385137 0.63752589074165067 -0.0014212047414204926 46.060931201617173 0.29725058527848652 -0.0026003266693866429 26.967026909981929 0.12360157759894304 17.818955000000006
decision_type=2 2 2 2 2 2 2 2 2 2 2 2 2 2 2 2 2 2 2 2 2 2 2
left_child=1 5 -3 4 19 10 7 8 -7 -9 14 12 -12 17 16 -16 -1 -8 -13 -4 -5 -22 -15
right_child=-2 2 3 20 -6 6 13 9 -10 -11 11 18 -14 22 15 -17 -18 -19 -20 -21 21 -23 -24
leaf_value=-0.021455819133016963 -0.040475111470693992 -0.044940122121023836 -0.010090195810260228 0.060170891969171941 -0.033794508527014093 -0.0014330011571157277 -0.0098310538857844174 0.041739667195536033 0.03586992053523165 -0.064400700650035544 0.038913056230729326 -0.0060961472269117981 -0.01986065384252516 0.051105458399596605 0.0093435686923798045 -0.026300787607190835 0.01002483317595537 0.028030851378436611 -0.048766235759536619 0.049552714411974175 0.035167807833674618 0.05081460192121573 0.047722130539538249
leaf_weight=5.9469010730681475 0.40495669259689648 0.31171088793780688 0.25640313024632633 0.14046116173267342 0.34990133391693234 10.42061969777569 14.556556780618847 3.1053087525942824 2.2060772117110892 0.2209014887921511 1.2561297169595484 0.65875401906669173 0.84040300961351011 0.34976050804834891 14.057950925198382 1.7139418888837088 2.6060902383178526 1.0667333907331347 2.8719901156146079 0.48366037034429543 0.061372874304652214 0.88317334451130591 0.18238025269238278
leaf_count=444 13 15 8 1 10 357 496 491 131 4 49 29 28 30 556 96 207 60 110 40 5 172 31
internal_value=8.08269e-06 0.000262067 0.0205232 0.0299052 0.00876614 -0.000549769 0.00289522 0.0112573 0.00508439 0.0346906 -0.00424276 -0.0198823 0.0153534 -0.00536207 -0.000624735 0.00547007 -0.0118637 -0.0072459 -0.040805 0.0288888 0.0511408 0.0497979 0.0499459
internal_weight=64.9521 64.5472 2.48668 2.17497 1.08996 62.0605 32.1083 15.9529 12.6267 3.32621 29.9522 5.62728 2.09653 16.1554 24.3249 15.7719 8.55299 15.6233 3.53074 0.740064 1.08501 0.944546 0.532141
internal_count=3383 3370 251 236 58 3119 1600 983 488 495 1519 216 77 617 1303 652 651 556 139 48 178 177 61
is_linear=0
shrinkage=0.05


Tree=257
num_leaves=31
num_cat=0
split_feature=21 30 63 12 68 35 53 12 62 50 62 10 39 35 28 31 61 73 56 74 48 83 39 60 69 43 21 69 25 41
split_gain=0.2727 0.493589 0.551026 0.503884 0.482832 0.761348 0.838326 0.747864 0.695777 0.640887 0.530847 0.552118 0.510578 0.468218 0.75837 0.667926 0.821507 0.616551 0.628494 0.548928 0.406144 0.436681 0.380007 0.620268 0.426211 0.258021 0.245299 0.235531 0.00214923 0.000788017
threshold=-0.00021426771200661052 88.153230794695375 0.0024102302400871825 0.0015250306120372372 -0.0002532901801411413 0.81722202135732458 0.21906179929165706 -0.0017612051031478668 0.00020778743136864051 0.38714435216420434 4.1947059686198892e-05 -0.00086096944211083704 64252.066235525963 0.72453656890209228 0.037434007756069344 -38.043032538030594 0.00095325179731112534 5.5423913576084578 -0.0041466987932660274 60.96188361453305 0.59160263184675366 1.5000000000000002 64321.505297669741 0.00061773211638847987 0.95013089358385827 28.462798351481592 0.0014827079870839424 0.097456728567042974 33.826504616723682 74.41169819153879
decision_type=2 2 2 2 2 2 2 2 2 2 2 2 2 2 2 2 2 2 2 2 2 2 2 2 2 2 2 2 2 2
left_child=13 4 -3 -4 9 6 7 -6 -8 -2 28 -12 -7 14 27 -15 22 18 -16 -20 21 -19 24 -24 -17 -22 -14 -1 -11 -29
right_child=1 2 3 -5 5 12 8 -9 -10 10 11 -13 26 15 17 16 -18 20 19 -21 25 -23 23 -25 -26 -27 -28 29 -30 -31
leaf_value=0.022912933755462456 -0.029484651591884677 -0.039727701781708674 -0.039369682077760204 0.051372123855482482 -0.053400198167216785 0.0063820773185074538 -0.00019148086146801945 0.043584092098337995 0.050819306489530341 0.056171737980402849 -0.02032702285843338 0.021979652578130005 -0.053876088075089791 0.05067880259238608 -0.05155639229312519 0.010054527621359432 -0.051345424421591582 0.020627202156994939 -0.0010724664564864626 0.033590234657789583 -0.0050407181150998017 -0.023085470684288581 0.002308462430717923 0.049793845139269904 -0.051871448525729363 -0.050479496716391216 -0.018873988753002263 -0.050685248373051474 0.051121058157670013 -0.054608635063040457
leaf_weight=0.11804886953905835 0.69979769119527091 1.3459520360920567 0.24872366944327939 0.39746179233770818 0.22130418755114112 1.0139309524092817 23.201914487275648 1.9524853558541568 0.68830731394700606 0.28322074888274051 0.94429378537461062 4.2065309059689762 1.0475804246962073 0.818329975940287 0.57146753231064096 0.70409505895804503 0.63129893213044841 0.84543666150420893 13.334812063723797 1.2491633605677623 0.40611405816161994 1.7622095802216784 1.9224713293369862 1.0707127943169323 0.45898339245468378 1.3542160585056988 0.95857321802759532 1.0298410271061582 0.82181683128874283 0.14614556054584671
leaf_count=7 30 36 11 37 5 38 1012 196 40 5 22 281 14 16 42 31 59 35 699 45 27 97 81 32 22 103 47 195 114 4
internal_value=9.55065e-06 0.00272039 -0.0215072 0.0164446 0.00405959 0.00122938 0.00398312 0.0337105 0.0012782 0.0158937 0.0209699 0.0142236 -0.022536 -0.00389224 -0.00734613 0.00893377 0.00179836 -0.0048892 -0.00011905 0.0018965 -0.0214401 -0.00891319 0.00987042 0.0192948 -0.0143832 -0.0399966 -0.0371515 -0.0444143 0.0524155 -0.0511728
internal_weight=64.4552 38.0319 1.99214 0.646185 36.0398 29.0841 26.064 2.17379 23.8902 6.95566 6.25586 5.15082 3.02008 26.4233 20.8175 5.60589 4.78756 19.5234 15.1554 14.584 4.36798 2.60765 4.15626 2.99318 1.16308 1.76033 2.00615 1.29404 1.10504 1.17599
internal_count=3383 1888 84 48 1804 1352 1253 201 1052 452 422 303 99 1495 1254 241 225 1048 786 744 262 132 166 113 53 130 61 206 119 199
is_linear=0
shrinkage=0.05


Tree=258
num_leaves=27
num_cat=0
split_feature=60 58 43 25 73 58 9 53 57 38 15 77 60 22 32 22 25 46 31 12 32 56 58 0 73 22
split_gain=0.275751 0.581772 0.395287 0.334473 0.852194 1.09847 0.546838 0.75754 0.551145 0.69027 0.684233 0.432527 0.281692 0.272623 0.243988 0.242291 0.0226243 0.00837779 0.00220986 0.0007986 0.000647569 0.000637388 0.000377695 0.00011689 5.34924e-06 2.71371e-07
threshold=0.00029435289247814656 0.00030746559976529216 92.085489429049105 82.477978129818339 1.6188238747536363 0.00079235147369888812 0.00079694103731586818 0.49519894079327154 0.00071751288662218345 63279.640461204297 0.0064693085185894015 1.0000000180025095e-35 0.0002739800163025806 -0.0018914962416656798 65104.415147417501 -0.00052989247948681528 22.205458052035365 0.16460608268787655 15.459326548258513 -0.00066069592046663617 65053.372288395018 -0.0012135678424041998 0.00068789959993832434 65021.380000000012 1.6883788318544568 0.00088485599970855599
decision_type=2 2 2 2 2 2 2 2 2 2 2 2 2 2 2 2 2 2 2 2 2 2 2 2 2 2
left_child=1 15 3 6 -5 22 8 11 10 -10 -2 -8 13 -3 20 -1 -17 18 -14 -18 23 -15 -6 24 -4 -21
right_child=2 12 14 4 5 -7 7 -9 9 -11 -12 -13 17 21 -16 16 19 -19 -20 25 -22 -23 -24 -25 -26 -27
leaf_value=-0.033091473801644053 0.0013428794017445007 -0.051683080598160958 0.050736323376341742 -0.041165614490286995 0.05093712869420787 -0.035203083235212727 0.0012642479930464337 -0.034136312496548228 0.025882294395563773 -0.011093071204800763 0.034718817994739061 0.03147852543053456 -0.04962993048087376 0.043961577434986757 -0.0075047175213011621 0.021271987844891333 0.055357192734016486 -0.042640829058651394 -0.055319194943999922 0.050258253732658076 0.05468802498473474 0.050386265281683364 0.053513645421656098 0.052246897899701529 0.050280678337181695 0.050106939866438174
leaf_weight=0.12596765323542058 33.493462213416933 0.11599962745094672 0.087056951451812803 1.6045773813966655 0.60558585515536811 0.67720769566949457 1.7665809526806686 0.69000550312921394 1.3733428880805174 15.599110348615794 1.6093826858850651 3.5947262961417437 0.36138488800497703 0.060444514383561909 0.24420909240143374 0.068508640746585026 0.17071938514709473 0.33221395261352882 0.32345246151089668 0.045549400150775909 0.14765218272805214 0.1068434279586653 0.18590190540999174 0.11500636301934719 0.24765394779387861 0.084787042724201456
leaf_count=21 1718 20 13 39 109 15 84 29 81 682 85 182 39 9 27 12 2 29 4 11 2 33 5 3 71 58
internal_value=8.49749e-06 -0.0193065 0.000567595 9.95833e-05 -0.0159758 0.0115445 0.000949524 0.0151762 -0.000703659 -0.00810117 0.00287309 0.0215228 -0.0368743 0.00722043 0.0346016 0.0267935 0.0472056 -0.0491563 -0.052317 0.0531071 0.051815 0.0480649 0.0515423 0.0508717 0.0503992 0.0501598
internal_weight=63.8373 1.79587 62.0415 61.1999 3.07327 1.4687 58.1266 6.05131 52.0753 16.9725 35.1028 5.36131 1.30034 0.283288 0.841579 0.495532 0.369564 1.01705 0.684837 0.301056 0.597369 0.167288 0.791488 0.449717 0.334711 0.130336
internal_count=3383 238 3145 3029 168 129 2861 295 2566 763 1803 266 134 62 116 104 83 72 43 71 89 42 114 87 84 69
is_linear=0
shrinkage=0.05


Tree=259
num_leaves=29
num_cat=0
split_feature=60 58 43 8 62 74 73 25 73 58 21 60 21 60 21 22 22 73 57 25 46 28 12 58 24 24 21 22
split_gain=0.259255 0.548258 0.370355 0.315883 0.423091 0.747512 0.451423 0.416518 0.573726 1.01496 0.481376 0.546085 0.536836 0.264416 0.274777 0.227607 0.178083 0.124598 0.0447244 0.023322 0.00921245 0.00198839 0.000681729 0.000137235 5.56358e-06 2.50237e-06 1.52605e-06 2.33497e-07
threshold=0.00029435289247814656 0.00030746559976529216 92.085489429049105 1645938.6688573502 0.00013287996734423873 32.974839758398154 1.8838469831803766 82.477978129818339 1.6406975328390827 0.00079235147369888812 -0.0015361486470858441 0.00033761373147595534 -0.0019385950465677369 0.0002739800163025806 0.0009561723030520054 -0.00052989247948681528 -0.00111320860615266 1.3135275652871539 0.001132437249463781 22.205458052035365 0.16460608268787655 0.72927333057450439 -0.00066069592046663617 0.00030360771409300192 83.20150149414026 46.430447654651722 0.0020561031076088425 0.00088485599970855599
decision_type=2 2 2 2 2 2 2 2 2 2 2 2 2 2 2 2 2 2 2 2 2 2 2 2 2 2 2 2
left_child=1 15 3 7 5 6 -5 10 -9 -10 12 -12 -2 14 -3 -1 -4 -6 -7 -17 21 -15 -21 -18 26 -16 -25 -24
right_child=2 13 16 4 17 18 -8 8 9 -11 11 -13 -14 20 25 19 23 -19 -20 22 -22 -23 27 24 -26 -27 -28 -29
leaf_value=-0.032119950277726343 -0.0046782395778717919 -0.051548336759984784 0.0014255160599457911 -0.015509612529213151 -0.040096485793488623 0.051393504277197202 0.0346198136104853 -0.050915495089714297 0.051315009421684543 -0.051761439597303727 0.025782920742203043 0.0010257335434013192 -0.035154055402393053 -0.049206818321990808 0.050705628497018589 0.020375257776438907 0.052357216355022121 -0.00092053961620962006 0.031292704100046163 0.055070005963431735 -0.041758773518887217 -0.054724661602972104 0.05024561726802669 0.050447857541362828 0.0506692407620448 0.050287339396848429 0.050200891338975685 0.05010172004364162
leaf_weight=0.12335666979197413 10.401821597130036 0.11466865526745074 0.27607106021605432 1.3954551858478224 0.38753791130147863 1.1793900242773814 0.662213237810647 0.96786713693290838 0.51621672426699661 0.44442980224266648 2.3580001469235858 40.215387945681869 1.6781335212290276 0.31311190576525405 0.055607106303796172 0.067961961962281658 0.11629468202590842 0.42613715177867562 0.36156902718357731 0.16321873664855957 0.32251896342495456 0.34116566553711891 0.043338552583009005 0.095361421117559075 0.14369669635198079 0.10015302992542274 0.1817984968656674 0.080660121369874105
leaf_count=21 768 22 8 62 14 66 43 21 90 7 186 1566 159 38 5 12 3 27 20 2 29 5 11 16 19 35 70 58
internal_value=9.53742e-06 -0.019105 0.000543245 9.63355e-05 0.0129817 0.0203439 0.00062339 -0.000908473 -0.0237458 0.00362812 -0.000102629 0.00239695 -0.0089119 -0.0365615 0.00719245 0.0263925 0.0340628 -0.0195793 0.0466771 0.0467144 -0.0486748 -0.052084 0.0529468 0.0508369 0.0504168 0.0504367 0.0502859 0.050152
internal_weight=63.5331 1.72576 61.8074 60.9942 4.4123 3.59863 2.05767 56.5819 1.92851 0.960647 54.6533 42.5734 12.08 1.24723 0.270429 0.478536 0.813222 0.813675 1.54096 0.355179 0.976797 0.654278 0.287217 0.537151 0.420857 0.15576 0.27716 0.123999
internal_count=3383 238 3145 3029 232 191 105 2797 118 97 2679 1752 927 134 62 104 116 41 86 83 72 43 71 108 105 40 86 69
is_linear=0
shrinkage=0.05


Tree=260
num_leaves=17
num_cat=0
split_feature=14 23 51 26 51 51 44 47 49 22 60 42 67 22 24 6
split_gain=0.258286 0.383976 0.565477 0.370643 0.305543 0.344216 0.64388 0.609933 0.738773 0.587185 0.541288 0.264736 0.232407 0.0931901 0.004488 0.00622171
threshold=0.010363086523796696 0.009808787735547388 -0.82460721834184725 0.34076642500149984 -0.90573258965560677 -0.59538134617713934 5260.6504500000001 0.56714448201163681 0.42900215298489158 0.0016837022465089337 0.00054807012175532588 46.060931201617173 0.88386199469019699 -0.00081959875322096243 26.967026909981929 1097.5000000000002
decision_type=2 2 2 2 2 2 2 2 2 2 2 2 2 2 2 2
left_child=1 4 -3 11 13 6 -6 10 -9 -8 -7 12 -4 -1 -5 -16
right_child=-2 2 3 14 5 7 9 8 -10 -11 -12 -13 -14 -15 15 -17
leaf_value=0.010171261687385046 -0.040686530899554298 -0.044149247047612403 -0.0064899568861181214 0.059512818521251058 0.038870579946029687 0.0030212755427758958 -0.021677491344927594 -0.034512764851527586 -0.00033562352640923132 0.013152495283272512 0.030698379536683886 -0.025998494186270638 0.052250943294263746 0.049227350526692054 0.033195399861355127 0.050772682884338109
leaf_weight=0.25186106120236218 0.38748610625043411 0.29941131517989594 0.29686266521457516 0.1342944800853727 0.61031990265473535 4.493910242279525 5.9146769584622234 1.6419104295200657 42.744901824538829 1.5213022899115456 2.9107819161727093 0.36247464036568999 0.38908117963001132 0.38805673504248162 0.05362623295513913 0.8224902520669275
leaf_count=22 13 15 26 1 33 352 289 87 2056 105 146 12 20 29 16 161
internal_value=9.96433e-06 0.000260925 0.0200544 0.0293914 -0.000510893 -0.000878414 -0.0104996 0.000616328 -0.00159987 -0.0145517 0.0139011 0.00856475 0.0268291 0.0338555 0.0510014 0.0496968
internal_weight=63.2234 62.836 2.35824 2.05883 60.4777 59.8378 8.0463 51.7915 44.3868 7.43598 7.40469 1.04842 0.685944 0.639918 1.01041 0.876116
internal_count=3383 3370 251 236 3119 3068 427 2641 2143 394 498 58 46 51 178 177
is_linear=0
shrinkage=0.05


Tree=261
num_leaves=31
num_cat=0
split_feature=21 14 56 76 48 67 79 37 8 70 35 42 76 21 42 66 66 70 35 31 27 31 65 14 11 32 70 60 60 49
split_gain=0.244496 0.469923 0.881271 0.871305 0.808779 0.851133 0.757108 0.776884 0.756302 0.686438 0.55457 0.805327 0.801429 0.864053 0.699308 0.681676 0.621724 0.52051 0.418011 0.632073 0.628102 0.62533 0.569565 0.903689 0.51534 0.839526 0.61073 0.62595 0.542952 0.466273
threshold=-0.00021426771200661052 0.0045154915194057796 0.0019677836568264893 9.5000000000000018 0.3976710385882265 0.73508883382748247 1.0000000180025095e-35 65128.032599337843 1086435.8049952502 0.80535219026648597 0.32603899052318969 22.112275613672875 34.500000000000007 0.0026657924150231831 25.081016598816007 0.77535546732442862 0.54950932232777949 0.79380285515798021 0.72453656890209228 -17.931116295533762 0.24408256505050974 -38.043032538030594 0.0057745994550301551 -0.0011942608836074673 -7.3651403986074712e-05 63659.181881161428 0.74307325059101625 0.00065399544272035765 0.00045494093181693587 1.5498379186154225
decision_type=2 2 2 2 2 2 2 2 2 2 2 2 2 2 2 2 2 2 2 2 2 2 2 2 2 2 2 2 2 2
left_child=18 2 10 -3 -4 -6 8 -8 17 -10 12 15 13 -2 -13 -12 -14 -5 19 20 -1 -20 -23 -24 26 -26 27 -21 -28 -27
right_child=1 3 4 6 5 -7 7 -9 9 -11 11 14 16 -15 -16 -17 -18 -19 21 24 -22 22 23 -25 25 29 28 -29 -30 -31
leaf_value=-0.042153414798372535 0.018377108177513177 0.041588826294133421 -0.034230524284787005 -0.0012833130598616481 -0.057396640676368606 0.041692173134512595 0.050037876137292638 -0.022763925603066448 -0.024898661857290994 0.038636525769868445 0.0071872911672357367 0.035520314887354042 -0.040839580377201173 -0.022782462966847342 -0.00073134923443384165 -0.034600853939087566 0.045158903433141759 -0.050262206136698954 0.050110723600029411 -0.027868807468553761 0.033416219297759307 0.011999566284462325 -0.051007273567749679 0.054156109022479464 0.030139058134991348 -0.027462914059935464 0.027772563785914462 0.052127431009039465 0.00041271618044187974 0.0025519689167388896
leaf_weight=1.9841735076624964 3.2717038251867114 0.76087623919010994 0.47475465902243641 0.69904655509162728 0.23180042183958027 3.3299074806418503 0.79205492419714552 0.68195807206211612 1.011035226518288 0.7335763273295014 1.4361387569224486 1.491427450091577 0.23236466443631831 2.0893794735020492 12.314377971284555 3.0453561602625996 2.1995821859454736 2.4212787073338404 0.7776004672050475 2.1209323393995931 0.31919765984639514 3.4379517154302439 0.93566408066544648 0.26133977714926016 0.96111114858649216 5.0588470862130634 2.8176106258179061 0.27640277298632998 5.0873901721206494 1.7386079682037232
leaf_count=236 242 57 30 28 5 346 61 19 33 54 48 57 18 108 446 83 195 58 16 250 18 111 104 10 48 213 140 8 299 42
internal_value=1.088e-05 0.00260329 0.00533123 -0.00896837 0.0270721 0.0352433 -0.0150368 0.0163558 -0.0245484 0.00181669 0.00196639 -0.0027932 0.0131354 0.00233595 0.00318488 -0.0212094 0.036942 -0.0392895 -0.00373205 -0.00701463 -0.0316811 0.00861839 0.00165728 -0.0280471 -0.00386883 -0.0136013 0.0034606 -0.0186456 0.0101647 -0.0197859
internal_weight=62.9934 37.2166 30.1168 7.09983 4.03646 3.56171 6.33895 1.47401 4.86494 1.74461 26.0803 18.2873 7.79303 5.36108 13.8058 4.48149 2.43195 3.12033 25.7768 20.3643 2.30337 5.41256 4.63496 1.197 18.0609 7.75857 10.3023 2.39734 7.905 6.79746
internal_count=3383 1888 1578 310 381 351 253 80 173 87 1197 634 563 350 503 131 213 86 1495 1254 254 241 225 114 1000 303 697 258 439 255
is_linear=0
shrinkage=0.05


Tree=262
num_leaves=29
num_cat=0
split_feature=60 58 21 76 21 30 56 24 60 12 25 46 50 43 15 44 21 60 21 62 21 46 28 10 43 30 25 11
split_gain=0.254811 0.506951 0.335809 1.38666 0.808294 0.691735 1.16815 0.828987 0.469824 0.46238 0.359808 0.865503 0.981862 0.733201 0.794579 0.710185 0.617249 0.239611 0.259506 0.150669 0.218368 0.009255 0.00182034 0.000586602 0.000246623 8.82404e-06 1.9191e-06 6.54503e-08
threshold=0.00029435289247814656 0.00030746559976529216 0.003013074603329891 36.500000000000007 0.0029858655547759798 64.456324858487022 0.0010976510990756063 44.389980155182393 0.00035950122285870661 0.0066071568952960078 34.110424620246157 -0.22124826387074928 0.72960240584031044 36.336448139153177 -0.003979851529120281 5827.6026149999907 -0.00047586584289599493 0.0002739800163025806 0.0009561723030520054 3.3024306868277785e-05 0.0010324947792611507 0.16460608268787655 0.72927333057450439 -0.0013181286877464447 56.369939859592769 -2.7020934714450995 51.319919565318948 6.1912386066897987e-05
decision_type=2 2 2 2 2 2 2 2 2 2 2 2 2 2 2 2 2 2 2 2 2 2 2 2 2 2 2 2
left_child=1 19 4 5 10 6 7 -4 -5 -8 11 12 -2 16 -15 -13 -12 18 -3 20 -1 22 -19 -10 -25 -22 -20 -27
right_child=2 17 3 8 -6 -7 9 -9 23 -11 13 15 -14 14 -16 -17 -18 21 26 -21 25 -23 -24 24 -26 27 -28 -29
leaf_value=-0.050449895745310162 -0.040618913547974589 -0.051522218710519291 0.039257022034400069 -0.043926048259915938 -0.058058875294581237 -0.031594968433332864 0.052382355726052016 -0.032677117267879661 0.054457297278352884 -0.029529263984492217 0.0047570394423710367 0.00062342476086347013 0.014738568733926011 -0.024981326838301697 0.0013237265168954172 -0.032853161549019926 0.032680186197992171 -0.048994852558541392 0.050633484228948415 0.053114011382272099 0.051126829295185576 -0.04120696434267989 -0.054392835764578699 0.051793525549049549 0.050619940915548035 0.050194377289874303 0.050260611878411521 0.050089881419924348
leaf_weight=0.11799516039900382 0.94840359594672907 0.10981861990876474 0.52974153030663718 0.13840591907501254 0.61014840379357238 1.5178062563063575 1.3387109932009478 1.6418235592427661 0.14668900519609485 0.19773212959989894 5.266663262154907 2.5827004787861352 5.1540976651012897 3.1955154001479924 28.24863166522119 4.0981226919684559 3.1705538171518111 0.30264391569653526 0.056780979153700173 0.23699218078400008 0.033636443200521171 0.30931593800778501 0.32272807881236076 0.84120243124198102 0.95686036424012855 0.023633124947082251 0.087970341992331669 0.040949265006929636
leaf_count=26 80 22 14 15 9 39 162 78 2 9 208 121 237 113 1331 363 153 38 6 32 3 29 5 47 164 9 34 34
internal_value=1.1511e-05 -0.0194207 0.00053833 0.0105884 -0.000840482 -0.00316182 0.00847678 -0.0151292 0.0450824 0.0418408 -0.000177576 -0.00747734 0.00613534 0.00216224 -0.00134953 -0.0199116 0.0152501 -0.0365688 0.00643581 0.0255775 -0.00460528 -0.0482814 -0.0517805 0.051417 0.051169 0.0504701 0.0504069 0.0501281
internal_weight=62.2263 1.64246 60.5838 7.30897 53.2748 5.22581 3.70801 2.17157 2.08316 1.53644 52.6647 12.7833 6.1025 39.8814 31.4441 6.68082 8.43722 1.18926 0.25457 0.453206 0.216214 0.934688 0.625372 1.94475 1.79806 0.0982188 0.144751 0.0645824
internal_count=3383 238 3145 530 2615 302 263 92 228 171 2606 801 317 1805 1444 484 361 134 62 104 72 72 43 213 211 46 40 43
is_linear=0
shrinkage=0.05


Tree=263
num_leaves=31
num_cat=0
split_feature=22 29 14 76 66 38 41 51 45 70 39 39 61 0 44 21 69 9 71 25 51 39 24 44 43 9 11 46 72 5
split_gain=0.241946 0.901602 1.13081 0.902564 0.749257 0.951629 0.747492 0.567506 0.563382 0.493056 0.5058 0.976883 0.706406 0.695817 0.620716 0.447766 0.29915 0.357102 0.262453 0.294855 0.500036 0.25645 0.254094 0.253007 0.245459 0.223881 0.131926 0.0492628 0.0425663 0.0344078
threshold=-0.00067788921431788374 -61.356720734034745 -0.0028868292892301746 36.500000000000007 0.69112236994192788 66785.763378291434 23.405491599962037 -0.4773427260143302 6280.9662940552598 0.92114192953222351 63713.026551220697 63828.396155685987 0.0010259813391451235 63814.775000000009 5913.1066599999904 -0.00012719995235843659 0.80637655972874289 0.00014386915129149805 -9.9118383455776269e-05 38.085261504002652 -0.66055662748771893 65305.786558440574 27.917168034495145 6116.7052949999897 11.143002526869923 -0.00024631100644734166 8.4139252373605103e-05 -0.12253132096146589 0.00088234286577888309 321528.35481600004
decision_type=2 2 2 2 2 2 2 2 2 2 2 2 2 2 2 2 2 2 2 2 2 2 2 2 2 2 2 2 2 2
left_child=7 22 3 23 15 6 -6 8 18 10 12 -12 14 -13 -9 -4 17 -10 24 -20 -21 29 -2 -3 -1 -26 -23 -17 -11 -18
right_child=1 2 4 -5 5 -7 -8 9 16 28 11 13 -14 -15 -16 27 21 -19 19 20 -22 26 -24 -25 25 -27 -28 -29 -30 -31
leaf_value=0.056216478334503772 0.014653643127844208 -0.017679920562549644 -0.008720933703690599 0.026080195606494817 0.040427721603053551 -0.05315600442005082 0.0016084929707065447 -0.044885536402318502 -0.039630427122397449 -0.023851074756548536 0.04965839261407793 -0.047869938031258448 0.027689023392754281 0.0042089050744274865 0.02886164244692049 0.017317819639575731 -0.034094261661904039 0.030116210624967513 -0.052407193775231932 0.02442843615352645 -0.037759413091767266 -0.037393746263030991 0.052796353638785071 -0.05000901854920356 -0.025298022672292354 0.0306399932725555 0.0052428761524169806 0.052910666878913354 -0.051490489890428141 -0.054133968365077861
leaf_weight=0.31173637276515387 0.74269435228779812 0.90532079013064493 0.42985364154446859 0.6545843333005904 1.2980265055957776 0.76494459109380741 27.783111508979346 1.7017567122820834 0.35837609280133653 0.2043728360440572 1.1508456571027625 0.67232151073403557 0.63952594879083324 13.934340055886421 0.34280272014439095 0.10570094611466618 0.25208891968941349 0.3761374547611922 0.36849924852140503 0.76516949967481185 0.55967845604754973 0.35416840913239855 1.0595139840152112 1.8254206252750007 0.35288039920851588 0.36274466081522405 0.37198351719416678 1.210913483439074 0.43748861085623503 1.4250412771361878
leaf_count=5 17 30 28 21 211 15 1424 112 39 23 38 35 35 779 18 19 29 19 31 35 20 24 44 54 27 24 16 115 37 59
internal_value=1.19608e-05 0.00258987 0.000812914 -0.0266508 0.00375582 0.00189317 0.00334118 -0.00378949 -0.0174016 0.000389337 0.00188871 0.00530626 -0.0181747 0.0018118 -0.0325207 0.0355873 -0.0318396 -0.00391383 -0.000750249 -0.0128463 -0.00184265 -0.0403745 0.0370777 -0.039291 0.0191871 0.00305651 -0.0155524 0.0500532 -0.0426899 -0.0511218
internal_weight=61.722 36.7801 34.9779 3.38533 31.5926 29.8461 29.0811 24.942 5.8585 19.0835 18.4416 15.7575 2.68409 14.6067 2.04456 1.74647 3.1378 0.734514 2.72071 1.69335 1.32485 2.40328 1.80221 2.73074 1.02736 0.715625 0.726152 1.31661 0.641861 1.67713
internal_count=3383 1978 1917 105 1812 1650 1635 1405 328 1077 1017 852 165 814 130 162 186 58 142 86 55 128 61 84 56 51 40 134 60 88
is_linear=0
shrinkage=0.05


Tree=264
num_leaves=31
num_cat=0
split_feature=60 58 49 73 65 56 61 69 6 57 51 25 47 49 27 46 71 20 23 47 75 76 68 0 66 36 60 22 22 0
split_gain=0.24896 0.46364 0.312529 0.685527 0.625709 0.588044 0.723099 0.700231 0.690696 0.528211 0.479369 0.795369 0.732641 0.712264 0.547884 0.653201 0.461091 0.469662 0.4462 0.42332 0.455279 0.389165 0.786119 0.326492 0.315927 0.29314 0.224854 0.225803 0.200108 0.18147
threshold=0.00029435289247814656 0.00030746559976529216 1.7599169155764447 2.6261066002267781 0.0051860733838217819 0.00071175385898921589 0.0007059042075922196 0.95973615311530891 7818.0000000000009 0.0011807031088649166 1.0878815651641209 79.13315099049872 0.83661772145798474 0.85321875626823795 0.94994202445591369 -0.017496629961838896 1.759770635989533e-05 -0.0024689923093780815 -0.00034555244517819878 1.6143657091965677 6.5000000000000009 24.500000000000004 0.00074571422575264734 64894.995000000003 0.69591493285497863 1.1004692993010119 0.0002739800163025806 -0.0018914962416656798 -0.00052989247948681528 64518.995000000003
decision_type=2 2 2 2 2 2 2 2 2 2 2 2 2 2 2 2 2 2 2 2 2 2 2 2 2 2 2 2 2 2
left_child=1 28 10 5 -5 6 23 -8 9 -7 11 14 13 -12 18 -16 17 -6 -2 24 -21 22 -13 -4 -14 -10 27 -3 -1 -23
right_child=2 26 3 4 16 8 7 -9 25 -11 12 21 19 -15 15 -17 -18 -19 -20 20 -22 29 -24 -25 -26 -27 -28 -29 -30 -31
leaf_value=-0.031836626470626038 -0.0045384778627429456 -0.051426629117702821 -0.043107617859405423 -0.030668900485509451 -0.051769216972914402 0.044452528083901453 0.034421474994779433 -0.037168149217214633 0.010379193175042576 -0.026089776622795931 -0.032458223427138062 0.051882853712918398 0.013785992755061892 0.038028129316329845 -0.006773615891606727 0.053013558256435549 0.048767272338167009 0.024807252677255375 0.0061722616794974376 -0.044088373559918764 0.027833811563688783 -0.017536884630333947 -0.064332496331648586 -0.00087817199570892923 -0.038073870688469041 -0.048603638015515087 -0.047837956901848479 0.047805372097952416 0.045751428266737587 -0.051531423043140512
leaf_weight=0.11358713451772928 18.611654028150944 0.097450075787492096 1.6746974713751104 0.43343195518536992 0.24690402869600792 1.6200127821502976 1.1011977018788455 0.4951613878365605 0.39305120077915479 0.31735158449737344 0.53778130485443298 0.37388809071853701 0.32433388542995123 1.0744985185883704 0.77183947153389465 1.119432535168015 1.9382169414893722 1.0592847476946192 20.361676808446653 0.32962676568422455 0.66181603615405038 0.6014073590049519 0.23822838580235839 0.62983723575598549 3.1065512157219928 0.45393056212924421 0.89700097098830156 0.13924000828410477 0.30964449440943909 1.1305811640922909
leaf_count=21 924 20 83 36 22 133 50 25 26 9 39 53 23 83 58 100 117 58 958 16 40 51 3 47 144 16 72 42 83 31
internal_value=9.70238e-06 -0.0197282 0.000525259 0.00841746 0.0257555 -0.00112095 -0.0136494 0.0122157 0.0164315 0.0328973 -0.00113563 0.000707988 -0.0143362 0.0145172 0.00233273 0.0286141 0.0332935 0.0103323 0.00105736 -0.0248555 0.00392171 -0.027616 0.00665323 -0.0315662 -0.0331714 -0.021232 -0.0363995 0.00694956 0.0249283 -0.0397273
internal_weight=61.1633 1.55692 59.6064 10.3631 3.67784 6.68524 3.90089 1.59636 2.78435 1.93736 49.2433 43.2087 6.03461 1.61228 40.8646 1.89127 3.24441 1.30619 38.9733 4.42233 0.991443 2.3441 0.612116 2.30453 3.43089 0.846982 1.13369 0.23669 0.423232 1.73199
internal_count=3383 238 3145 622 233 389 205 75 184 142 2523 2178 345 122 2040 158 197 80 1882 223 56 138 56 130 167 42 134 62 104 82
is_linear=0
shrinkage=0.05


Tree=265
num_leaves=22
num_cat=0
split_feature=62 34 45 15 22 70 55 74 14 7 74 70 74 35 31 64 45 38 0 32 12
split_gain=0.252131 0.558125 0.991784 0.417045 0.74363 0.942452 1.12676 0.347409 0.719555 0.645655 0.553238 1.14326 0.898397 0.539114 0.283615 0.271925 0.101465 0.0613643 0.0318439 0.00662655 0.00030024
threshold=0.0002224096938931794 64844.933078573631 6128.3806702866414 -0.010367814933541218 -0.0060198657627308907 0.91229231970636093 64397.023844088595 47.419934808692325 0.0045154915194057796 16.801420000000004 25.994304896574093 0.83428252835374395 20.951393906740183 0.49323309308795166 4.742835893181522 0.0033130240234384659 5826.8303009273486 65404.992313257862 63355.930000000008 63487.738577071599 0.0010880995493622871
decision_type=2 2 2 2 2 2 2 2 2 2 2 2 2 2 2 2 2 2 2 2 2
left_child=3 2 18 15 5 14 -7 10 13 -10 12 -12 -6 -9 19 -1 -17 -3 -2 -5 -8
right_child=1 17 -4 4 7 6 20 8 9 -11 11 -13 -14 -15 -16 16 -18 -19 -20 -21 -22
leaf_value=-0.0058055941620113703 0.024573982334579764 0.055971919238817586 -0.053289517271714805 -0.062400500170878274 -0.0021312485544013535 0.044430047248038257 -0.050467481310798604 0.0030475865180371636 -0.029956073537864371 0.026855433590458323 0.0014272715625693532 -0.024812036251237939 0.020246702325635343 0.030163322156460344 -0.0081619236234162559 0.052938412876616783 0.023750733411623412 0.030645743397779885 0.051072191690133467 -0.05170371241717419 -0.053050641938362952
leaf_weight=0.54762205854058166 0.1675522412406274 0.54137242399156082 0.56453860970214009 0.15923303365707386 20.091832747304583 0.84686721418984212 0.30066891934257001 3.6853262797812913 1.8311096018878745 0.68802709621377278 10.824547263851857 6.7336378677282474 5.7739618648483875 3.6471279102843255 0.44952522683888663 0.53441834147088207 0.67237235303036869 0.42847213102504611 0.35067139426246285 1.5955798279028384 0.17972929216921329
leaf_count=26 26 7 31 1 1223 14 50 215 61 50 570 284 368 153 19 16 34 37 29 165 4
internal_value=9.80552e-06 0.0172344 -0.00744116 -0.000593924 -0.00133544 -0.0235545 0.00973249 0.000137447 0.00861437 -0.0144397 -0.00178571 -0.00863561 0.00286413 0.0165348 -0.043597 0.023416 0.0366763 0.044783 0.0425048 -0.0526743 -0.0514339
internal_weight=60.6142 2.05261 1.08276 58.5616 56.8072 3.5316 1.32727 53.2756 9.85159 2.51914 43.424 17.5582 25.8658 7.33245 2.20434 1.75441 1.20679 0.969845 0.518224 1.75481 0.480398
internal_count=3383 130 86 3253 3177 253 68 2924 479 111 2445 854 1591 368 185 76 50 44 55 166 54
is_linear=0
shrinkage=0.05


Tree=266
num_leaves=27
num_cat=0
split_feature=60 58 43 25 73 58 9 52 63 57 67 5 32 60 21 22 15 9 31 32 12 58 0 73 25 22
split_gain=0.233563 0.436506 0.316223 0.269914 0.682308 0.924758 0.458806 0.647632 0.596366 0.497591 0.638894 0.597178 0.236884 0.210335 0.229177 0.186753 0.0245498 0.011313 0.000504272 0.00048378 0.000354328 0.000252441 6.5742e-05 3.64639e-06 1.51902e-06 3.3958e-07
threshold=0.00029435289247814656 0.00030746559976529216 92.085489429049105 82.477978129818339 1.6188238747536363 0.00079235147369888812 0.00079694103731586818 0.51129106907745292 0.0021507794981516456 0.00071751288662218345 0.83942268230246275 1086161.6681209502 65104.415147417501 0.0002739800163025806 0.0009561723030520054 -0.00052989247948681528 0.00032665394037079137 3.1294640860046748e-05 15.459326548258513 65053.372288395018 -0.00086713089828327472 0.00068789959993832434 65021.380000000012 1.5999328092963832 51.319919565318948 0.00088485599970855599
decision_type=2 2 2 2 2 2 2 2 2 2 2 2 2 2 2 2 2 2 2 2 2 2 2 2 2 2
left_child=1 15 3 6 -5 21 9 -8 -9 11 -11 -2 19 14 -3 -1 -17 18 -15 22 -18 -6 23 -4 -16 -22
right_child=2 13 12 4 5 -7 7 8 -10 10 -12 -13 -14 17 24 16 20 -19 -20 -21 25 -23 -24 -25 -26 -27
leaf_value=-0.030786629204306238 -0.0016300613520480315 -0.051308525893613816 0.050646363653848697 -0.038581114935311397 0.050801452907929825 -0.0333710601317668 -0.033069758289491186 0.037116348707799361 0.0026490526831162717 0.019562487859668971 -0.01156853991298429 0.012885553550489657 -0.0095397558175817857 -0.050033416937149147 0.050577490831719585 0.016790707363904183 0.054055725582964259 -0.039620755254025322 -0.053049667603162924 0.054216208841358554 0.050271357581026369 0.053058533789099097 0.051844205153661407 0.050234777321369196 0.050227778379937527 0.050083468288172429
leaf_weight=0.11125964287202805 23.353063632479461 0.096921415359247254 0.071841204568044215 1.462128423911053 0.5185287231870459 0.61117480776738375 0.63917992415372182 2.5823226296924986 2.4415580802015029 1.8654715575685283 14.143369067518504 10.17174616147531 0.22827352507738397 0.26851145020918921 0.051711498992517591 0.060887632687807947 0.13533161208033562 0.30645018158247694 0.28634254692588001 0.13330073654651642 0.038742846227250993 0.16276771062985063 0.097003120929002762 0.21442944815498777 0.07772057643160224 0.063402174841030501
leaf_count=21 1331 22 12 39 109 15 29 161 105 99 664 472 27 39 6 17 2 26 7 2 10 5 3 72 34 54
internal_value=8.79586e-06 -0.0194919 0.00050624 9.01722e-05 -0.0151847 0.0112828 0.000852469 0.0143344 0.0203656 -0.000688889 -0.00794092 0.00277411 0.0328775 -0.0360595 0.00683124 0.0244994 0.0451155 -0.0473314 -0.05159 0.0516216 0.0523778 0.0513407 0.0507193 0.0503381 0.0503675 0.0501547
internal_weight=60.1934 1.49728 58.6962 57.9513 2.7546 1.29247 55.1967 5.66306 5.02388 49.5337 16.0088 33.5248 0.744848 1.08766 0.226353 0.409624 0.298364 0.861304 0.554854 0.516575 0.237477 0.681296 0.383274 0.286271 0.129432 0.102145
internal_count=3383 238 3145 3029 168 129 2861 295 266 2566 763 1803 116 134 62 104 83 72 46 89 66 114 87 84 40 64
is_linear=0
shrinkage=0.05


Tree=267
num_leaves=20
num_cat=0
split_feature=62 41 41 69 22 55 70 15 67 31 61 68 21 41 58 28 79 30 25
split_gain=0.23715 0.634688 0.639679 0.383825 0.456601 0.694541 0.963385 0.900882 0.389155 0.383758 0.640702 0.650703 0.600832 0.456004 0.649918 0.214763 0.0851852 0.0082632 0.0020779
threshold=0.0002224096938931794 60.491560388612697 80.082306664335206 0.98908189333904162 -0.0060198657627308907 64397.023844088595 0.91229231970636093 -0.010367814933541218 0.80475096734596774 -15.793533260397888 0.00072776548725349234 0.00047349698246679234 -0.0012472085672158293 86.676941992146368 0.00098444849912422173 0.2520831545106485 -0.12940952255126037 12.957332859093157 60.98000186881908
decision_type=2 2 2 2 2 2 2 2 2 2 2 2 2 2 2 2 2 2 2
left_child=3 17 16 4 5 6 7 -1 -7 10 11 -6 -12 14 -11 -5 -3 -2 -10
right_child=1 2 -4 15 9 8 -8 -9 18 13 12 -13 -14 -15 -16 -17 -18 -19 -20
leaf_value=0.019616311382820648 0.042657501331827365 -0.016067090150643708 0.036587645031921377 -0.00012222549317759607 -0.030140265265394112 0.028729886960281878 0.043386878000867053 -0.053143515201705786 -0.051278633617347059 0.0021675711657312747 -0.012123776850359098 0.022880897246127727 0.039209268012074992 0.050119469597919776 -0.039115348155169538 0.050563456208668506 -0.053331509482279854 0.053364363433087363 -0.056604057712085515
leaf_weight=0.74001144687645148 0.26200776221230526 0.24468886444810767 0.47905345866456628 0.33112403331324358 3.7779472747934042 0.16672447905875731 0.82489036384504277 1.0007482598302877 1.1731738325324839 44.699637268378865 1.2991482248762625 0.68332449934678141 1.0156894598621873 0.48312813485972483 0.9741378603503098 0.56661520630586892 0.41089113627094764 0.57716944045387208 0.217060837894678
leaf_count=35 33 29 18 12 267 23 14 93 123 2447 66 42 24 36 35 33 24 26 3
internal_value=9.62412e-06 0.017053 -0.00733051 -0.00057085 -0.00108126 -0.0171088 -0.00112157 -0.0222127 -0.0434535 0.000167015 -0.0109442 -0.0220191 0.0103998 0.00179821 0.00128708 0.0318684 -0.0394229 0.0500215 -0.0521101
internal_weight=59.9272 1.97381 1.13463 57.9534 57.0556 4.12261 2.56565 1.74076 1.55696 52.933 6.77611 4.46127 2.31484 46.1569 45.6738 0.897739 0.65558 0.839177 1.39023
internal_count=3383 130 71 3253 3208 291 142 128 149 2917 399 309 90 2518 2482 45 53 59 126
is_linear=0
shrinkage=0.05


Tree=268
num_leaves=31
num_cat=0
split_feature=21 76 42 38 63 58 42 23 60 13 69 68 14 58 15 42 56 31 59 21 63 31 70 76 5 47 32 23 68 44
split_gain=0.23304 0.887631 0.946 0.939119 0.922748 0.804312 0.711266 0.673697 0.744422 0.632261 0.608155 0.502424 0.432247 0.924238 1.37272 1.16253 0.823778 0.863044 0.77256 1.23878 0.748559 0.691545 0.548268 0.476514 0.520021 0.87988 0.830015 0.398968 0.355238 0.297534
threshold=0.0017835708989943912 36.500000000000007 24.202724566023043 65379.25407312758 0.0017441628720419407 0.00076503045177004909 10.753807173848855 -0.0020471033206942986 0.00052744442382609473 0.004287897852996104 0.49440458560999623 0.00068531779209701782 -3.072449730884274e-05 0.00068789959993832434 -0.0028801762278515826 21.954532334182641 0.0041522162402710507 -4.2925470107451487 0.00072896618202947044 0.00098919180514622806 0.0011984800890728236 19.088847153634713 0.84813082059522082 56.500000000000007 1086161.6681209502 1.1469070554689613 63659.181881161428 0.0027581980154499646 -0.00018080446309748363 5194.3430800000015
decision_type=2 2 2 2 2 2 2 2 2 2 2 2 2 2 2 2 2 2 2 2 2 2 2 2 2 2 2 2 2 2
left_child=12 2 5 7 9 6 -2 -4 -9 10 -3 -12 21 15 28 20 17 -16 19 -17 -14 23 -18 24 26 -26 -1 -25 -15 -6
right_child=1 4 3 -5 29 -7 -8 8 -10 -11 11 -13 13 14 16 18 22 -19 -20 -21 -22 -23 -24 27 25 -27 -28 -29 -30 -31
leaf_value=0.02543396665996598 -0.057502862166851 -0.035919003246821832 -0.038926532651525209 0.052410202772788066 -0.015675697128375361 -0.052228464080551366 0.051793593092705092 0.018466283641214529 -0.019278264676156169 -0.047948545533946507 0.048255422514546897 -0.023566817178184478 0.017858850870588482 -0.0068378795501452365 -0.0037689090396336548 -0.0083027980657646924 0.010128153669070019 0.034442796500175385 -0.059442467200335886 0.053423308584254037 -0.04529469867674147 0.04764425026745267 -0.052453529047288998 0.00046216128474568834 0.024321042721693657 -0.0073994492569144522 -0.012597667664499868 0.052851535918460958 -0.049607134670772421 0.051342763150145868
leaf_weight=1.6630569995031788 0.16488545038737257 0.44013615135918316 2.0865572325419617 0.56001122522866342 0.17966314882505718 0.26678936480311666 1.5309553164988754 2.0405196876890841 3.6306032903958112 0.50734698615269724 1.0527024494658688 0.31676631746813644 0.53711644417490045 0.80978663940914009 2.2653822089196183 5.7967126347939484 0.70091735688038148 4.2497071017278341 0.58723453007405613 0.94538990341243323 3.7115038860938512 0.83406052301870559 0.69898972648661584 0.67069641221314558 4.4187401342205685 4.3269019259896595 10.444131871918215 0.79317545681260526 1.2124024290824307 2.1173401142877992
leaf_count=86 4 36 52 66 18 8 205 229 113 13 129 6 38 16 107 242 38 138 15 96 139 54 14 39 197 253 741 14 34 243
internal_value=7.92093e-06 0.005424 -0.0027533 -0.010121 0.0236438 0.0284711 0.0411668 -0.014635 -0.00569745 0.0013801 0.01521 0.0316425 -0.00179812 -0.00690033 0.00428565 -0.0165011 0.0136789 0.0211561 -0.00443829 0.000352549 -0.0373107 0.00294361 -0.0211196 0.00127298 -0.00066283 0.00862735 -0.0073736 0.0288485 -0.0324802 0.0461008
internal_weight=59.5602 14.8943 10.2803 8.31769 4.61396 1.96263 1.69584 7.75768 5.67112 2.31695 1.8096 1.36947 44.6659 21.5151 9.93719 11.578 7.915 6.51509 7.32934 6.7421 4.24862 23.1508 1.39991 22.3167 20.8528 8.74564 12.1072 1.46387 2.02219 2.297
internal_count=3383 1122 677 460 445 217 209 394 342 184 171 135 2261 877 347 530 297 245 353 338 177 1384 52 1330 1277 450 827 53 50 261
is_linear=0
shrinkage=0.05


Tree=269
num_leaves=24
num_cat=0
split_feature=60 58 43 61 35 35 21 32 60 21 22 10 21 24 26 28 0 32 12 0 73 36 22
split_gain=0.230867 0.405991 0.292441 0.255391 0.270505 0.464151 0.300208 0.22943 0.18403 0.216396 0.174989 0.0723248 0.0304591 0.0300164 0.0149888 0.000831613 0.000479063 0.000420836 0.000295944 5.48611e-05 3.00277e-06 1.2155e-06 2.71253e-07
threshold=0.00029435289247814656 0.00030746559976529216 92.085489429049105 0.00013785301131311089 0.11997479811659047 0.14411997720432432 -0.0015361486470858441 65104.415147417501 0.0002739800163025806 0.0009561723030520054 -0.00052989247948681528 -1.0000000180025095e-35 -0.00029751453676046807 29.877546211256078 0.97708355968492722 0.85282514532598153 64941.165000000008 65053.372288395018 -0.00086713089828327472 65021.380000000012 1.5999328092963832 0.50502237345376066 0.00088485599970855599
decision_type=2 2 2 2 2 2 2 2 2 2 2 2 2 2 2 2 2 2 2 2 2 2 2
left_child=1 10 3 12 11 -6 -7 17 9 -3 -1 -5 -2 -12 15 16 -10 19 -15 20 -4 -11 -20
right_child=2 8 7 4 5 6 -8 -9 14 21 13 -13 -14 18 -16 -17 -18 -19 22 -21 -22 -23 -24
leaf_value=-0.030033485373811356 -0.051224132304650297 -0.051286999476355524 0.050607552727687383 0.015564628012015143 -0.047284214352549238 -0.0063053611695157068 0.0025116187687320869 -0.0099721912300119314 -0.050924341551361378 0.050546662309160821 0.0094127202006208908 0.053403004801581555 -0.025194800263445356 0.053738844278647203 -0.036011474277813219 -0.053136270794362166 -0.047021590009851587 0.054020219057694135 0.050241092235595489 0.051735184265105018 0.050222595736608366 0.050213819889023119 0.050077112684456637
leaf_weight=0.10942038509529084 0.21079403738258407 0.094059267430566029 0.067833373439497247 0.22715965827228501 0.51259169599506904 12.479955059650818 42.640224933325953 0.21974076094920747 0.19888134056236595 0.043250794755294919 0.050095666199921562 0.28439640661235799 0.24075837776763265 0.1261979453265667 0.22884309815708548 0.26726614404469728 0.13004585477756336 0.1279713436961174 0.042324681999161839 0.092014506459236145 0.20005235399003141 0.074983515485655516 0.062402294046478346
leaf_count=21 19 22 12 23 29 960 1951 27 21 5 10 20 27 2 17 7 27 2 12 3 72 35 59
internal_value=1.10686e-05 -0.0198489 0.000505898 0.000106502 0.00040772 7.49175e-05 0.000515335 0.0324502 -0.0362064 0.00531045 0.0236101 0.0366006 -0.0373458 0.0444972 -0.0468893 -0.0510646 -0.0493813 0.0515575 0.0521083 0.0506819 0.0503201 0.0503356 0.0501434
internal_weight=58.7313 1.42777 57.3035 56.5959 56.1443 55.6328 55.1202 0.707612 1.03733 0.212294 0.390441 0.511556 0.451552 0.281021 0.825036 0.596193 0.328927 0.487872 0.230925 0.3599 0.267886 0.118234 0.104727
internal_count=3383 238 3145 3029 2983 2940 2911 116 134 62 104 43 46 83 72 55 48 89 73 87 84 40 71
is_linear=0
shrinkage=0.05


Tree=270
num_leaves=21
num_cat=0
split_feature=45 21 35 67 79 57 31 51 21 51 32 23 76 44 6 66 75 56 74 7
split_gain=0.227061 0.265745 0.680774 0.872259 0.65931 0.439732 0.767622 0.336771 0.316167 0.330811 0.434601 0.339561 0.22322 0.193813 0.151328 0.142176 0.039371 0.000517866 5.38863e-05 1.44473e-06
threshold=4740.2509986648056 -0.0034922542918503492 0.72453656890209228 0.93239725035933552 1.0000000180025095e-35 0.00099883767001925409 -38.043032538030594 -0.90573258965560677 -0.0031041730815166697 -0.78760955291011436 64726.127189886385 -0.0023267352691172523 43.500000000000007 7403.8142049999833 6025.5000000000009 0.62358239748214805 12.500000000000002 0.0011775858694921567 16.477894610255081 14.685390000000002
decision_type=2 2 2 2 2 2 2 2 2 2 2 2 2 2 2 2 2 2 2 2
left_child=14 2 3 13 5 12 -7 16 -9 10 -10 -11 -4 17 15 -1 -3 -2 -6 -20
right_child=1 7 4 -5 18 6 -8 8 9 11 -12 -13 -14 -15 -16 -17 -18 -19 19 -21
leaf_value=-0.050348526720570969 -0.050882025558382428 0.024898844003101859 0.0092521998754647294 0.02876209294020779 -0.051478745066897917 0.043845722819312309 -0.052002713203630993 0.026263661460311612 -0.00011220035164890608 -0.0049232217796461942 -0.044102375137345023 0.0038024775766692526 0.044727526150135893 0.010455379464057918 0.057497370523528137 0.037370791454322809 0.051917532463712827 -0.053077971826699023 -0.050277186254974605 -0.050510360548479731
leaf_weight=0.080871932790613665 1.3853609883517486 0.24304997798753802 0.82515379646793074 0.48183751036413003 0.17419359670020629 0.34097945876419544 0.53923340141773213 1.1562015266390506 1.3285262178978876 17.305659610457948 0.97242519981227804 31.342833962298759 0.95851488225162029 0.13715634355321515 0.28485378524055704 0.10772201552754268 0.30281465733423829 0.33301991596817959 0.18057083967141807 0.10509284026920795
leaf_count=17 259 26 28 32 10 10 35 33 80 771 52 1883 20 8 12 27 21 9 37 13
internal_value=1.03229e-05 -0.000270637 -0.0107692 -0.0311774 0.00450141 0.0140454 -0.0148727 0.000818298 0.000409007 -0.000177715 -0.0187033 0.000698497 0.0283161 -0.0467422 0.0344963 -0.000244577 0.0398873 -0.0513076 -0.0507856 -0.050363
internal_weight=58.5861 58.1126 5.46111 2.33737 3.12374 2.66388 0.880213 52.6515 52.1056 50.9494 2.30095 48.6485 1.78367 1.85554 0.473448 0.188594 0.545865 1.71838 0.459857 0.285664
internal_count=3383 3327 461 308 153 93 45 2866 2819 2786 132 2654 48 276 56 44 47 268 60 50
is_linear=0
shrinkage=0.05


Tree=271
num_leaves=22
num_cat=0
split_feature=19 64 46 51 0 46 12 74 73 74 48 81 59 21 69 69 79 0 21 62 19
split_gain=0.231928 0.264282 0.520822 0.281382 0.587801 0.605973 0.892523 0.484969 0.402901 0.652971 0.463368 0.579971 0.578978 0.340958 0.295689 0.272568 0.270762 0.0642521 0.000343337 1.12773e-05 1.3705e-06
threshold=0.010363086523796696 0.0056655613726146045 -0.038314936186373896 -0.65273611816280486 64564.180000000008 0.18769303104011739 0.00063201568015414111 21.470010728623894 6.7214291162145789 12.135193731440745 0.9090381356545002 0.81174490092936691 0.00065162589968984657 -0.00047586584289599493 0.85488313961902518 0.95889232687109238 -0.70710678118654757 65185.045000000006 -0.00033254893747691744 4.7041517906958949e-05 0.0061035022768985989
decision_type=2 2 2 2 2 2 2 2 2 2 2 2 2 2 2 2 2 2 2 2 2
left_child=1 3 -3 4 5 6 -1 17 10 15 11 -5 -12 -11 -9 -10 -7 -6 -4 -20 -21
right_child=-2 2 18 8 7 16 -8 14 9 13 12 -13 -14 -15 -16 -17 -18 -19 19 20 -22
leaf_value=-0.0099352045998692025 -0.039772414628286616 -0.008661943920921308 0.052835017137167345 0.0037455141184805293 -0.037183130618089442 -0.051726529560092008 0.044542461741930134 0.025053470986756379 -0.0027260492562317332 -0.042861105671958194 0.0054341604300303008 0.024974419673406266 -0.0092102092653297534 -0.011628193044202985 -0.027834532050752231 0.049556306841103015 0.0016123139643099572 -0.057876052842095599 0.050907256143295034 0.050208181459004853 0.050476852225383909
leaf_weight=1.8004579180851572 0.36411090940236945 0.71679889172082767 0.32417203020304441 13.213443265049138 0.79545709877857029 0.63413381099235266 1.2908810182707382 0.50192957904073388 0.47944419545819883 1.2146436593611722 14.188338413070598 4.2527985640335819 12.872907577431759 3.1140002473257482 0.55816523026442155 0.51930548250675201 0.38080149603774749 0.70992852031486109 0.19314783724257611 0.078493737441021949 0.1200758689083159
leaf_count=120 13 30 9 810 53 11 74 36 57 104 1042 223 440 169 40 14 44 24 21 33 16
internal_value=8.01308e-06 0.000257921 0.0214656 -0.000279595 -0.00992289 0.00180785 0.0128136 -0.028699 0.00101091 -0.011984 0.00256565 0.00891447 -0.0015321 -0.0203923 -0.00279333 0.0244585 -0.0317139 -0.0469418 0.0516314 0.0506352 0.0503706
internal_weight=58.3234 57.9593 1.43269 56.5266 6.67175 4.10627 3.09134 2.56548 49.8549 5.32739 44.5275 17.4662 27.0612 4.32864 1.06009 0.99875 1.01494 1.50539 0.715889 0.391717 0.19857
internal_count=3383 3370 109 3261 402 249 194 153 2859 344 2515 1033 1482 273 76 71 55 77 79 70 49
is_linear=0
shrinkage=0.05


Tree=272
num_leaves=19
num_cat=0
split_feature=66 66 18 38 55 42 67 21 35 46 67 72 9 44 6 57 70 44
split_gain=0.226188 0.274531 0.83358 0.596224 0.513893 0.642105 0.476333 0.463323 0.773947 0.609931 0.404843 0.213884 0.196637 0.163858 0.108332 0.0465949 0.0132139 0.00866359
threshold=0.42832500662411516 0.67657080579946682 -0.0021667298419841825 66785.763378291434 66198.665755888112 27.170550236171874 0.81765079816060038 -0.0015361486470858441 0.71941389954517632 0.017182536083267651 0.79784869781448009 0.0012754858070043984 -0.00074142971707658034 8099.3514499999901 5049.0000000000009 0.00037905976993120712 0.71132730349848783 7807.8864249999997
decision_type=2 2 2 2 2 2 2 2 2 2 2 2 2 2 2 2 2 2
left_child=12 2 -2 4 7 6 -6 8 -3 -9 13 14 -1 15 -12 -4 -14 -7
right_child=1 3 10 -5 5 17 -8 9 -10 -11 11 -13 16 -15 -16 -17 -18 -19
leaf_value=0.018041390377349975 -0.039915255067988584 -0.020867653056458935 -0.015386496517360324 -0.043867749712854232 -0.047731204147598655 0.057159367522120155 0.022544158612493453 0.0079347983961995366 0.0063781868968523286 -0.0043215364752732599 0.032612238570229428 0.0031907004438347323 -0.035326204493847962 -0.05169733418439202 0.05802764736089281 0.050300238756335575 -0.052348472300813888 0.047934921120730611
leaf_weight=0.16214557341299951 0.56341489311307702 6.5329791529802588 0.045598525779495858 0.78042976767755945 0.37871253257617288 0.53831300407182403 0.66371069976594299 19.715297894683317 4.3366493621142581 20.923780027907924 1.027383275992179 0.41922261822037388 0.18755324184894462 0.20579125755466521 0.70836901338770975 0.066181365808006376 0.29074159928131849 0.48286134970840067
leaf_count=11 39 742 20 21 23 14 29 832 197 1223 79 21 28 9 15 27 17 36
internal_value=7.57737e-06 0.000337345 0.0149697 -0.00047997 0.000152093 0.0246181 -0.00298689 -0.000828092 -0.0099974 0.0016244 0.0274763 0.035243 -0.0295423 -0.0252275 0.0429844 0.0235046 -0.0456735 0.0527976
internal_weight=58.0291 57.3887 3.03596 54.3527 53.5723 2.0636 1.04242 51.5087 10.8696 40.6391 2.47255 2.15497 0.64044 0.317571 1.73575 0.11178 0.478295 1.02117
internal_count=3383 3327 210 3117 3096 102 52 2994 939 2055 171 115 56 56 94 47 45 50
is_linear=0
shrinkage=0.05


Tree=273
num_leaves=17
num_cat=0
split_feature=66 45 21 35 67 31 65 62 58 38 69 41 45 46 61 70
split_gain=0.232131 0.248243 0.261982 0.632793 0.780108 0.498044 0.624816 0.298226 0.474269 1.35826 0.875574 0.442166 0.187533 0.0767079 0.0100684 0.00283099
threshold=0.34832396895466927 4740.2509986648056 -0.0034922542918503492 0.72453656890209228 0.93239725035933552 -38.043032538030594 0.0057745994550301551 0.0002224096938931794 0.00083053608153781122 64349.102234450496 0.92782847996500473 62.092973860269502 7420.127296333395 0.25184916219825765 0.00061967541144401686 0.8532582267839447
decision_type=2 2 2 2 2 2 2 2 2 2 2 2 2 2 2 2
left_child=14 13 3 4 12 -5 -7 8 10 -10 -4 15 -3 -2 -1 -9
right_child=1 2 7 5 -6 6 -8 11 9 -11 -12 -13 -14 -15 -16 -17
leaf_value=-0.033672237550686157 0.013789642026641187 -0.051243539995521947 -0.0018946470829228441 0.047308343481991443 0.02689595083943452 0.0084165453209494017 -0.050969859958236136 0.054327489847780845 0.0081548446400097011 -0.033962988816384661 0.014235951325251035 -0.0044423855107175335 0.0095268407356867563 0.057085154562113952 -0.051871928828175519 0.048001117138668614
leaf_weight=0.14145060477312554 0.17839400662341987 1.6015608294401311 31.166069738799706 0.54679074883461032 0.45835104398429383 1.9023181190714242 0.57733177277259518 0.38624558970332035 4.2072428487008429 3.5121805834351107 11.523042792890918 0.70400447375141084 0.13787972065620113 0.23985523165902123 0.16421507485210896 0.32616253616288304
leaf_count=32 34 265 1892 14 32 68 71 6 196 108 563 31 9 13 10 39
internal_value=7.36393e-06 0.00023851 -4.28685e-05 -0.0107147 -0.031135 0.00411447 -0.00541027 0.00103291 0.000397116 -0.0110079 0.00245947 0.0236601 -0.0464265 0.0386185 -0.0434498 0.0514311
internal_weight=57.7731 57.4674 57.0492 5.22423 2.19779 3.02644 2.47965 51.8249 50.4085 7.71942 42.6891 1.41641 1.73944 0.418249 0.305666 0.712408
internal_count=3383 3341 3294 459 306 153 139 2835 2759 304 2455 76 274 47 42 45
is_linear=0
shrinkage=0.05


Tree=274
num_leaves=31
num_cat=0
split_feature=21 4 67 69 42 22 28 29 69 55 57 35 63 62 20 14 76 22 76 46 63 21 56 9 42 29 47 69 42 12
split_gain=0.218695 0.62716 0.528927 0.568565 1.08601 0.984569 0.679314 0.57426 0.441178 1.06715 0.776211 1.05031 0.998218 0.740173 0.621122 0.698529 1.36914 0.731435 0.710645 0.664861 0.611717 0.369485 0.282908 0.280475 0.277943 0.00956434 0.0083172 0.00706268 0.00443934 0.000191421
threshold=0.00065107709692036064 3.6508600000000002 0.8249567824984062 0.23380554948883331 24.202724566023043 -0.0027402213866828391 0.49635774644309821 -1.4654389280512985 0.91998176234435658 64078.234371559694 0.001119586701606899 0.72453656890209228 0.0016732647490302628 8.8947172744100776e-05 0.0064693085185894015 -0.00047512853093056856 12.500000000000002 -0.0052432183358429021 4.5000000000000009 0.14579819460048735 0.0020239433161186125 0.00078654059059057879 0.0013514353965491273 -0.000951633903665705 50.901888208522671 -35.509631830198479 0.73622146382936982 0.88509582764903083 17.432960699224271 -0.00090773124118320714
decision_type=2 2 2 2 2 2 2 2 2 2 2 2 2 2 2 2 2 2 2 2 2 2 2 2 2 2 2 2 2 2
left_child=8 28 21 7 5 -5 -6 -4 14 13 11 12 -11 23 15 16 27 -18 -17 -20 -13 -3 24 -10 -15 -25 -12 -1 -2 -30
right_child=1 2 3 4 6 -7 -8 -9 9 10 26 20 -14 22 -16 18 17 -19 19 -21 -22 -23 -24 25 -26 -27 -28 -29 29 -31
leaf_value=-0.051400613925656147 0.03743093623173481 -0.026874114449870746 0.013566719615061959 -0.032518598501260036 -0.014887742207498118 0.03143810853663994 0.0059189514817657553 -0.039003483442086054 0.0084616494366654728 0.029783055819339706 -0.042259288004944627 -0.011416808422850477 -0.024709896874987373 -0.051737537009135574 0.04230895799775676 0.030617151885038624 -0.050657306718167441 0.010107725355750274 -0.036442978689214985 -0.0074044535688846296 0.036563838449455245 0.050420969492018332 0.032329626395569945 0.044352310079418845 0.013917182038043058 0.052846740765101791 -0.053422247835454476 -0.040791991000127259 0.052773163912914624 0.050577501917608451
leaf_weight=1.0400663720793115 0.066548044385856708 0.18796082795597857 0.75850065145641599 0.69366633007302869 7.0399246396264052 4.5410814630740814 8.8599029090837558 1.648510538740086 0.4793303145561375 1.0539252049056775 0.23064222803805101 0.93572990014217827 4.1480179991340265 0.41729733673855651 0.60731774987652798 0.65333188220393079 0.52602232951903616 8.460323719045844 4.463493989140261 3.5301267901668325 2.2900072212796658 0.87130732350487961 0.2939446724485606 0.41973571269773002 0.26266560843214393 1.5742327326443029 0.60341189929749817 0.18475859577301879 0.12249450758099556 0.52346438026870601
leaf_count=111 19 11 18 15 186 300 569 38 15 51 32 38 250 37 22 30 103 474 234 133 77 308 25 21 26 55 30 29 3 123
internal_value=5.26573e-06 0.00348208 0.0021427 0.000587531 0.00320984 0.0229631 -0.00329357 -0.0224375 -0.00273014 0.00451588 -0.00432338 0.000230244 -0.0136695 0.0282646 -0.00746104 -0.00906386 -0.000208494 0.0065508 -0.0195212 -0.023619 0.0226455 0.0367054 -0.00865714 0.0428033 -0.0263755 0.0510586 -0.0503353 -0.0498004 0.0497271 0.0509939
internal_weight=57.4877 25.3134 24.6009 23.5416 21.1346 5.23475 15.8998 2.40701 32.1744 12.7089 9.26173 8.42768 5.20194 3.44721 19.4654 18.8581 10.2112 8.98635 8.64695 7.99362 3.22574 1.05927 0.973908 2.4733 0.679963 1.99397 0.834054 1.22482 0.712507 0.645959
internal_count=3383 1590 1445 1126 1070 315 755 56 1793 657 478 416 301 179 1136 1114 717 577 397 367 115 319 88 91 63 76 62 140 145 126
is_linear=0
shrinkage=0.05


Tree=275
num_leaves=31
num_cat=0
split_feature=60 59 21 60 12 61 21 51 15 5 19 65 24 52 65 41 74 5 8 62 27 67 57 42 11 80 56 68 21 10
split_gain=0.222569 0.379489 0.292914 0.391522 0.27184 0.695439 0.800463 0.873918 0.749973 0.732431 0.710779 0.673579 0.749045 0.789075 0.71259 0.749662 0.683957 0.620819 0.933053 0.558175 0.490695 0.485236 0.468176 0.439355 0.221128 0.198006 0.0183123 0.0107978 1.41626e-05 6.92691e-06
threshold=0.00029435289247814656 0.00033658595450172069 0.0009561723030520054 0.00028862353511936207 1.0000000180025095e-35 0.00064213974097161242 0.0017835708989943912 -0.46047546572651243 0.0023777670331306404 610174.35212980013 0.0071953045820164494 0.0074177269372492456 47.024072870486002 0.70274941472151364 0.0057808484356666355 30.93317253198359 10.694376353257939 756997.58235675015 1065809.2201436001 6.9628622713879584e-05 0.56011815790263852 0.88670508768496803 0.0009502249612551079 44.987746935585356 0.0012510760612841623 0.6078576107927941 0.00071175385898921589 3.8886578072494522e-05 -0.00024108015517676493 -0.00098586421718999096
decision_type=2 2 2 2 2 2 2 2 2 2 2 2 2 2 2 2 2 2 2 2 2 2 2 2 2 2 2 2 2 2
left_child=1 2 3 28 11 6 7 9 -9 -6 20 12 14 21 15 -2 -16 24 23 -15 -8 -14 -20 -19 25 -7 -26 -3 -1 -4
right_child=4 27 29 -5 5 17 10 8 -10 -11 -12 -13 13 19 16 -17 -18 18 22 -21 -22 -23 -24 -25 26 -27 -28 -29 -30 -31
leaf_value=-0.050233150253782416 -0.034579817140054703 -0.037898296433243661 0.050994739471096319 0.053300127697968158 0.0040012319965679203 -0.016991123992170287 0.0048800827189394991 0.0031313768100890132 0.032041447970639493 -0.036015040739727465 -0.039964489731006976 0.039107739884885265 -0.0040607458222911251 0.048225218820621155 -0.049198930822562867 0.0122516521935193 -0.0058389293824915155 -0.028304861369454683 0.03402823822038472 -0.025570086294764666 0.048300973190427393 -0.044714255252989159 -0.0065749975202043084 0.012674054365327503 0.032248066452627767 0.030488715540342794 0.050789613350291141 -0.050899873038282972 -0.050936318574723187 0.050249551136006237
leaf_weight=0.1678337620687671 0.93445857666666654 0.25259301450569183 0.036685463041067123 0.13160154689103365 2.6087426700978567 0.44080692238639929 0.8763665537117048 6.8203106229339046 3.3427920890098903 2.0358864241279662 0.32788049976807077 0.91090062583680165 1.0129677808436093 0.58323067749734014 1.0108936257020094 9.9911044033942726 9.0650613913312537 5.1369113524560799 1.2904200233169834 0.45704918913543224 2.5263576693250798 2.6652686328743584 1.5782605848507953 0.74952246111934062 0.18903819657862186 0.43753921240568161 0.45054262070334516 0.43418939766706899 0.12489744834601768 0.20799376437207684
leaf_count=52 140 35 2 4 141 22 68 276 143 54 9 33 61 26 84 436 566 182 85 21 484 101 84 48 13 19 49 29 8 108
internal_value=5.5647e-06 -0.0200096 0.00679226 -0.0183306 0.000495019 0.00386104 0.00964376 0.0044288 0.0126403 -0.0135392 0.0303433 -0.0031466 -0.00464308 -0.0226447 -0.000598576 0.00824618 -0.0101891 -0.00657422 -0.0116922 0.0158031 0.037118 -0.0335185 0.0116896 -0.023087 0.0229452 0.00666048 0.0453094 -0.046118 -0.0505332 0.0503613
internal_weight=56.7981 1.35579 0.669012 0.424333 55.4423 28.8114 18.5383 14.8077 10.1631 4.64463 3.7306 26.6309 25.72 4.71852 21.0015 10.9256 10.076 10.273 8.75511 1.04028 3.40272 3.67824 2.86868 5.88643 1.51793 0.878346 0.639581 0.686782 0.292731 0.244679
internal_count=3383 238 174 64 3145 1677 1175 614 419 195 561 1468 1435 209 1226 576 650 502 399 47 552 162 169 230 103 41 62 64 60 110
is_linear=0
shrinkage=0.05


Tree=276
num_leaves=21
num_cat=0
split_feature=62 41 41 69 22 45 76 15 63 57 26 69 67 15 41 79 14 30 62 30
split_gain=0.220084 0.559012 0.577626 0.326687 0.404091 0.61014 0.581404 0.822574 0.311659 0.548007 0.535374 0.447549 0.652544 0.138612 0.105439 0.0744452 0.0653846 0.00910948 0.00020194 6.65669e-06
threshold=0.0002224096938931794 60.491560388612697 80.082306664335206 0.98908189333904162 -0.0060198657627308907 6261.0640597130232 14.500000000000002 -0.0088069059255350673 0.0030499297737944966 0.0005525944537844782 0.23197979450733339 0.98118434375008057 0.94077660854189937 -0.010367814933541218 51.178018247413981 -0.12940952255126037 -0.0013089356318879417 -13.801607410668023 0.00011106183177024936 -81.878231096779771
decision_type=2 2 2 2 2 2 2 2 2 2 2 2 2 2 2 2 2 2 2 2
left_child=3 17 15 4 5 6 -1 -8 11 16 -11 12 -6 -5 -13 -3 -10 -2 19 -7
right_child=1 2 -4 13 8 18 7 -9 9 10 -12 14 -14 -15 -16 -17 -18 -19 -20 -21
leaf_value=0.022979064568168676 0.040571103557087269 -0.016220463883451743 0.037032878653171585 0.052089252568836147 -0.0012465226726499033 -0.050739381838670494 0.018752885135771842 -0.053338712486144295 0.025711087160693841 -0.051064359406948159 0.025397515596767797 -0.016519390134779408 0.028249921882853163 0.010973749025822502 -0.052767471689556415 -0.05298855558868322 0.05280157052685535 0.052973631507088406 -0.052003264449325848 -0.050229570048827069
leaf_weight=1.1055732006207106 0.20117071783170104 0.22035165957640845 0.4309147740714252 0.39475242304615676 45.182947555280407 0.098338803043588996 0.66808481712359968 0.97043214598670546 0.32191464933566749 0.40964684123173345 0.51894840900786221 0.35021397203672577 1.9562214063480485 0.42642084730323304 0.46966335014440119 0.36688871274236579 0.72291240634512977 0.56069607951212574 0.66821099747903645 0.18352241255342949
leaf_count=37 27 29 18 18 2690 11 34 102 13 15 47 21 69 27 20 24 42 32 36 71
internal_value=6.15392e-06 0.0173069 -0.00693126 -0.000559448 -0.00103871 -0.0169958 -0.00503921 -0.0239443 0.000141844 0.0196153 -0.0083334 -0.000659453 -2.24541e-05 0.0307387 -0.037284 -0.039192 0.0444549 0.0496987 -0.0515298 -0.0504074
internal_weight=56.2278 1.78002 1.01816 54.4478 53.6266 3.69416 2.74409 1.63852 49.9325 1.97342 0.928595 47.959 47.1392 0.821173 0.819877 0.58724 1.04483 0.761867 0.950072 0.281861
internal_count=3383 130 71 3253 3208 291 173 136 2917 117 62 2800 2759 45 41 53 55 59 118 82
is_linear=0
shrinkage=0.05


Tree=277
num_leaves=17
num_cat=0
split_feature=57 22 57 21 1 76 10 27 47 51 68 68 27 47 60 27
split_gain=0.213136 0.395633 0.330449 0.393391 0.346616 0.397664 0.331813 0.31335 0.740687 0.492249 0.282293 0.158184 0.0296213 0.0218203 0.000706132 7.96341e-05
threshold=0.0015442346023439399 0.0013033238190381937 0.0012619587949718963 0.0051082798781301184 63466.480000000003 9.5000000000000018 0.0033587275225439588 0.21172505186294685 0.57305042291063746 -0.28775529464708854 -0.00021177925418103258 -0.00054462467162491579 0.44640252736559793 0.51753662567702208 0.00067965487192440705 0.22510098658955471
decision_type=2 2 2 2 2 2 2 2 2 2 2 2 2 2 2 2
left_child=2 10 3 6 -4 -6 7 8 -1 -9 -2 -5 -7 -13 -3 -15
right_child=1 14 4 11 5 12 -8 9 -10 -11 -12 13 -14 15 -16 -17
leaf_value=0.016741314555627128 0.023528582242470425 0.049211134857453674 0.023229756157946507 -0.024357170982432081 0.0077966429367136089 -0.053590165623053736 -0.034666586900304844 -0.0047955403379945465 -0.012323453851916783 0.0070180254686985901 -0.038623104745164699 0.020145771431814584 -0.037875873734766252 0.051748107138039248 0.052716979706459666 0.050386432294722262
leaf_weight=2.765389882028102 0.40807382273487747 0.27976739616133273 0.39078333182260339 0.088259792770259082 0.528112586820498 0.48027884785551556 0.68797583016566832 14.049173184786914 10.571796859294407 23.681159479601781 0.33080000750487559 0.065361983084584518 0.79840962478192523 0.15016593685140833 0.29515815805643797 0.376777052792022
leaf_count=180 26 33 23 6 27 22 14 797 672 1388 37 19 32 10 8 89
internal_value=4.97464e-06 0.0199059 -0.000473592 0.000322475 -0.0194684 -0.0287033 -0.000174145 0.000290533 -0.00629704 0.00261916 -0.00429725 0.0380893 -0.0437782 0.0473945 0.051011 0.0507745
internal_weight=55.9474 1.3138 54.6336 52.4361 2.19758 1.8068 51.7555 51.0675 13.3372 37.7303 0.738874 0.680565 1.27869 0.592305 0.574926 0.526943
internal_count=3383 104 3279 3175 104 81 3051 3037 852 2185 63 124 54 118 41 99
is_linear=0
shrinkage=0.05


Tree=278
num_leaves=17
num_cat=0
split_feature=70 31 21 37 60 35 67 60 42 62 22 62 29 30 13 42
split_gain=0.214909 0.217889 0.318114 0.542717 0.740728 0.609589 0.460986 0.506043 0.423292 0.358687 0.70788 0.942453 0.698374 0.934168 0.922064 0.555481
threshold=0.94157317798756412 -38.043032538030594 -0.0015361486470858441 65655.201459787946 0.0005149976560856075 0.54239470990018857 0.93306100482660359 0.00052744442382609473 50.422761918334281 9.7398674043374953e-05 -0.00081959875322096243 0.00020778743136864051 -1.4654389280512985 1.8700437680056796 0.00078180232545987949 23.286997170965467
decision_type=2 2 2 2 2 2 2 2 2 2 2 2 2 2 2 2
left_child=1 -1 3 6 5 -5 8 -8 -3 12 11 -11 14 -14 -4 -12
right_child=-2 2 9 4 -6 -7 7 -9 -10 10 15 -13 13 -15 -16 -17
leaf_value=0.022264959989385616 0.033468714849547963 -0.020775093230214686 0.0081483618354620639 -0.051975220824843661 0.048189235308139462 0.030779178495381566 0.042964689629328492 -0.027145695320732771 0.017894524981977727 -0.039558756981367696 0.034094951273528379 0.017418579700677572 -0.023065003802106701 0.0038796821879294955 0.051252721209287914 -0.0033268226264179753
leaf_weight=1.051045631058513 0.47568740101996709 7.4981050140340795 12.312854513758788 0.50480716655147151 0.9238769318908453 0.39796926686540246 0.70092568779364117 0.40671476442366838 0.7814385414822026 2.7125492618652065 1.1625524539267624 0.99088231939822424 4.2235547414166019 13.494507559182237 1.379699314944445 6.7458855397999287
leaf_count=27 39 757 510 87 31 16 22 62 53 122 77 53 198 917 79 333
internal_value=4.83159e-06 -0.000283089 -0.000720047 -0.00822049 0.0167151 -0.0154948 -0.0130727 0.0172208 -0.0171254 0.00123495 -0.0062738 -0.024314 0.00401078 -0.00254328 0.0124917 0.00217424
internal_weight=55.7631 55.2874 54.2363 11.2138 1.82665 0.902776 9.38718 1.10764 8.27954 43.0225 11.6119 3.70343 31.4106 17.7181 13.6926 7.90844
internal_count=3383 3344 3317 1028 134 103 894 84 810 2289 585 175 1704 1115 589 410
is_linear=0
shrinkage=0.05


Tree=279
num_leaves=31
num_cat=0
split_feature=46 74 56 4 76 47 48 41 17 74 47 7 45 2 46 17 30 10 10 41 59 54 43 13 65 12 5 76 32 41
split_gain=0.209277 0.740757 1.03379 0.5858 0.780241 0.748704 0.646138 0.594133 0.451426 0.482761 0.755254 0.851158 0.666563 0.685364 0.574801 0.821029 0.782317 0.429309 0.265531 0.237266 0.228696 0.21475 0.2023 0.329383 0.178285 0.167671 0.0176314 0.0163517 0.00647568 0.00027064
threshold=-0.098365230277966884 79.978710869836632 0.00053064833575509212 17.398620000000005 56.500000000000007 1.0648747172879387 0.85469407680361253 71.780673031454114 -0.0025170446217055993 62.373376388539604 0.87933497322844101 14.091035000000002 5209.4298136531097 64454.44000000001 -0.050157880331034056 -0.0020940593484720656 -24.172291589271023 -0.0011795411378751617 0.00069053064292734511 65.061892730032639 0.00085068300962581704 -0.333988321655523 26.911440978225396 -0.0051666729608178521 0.006466294445268121 -0.00119591122298468 610174.35212980013 36.500000000000007 64554.65379545169 56.835986127442666
decision_type=2 2 2 2 2 2 2 2 2 2 2 2 2 2 2 2 2 2 2 2 2 2 2 2 2 2 2 2 2 2
left_child=1 2 3 4 6 21 -1 -7 20 12 25 19 13 27 15 -14 -16 -4 -15 -12 29 -5 23 -3 26 -11 -19 -10 -27 -2
right_child=8 22 17 5 -6 7 -8 -9 9 10 11 -13 14 18 16 -17 -18 24 -20 -21 -22 -23 -24 -25 -26 28 -28 -29 -30 -31
leaf_value=-0.00096540035569506731 -0.053810671785290046 -0.044961021596625614 -0.01634863409108046 0.053778184458113887 0.042818170368937127 -0.0093973178687414005 -0.03135925190308058 0.051810551097954821 0.053459375844953631 0.010146157706599476 -0.0013862698003747585 0.044084109360582137 0.041875606481961335 0.021539955465092284 0.021698476612395292 -0.028445007442438604 -0.0050389548380032389 0.040711722905132204 -0.041045228591223448 -0.051494758463206849 -0.0045931356985504197 0.023571694003042057 -0.054005054199351511 0.037556459603014895 0.012113840830870051 0.044915998001718763 0.053563424030287292 0.040738704542935759 0.052841301405309682 -0.051760112108239123
leaf_weight=5.2853755445394253 0.28760641039116197 0.29650343803223222 0.32945748791098628 0.91610982338897917 0.73560850275680412 2.9967945496318866 2.6131463619531132 0.45691817486658681 0.79856790840858483 0.3247714585158975 0.36737797432579078 0.53619026928208757 0.46251992927864183 0.30286961514502753 3.0960131851898067 4.0469957248933488 23.51359278665041 0.32556732717784997 0.38480285735568032 0.66181348275858909 0.39841491170227528 1.6448651098180551 0.62184714060276747 0.20423532393760868 0.34697799498826487 0.36551387154031456 1.4803194868727585 0.36953213188098744 0.87420284657855518 0.3652803196455352
leaf_count=360 14 28 8 18 25 190 235 12 40 20 29 37 15 19 185 232 1446 33 22 28 25 81 18 18 30 32 69 23 63 28
internal_value=5.06035e-06 0.00438912 0.00696751 0.00191134 -0.00643393 0.0138911 -0.0110209 -0.00129966 -0.0021487 -0.00120827 0.0175582 -0.00699621 -0.00298952 0.026121 -0.00472551 -0.0212326 -0.00192807 0.0368052 -0.013481 -0.0336081 -0.0344461 0.0343771 -0.0349582 -0.0113048 0.0449395 0.0421266 0.0512465 0.0494352 0.0505046 -0.0526634
internal_weight=55.4098 18.2537 17.1311 14.6488 8.63413 6.01469 7.89852 3.45371 37.1561 36.1048 3.12987 1.56538 32.9749 1.85577 31.1191 4.50952 26.6096 2.48232 0.687672 1.02919 1.0513 2.56097 1.12259 0.500739 2.15286 1.56449 1.80589 1.1681 1.23972 0.652887
internal_count=3383 1125 1061 921 620 301 595 202 2258 2191 209 94 1982 104 1878 247 1631 140 41 57 67 99 64 46 132 115 102 63 95 42
is_linear=0
shrinkage=0.05


Tree=280
num_leaves=17
num_cat=0
split_feature=66 45 21 35 67 10 51 43 25 78 61 7 62 44 46 75
split_gain=0.208774 0.263837 0.258502 0.537481 0.650542 0.57699 0.30465 0.293957 0.740062 0.62431 0.251845 0.250042 0.184329 0.183157 0.0482909 0.0348451
threshold=0.42832500662411516 4740.2509986648056 -0.0034922542918503492 0.72453656890209228 0.93239725035933552 -0.00049075690208766332 -0.90573258965560677 35.98346005294249 34.110424620246157 0.91597561503675362 0.00097889583871799005 16.308590000000006 0.00010416146767514165 7403.8142049999833 0.25184916219825765 12.500000000000002
decision_type=2 2 2 2 2 2 2 2 2 2 2 2 2 2 2 2
left_child=12 14 3 4 13 10 15 8 -8 -9 -5 -7 -1 -3 -2 -4
right_child=1 2 6 5 -6 11 7 9 -10 -11 -12 -13 -14 -15 -16 -17
leaf_value=0.0049449415657619178 0.020401305567302498 -0.051072985159216447 0.025331482854788059 0.030939787341572766 0.025248029403548575 -0.04501032207824663 -0.0045970055712011198 -0.0026661440873970051 0.018956624752945114 0.042908661314437331 -0.01294239741325001 0.0060217543285721823 -0.05214313235173889 0.011290262458352882 0.056649112605580809 0.051740001335468772
leaf_weight=0.23405339667806302 0.15539478865684841 1.4240896663977753 0.22823553992202406 1.3425433901138606 0.40488125255797047 0.66633591603022047 6.7513919249759038 34.530798512525507 6.5904434559197398 0.76814918765012308 0.43222534551750857 0.37517836457118392 0.35717740858672187 0.12834604084491719 0.22481920634163544 0.27590767538640648
leaf_count=33 31 265 25 54 32 51 364 1933 329 153 33 15 23 8 13 21
internal_value=7.9954e-06 0.000329765 3.70888e-05 -0.0110713 -0.0311963 0.00291562 0.00111608 0.000715296 0.00703774 -0.00167438 0.0202528 -0.0266273 -0.0295434 -0.0459172 0.0418345 0.0397843
internal_weight=54.89 54.2987 53.9185 4.7736 1.95732 2.81628 49.1449 48.6408 13.3418 35.2989 1.77477 1.04151 0.591231 1.55244 0.380214 0.504143
internal_count=3383 3327 3283 458 305 153 2825 2779 693 2086 87 66 56 273 44 46
is_linear=0
shrinkage=0.05


Tree=281
num_leaves=31
num_cat=0
split_feature=12 61 21 51 15 42 7 14 65 24 69 65 41 58 61 21 48 27 5 7 32 42 76 63 28 58 53 42 10 71
split_gain=0.208335 0.732345 0.861541 0.758933 0.754072 0.724914 0.689599 0.659344 0.622123 0.673586 0.926247 0.540981 0.778365 0.576772 0.832717 0.541428 0.52274 0.488079 0.486354 0.687598 0.478722 0.423057 0.415856 0.503429 0.351672 0.31925 0.277534 0.269085 0.29485 0.259771
threshold=1.0000000180025095e-35 0.00064213974097161242 0.0017835708989943912 -0.46047546572651243 0.0045760850049753063 34.417720026267588 3.4775950000000004 0.0071953045820164494 0.0074177269372492456 47.024072870486002 0.76088169496036451 0.0057808484356666355 30.93317253198359 0.00034652377874784659 0.00062944693006112054 -0.00040045714657843673 0.83937470694568928 0.41910924248848308 756997.58235675015 15.751640000000002 65732.116928626623 44.987746935585356 22.500000000000004 0.001307498326309133 0.55940679803733506 0.0008740160724952724 0.29725058527848652 32.479911657932924 -0.0010204044342681515 0.00016366184916571938
decision_type=2 2 2 2 2 2 2 2 2 2 2 2 2 2 2 2 2 2 2 2 2 2 2 2 2 2 2 2 2 2
left_child=8 2 3 6 5 -5 20 17 9 11 16 12 -1 -13 -15 -14 -11 -4 27 21 -2 24 -21 -24 -20 -23 -12 -3 -29 -8
right_child=1 18 7 4 -6 -7 29 -9 -10 10 26 13 15 14 -16 -17 -18 -19 19 22 -22 25 23 -25 -26 -27 -28 28 -30 -31
leaf_value=-0.033091006204757752 0.020702871676838167 0.035745497588354512 -0.0044688535325225782 -0.00055008502296123151 0.043555089659998998 0.040485836625243944 -0.039103895793014112 -0.038969224883101512 0.03841290457487033 0.034599936530768372 -0.0056136815838888424 0.027559567244629879 0.0023173885184427467 -0.026052890898802812 0.0046461561069996524 0.026870405418378308 -0.023297826564958567 0.045982943496060386 0.0095029831214317184 -0.012288910747233407 -0.040533730271938261 0.05151360242924076 -0.028403536975313448 0.039657042055211179 -0.032631458010515868 -0.016834655391056639 -0.0460295784892761 -0.051424553715993082 0.020236774431392254 -0.0026012783140282568
leaf_weight=1.087598322803397 1.6305289001611556 0.90087057682103366 0.58060908032348368 7.3496998259506672 1.5296936357044604 1.2608367026259655 1.977538298990112 0.31073771370574821 0.86705780829652113 0.87068572142743395 0.51597956218756769 0.96490400331094761 5.973378970345947 5.2372063112270535 3.8202903186320327 3.5975274646189055 0.70594403857830912 2.7494035327690654 0.55843186913989296 1.4827367381658407 0.3968291045166551 0.31069854035740707 0.34890520421322424 1.2278313084389081 4.3753815660020337 0.37957492703571916 2.4028686794335954 0.23331885598599911 0.37303101428551599 0.64681478962302197
leaf_count=190 104 60 36 275 78 94 67 9 33 44 31 80 338 390 226 99 27 588 30 55 15 25 16 110 153 21 116 7 44 22
internal_value=6.83718e-06 0.0029511 0.0088978 0.00353494 0.0112058 0.00545879 -0.0131866 0.0306865 -0.00322911 -0.00466323 -0.0222047 -0.000850177 0.00699159 -0.00918965 -0.0131046 0.0115464 0.00867592 0.0371863 -0.00780506 -0.0123558 0.0087166 -0.0227331 0.00672037 0.0245964 -0.0278625 0.0139295 -0.0388851 0.0184132 -0.00733796 -0.0301072
internal_weight=54.6669 28.6235 18.4327 14.7919 10.1402 8.61054 4.65171 3.64075 26.0434 25.1764 4.49548 20.6809 10.6585 10.0224 9.0575 9.57091 1.57663 3.33001 10.1908 8.68356 2.02736 5.62409 3.05947 1.57674 4.93381 0.690273 2.91885 1.50722 0.60635 2.62435
internal_count=3383 1809 1288 655 447 369 208 633 1574 1541 218 1323 627 696 616 437 71 624 521 410 119 229 181 126 183 46 147 111 51 89
is_linear=0
shrinkage=0.05


Tree=282
num_leaves=31
num_cat=0
split_feature=21 71 10 13 29 15 14 60 43 14 70 70 43 28 76 76 60 76 22 3 65 69 10 69 69 61 71 49 67 9
split_gain=0.210786 0.397621 0.446111 0.551598 0.698011 0.697152 0.674877 0.424242 0.355745 0.600976 0.680004 0.920324 0.630262 0.495439 0.426093 1.02945 0.684378 1.22132 0.63602 0.468011 0.433549 0.418084 0.384131 0.362243 0.340475 0.303176 0.205674 0.185158 0.254345 0.10749
threshold=-0.00021426771200661052 -0.00068626972868268677 -0.0024310634578730279 -0.0023877375880236858 -41.581047506348106 -0.0041240227410339605 -0.0060061083032033604 0.00049153647251630082 35.701927360314741 0.0028222177343882886 0.89923308308308603 0.88734957612777332 55.57043819718244 0.12849753202315276 25.500000000000004 14.500000000000002 0.0004585784907782806 12.500000000000002 -0.0050453738056315802 64665.915000000008 0.0053543650318465504 0.21877963667421782 -0.0012788302199510102 0.95165284843173448 0.93192475914814288 0.00071231897758677063 -0.00073787845086148429 1.4994931628147976 0.91493057540398526 -0.00029236873677856984
decision_type=2 2 2 2 2 2 2 2 2 2 2 2 2 2 2 2 2 2 2 2 2 2 2 2 2 2 2 2 2 2
left_child=8 27 -3 6 29 -6 -4 -8 14 10 11 12 -10 -11 15 16 17 -1 20 21 -16 -20 -18 25 -21 -15 -17 28 -2 -5
right_child=1 2 3 4 5 -7 7 -9 9 13 -12 -13 -14 23 18 26 22 -19 19 24 -22 -23 -24 -25 -26 -27 -28 -29 -30 -31
leaf_value=-0.051432149598566734 0.020470653204780535 0.042851554592898508 0.020855916297524285 0.014989130601840071 -0.026452943454080509 0.0061996101069152817 0.0024937753764364503 -0.040455583175017205 -0.032059945993528155 -0.04975423869728892 -0.053211343292071667 0.055456564367649577 -0.00073130429036472619 -0.013829681377911822 0.01115215721907991 0.017711425938807323 -0.010277147061135385 0.041902697956990996 0.05470341129369978 0.047551398625556025 -0.050482895708075994 -0.0013645562575952416 0.043091022337432831 0.037269744668783356 0.0016204026864465829 0.029483988680162877 -0.051663793921902228 -0.038289347484245527 -0.030553446113697397 0.05231451039669241
leaf_weight=0.97453529527411065 0.47411952965194604 0.71999037358910456 0.97055691387504373 0.24714209930971265 1.7610828433535193 22.775286410578676 0.81930306297727584 1.9279276177985591 3.2094047901337017 0.33087961876299177 1.1320847324095664 0.4789873418631031 3.212116690876428 1.1843188630882653 0.52263002214021959 0.11700062314048398 0.46558509062742803 0.54734954820014536 0.38099861796945367 1.6401453330181541 0.62833315241732635 2.6112267146236263 1.2225157777429556 1.1103409510105846 0.53510807390557591 0.61317293229512859 1.2295451886020599 0.79634185670875013 0.50372667983174324 0.87861385813449533
leaf_count=132 24 16 25 11 73 1568 28 41 331 26 78 9 146 49 27 9 30 16 12 64 124 168 47 34 36 28 129 23 16 63
internal_value=8.31541e-06 0.00261173 0.00396756 0.00301466 0.00562232 0.00385599 -0.0149848 -0.0276469 -0.00373866 -0.00996332 -0.0172944 -0.011402 -0.016389 0.00821916 0.00271286 -0.00894171 0.00645098 -0.017864 0.0111175 0.0186042 -0.0224956 0.00577455 0.0283719 0.0148159 0.0362525 0.00094578 -0.0456358 -0.0203904 -0.00581385 0.0441203
internal_weight=54.0204 31.8741 30.0999 29.3799 25.6621 24.5364 3.71779 2.74723 22.1463 11.2713 8.03259 6.90051 6.42152 3.23871 10.875 4.55653 3.20999 1.52188 6.31844 5.16748 1.15096 2.99223 1.6881 2.90783 2.17525 1.79749 1.34655 1.77419 0.977846 1.12576
internal_count=3383 1888 1825 1809 1715 1641 94 69 1495 701 564 486 477 137 794 363 225 148 431 280 151 180 77 111 100 77 138 63 40 74
is_linear=0
shrinkage=0.05


Tree=283
num_leaves=26
num_cat=0
split_feature=66 21 5 37 32 80 0 33 69 55 57 35 62 15 14 42 66 16 15 34 49 42 31 12 10
split_gain=0.200198 0.213415 0.550145 0.462997 1.06345 0.932611 0.703967 0.605714 0.388061 0.976069 0.675659 0.884793 0.657627 0.534517 0.591928 0.733867 0.681959 0.241322 0.224195 0.0423757 0.00868487 0.00535341 0.000215361 0.000162018 1.20452e-05
threshold=0.24377118162016057 0.00065107709692036064 234612.54274270002 63822.889633049199 64089.574057977232 0.87837969732492682 63821.765000000007 63931.798000000017 0.91998176234435658 64078.234371559694 0.001119586701606899 0.72453656890209228 8.8947172744100776e-05 0.0064693085185894015 -0.00047512853093056856 14.920393711246446 0.67657080579946682 -0.00095208699636881763 -0.0055910796473922489 63640.236979616318 1.027555748577661 17.064729393558547 -3.8036393380186282 -0.00090773124118320714 -0.00039657687984717688
decision_type=2 2 2 2 2 2 2 2 2 2 2 2 2 2 2 2 2 2 2 2 2 2 2 2 2
left_child=-1 8 21 5 22 6 -4 -6 13 12 11 -11 17 14 15 -2 -16 -10 -14 -7 -12 -3 -5 -23 -25
right_child=1 2 3 4 7 19 -8 -9 9 10 20 -13 18 -15 16 -17 -18 -19 -20 -21 -22 23 -24 24 -26
leaf_value=-0.045301870889652908 0.037824032747362756 0.034296509479008322 0.0089046262257455478 0.052532528983075227 -0.048958055773963338 -0.038622739981674953 -0.036038540331003253 0.0053268920982595643 0.0099202969465746159 -0.013293009137414588 -0.040963929866952929 0.021523148145215082 -0.029458409281709948 0.041307054942925477 0.021190152287920892 -0.0052962544442377319 -0.023891822217314326 0.050668814572410605 0.021331929227611873 -0.057648611610115287 -0.053107393036376932 0.0525937919611607 0.051054897092217971 0.050897616590341324 0.050340963343468631
leaf_weight=0.24270434310892497 1.1189667356375199 0.052830738859486526 4.4365305061219287 0.33848914969712496 0.53304278594441612 0.54089738923357777 1.084226213628426 14.282710001258236 0.45416887151077445 4.7566088535531872 0.2020881522912531 2.9606341253966093 0.51774451555684209 0.55132534587755699 0.95024859195109623 8.3488276712887437 7.1566822035238147 1.8168001114390782 0.37438208499224845 0.63770477101206779 0.54247006471268833 0.11537310294806957 0.90825681699789373 0.13711406395304948 0.33368710524518974
leaf_count=28 33 16 273 9 14 39 28 931 15 301 28 115 49 22 45 677 340 76 39 9 34 3 132 18 109
internal_value=5.76427e-06 0.00021265 0.00378503 0.00250051 0.00710589 -0.00854142 7.81987e-05 0.00337382 -0.00259724 0.00453337 -0.00432473 6.3821e-05 0.0282302 -0.00717036 -0.00869111 -0.000200013 -0.0186076 0.0425196 -0.00814418 -0.048917 -0.0498114 0.0495407 0.0514561 0.0509146 0.0505031
internal_weight=53.3945 53.1518 23.4009 22.7619 16.0625 6.69936 5.52076 14.8158 29.7509 11.6249 8.4618 7.71724 3.1631 18.1261 17.5747 9.46779 8.10693 2.27097 0.892127 1.1786 0.744558 0.639005 1.24675 0.586174 0.470801
internal_count=3383 3355 1581 1435 1086 349 301 945 1774 657 478 416 179 1117 1095 710 385 91 88 48 62 146 141 130 127
is_linear=0
shrinkage=0.05


Tree=284
num_leaves=22
num_cat=0
split_feature=62 34 45 69 22 45 31 66 31 58 34 19 19 78 28 21 38 38 50 31 21
split_gain=0.208471 0.41867 0.777214 0.286159 0.369322 0.538838 0.756804 0.401194 0.313346 0.502886 0.653667 0.319831 0.560831 0.521875 0.184975 0.0957057 0.0455184 0.0267633 0.00819631 0.000252896 0.000101799
threshold=0.0002224096938931794 64844.933078573631 6128.3806702866414 0.98908189333904162 -0.0060198657627308907 6261.0640597130232 -23.097488735356904 0.59884312662175576 -15.793533260397888 0.0005330370956640034 63296.446500247228 -0.00035558513439770673 -0.0011942608836074673 0.91597561503675362 0.2520831545106485 -0.0034922542918503492 65404.992313257862 63113.320740894524 0.42496253486693297 -43.623419479371172 0.0004398567229612072
decision_type=2 2 2 2 2 2 2 2 2 2 2 2 2 2 2 2 2 2 2 2 2
left_child=3 2 17 4 5 6 15 -8 9 18 -11 12 -10 -13 -5 -1 -3 -2 -6 -7 -21
right_child=1 16 -4 14 8 19 7 -9 11 10 -12 13 -14 -15 -16 -17 -18 -19 -20 20 -22
leaf_value=0.013804895472219695 0.024172262153800625 0.054834797412046624 -0.052587366547886594 -0.0019683378064266201 -0.035242067167817095 -0.053552166318063255 0.02597532828788128 -0.038558694834179771 0.0019250052493303229 0.044724219458289478 -0.011504678564242844 -0.0028785240730196094 0.02418301642500216 0.040076589830849253 0.049494372356090728 0.046134839858051196 0.030359559510006063 0.050978894403081468 -0.051739730815108922 -0.050579624295015835 -0.051773179178177253
leaf_weight=0.43697272520512342 0.13853658002335467 0.44000993110239506 0.44325583358295262 0.2792924817185839 0.085413619352037951 0.12270234897732735 0.29680830868892294 1.2770236647338604 11.414429007767465 0.58208468509837974 4.6130572212277912 25.397143657464774 3.7631046049355019 0.72734315859997778 0.46585456724278629 0.48076351289637442 0.3342849217588082 0.28395480883773416 0.63493511802516878 0.41121281249797892 0.31587705481797457
leaf_count=27 28 7 31 12 16 2 14 118 635 24 263 1508 223 152 33 14 37 27 96 104 12
internal_value=7.0972e-06 0.0175553 -0.00633581 -0.000553868 -0.0010072 -0.0170716 -0.00534537 -0.0263883 0.000129596 -0.0106331 -0.00520457 0.00167109 0.00744364 -0.00168259 0.0302054 0.0307412 0.0442681 0.0421889 -0.0497836 -0.0514525 -0.0510982
internal_weight=52.9441 1.64004 0.865747 51.304 50.5589 3.34136 2.49157 1.57383 47.2175 5.91549 5.19514 41.302 15.1775 26.1245 0.745147 0.917736 0.774295 0.422491 0.720349 0.849792 0.72709
internal_count=3383 130 86 3253 3208 291 173 132 2917 399 287 2518 858 1660 45 41 44 55 112 118 116
is_linear=0
shrinkage=0.05


Tree=285
num_leaves=29
num_cat=0
split_feature=60 58 70 46 38 70 68 63 19 21 45 60 49 49 47 52 52 66 22 19 15 26 76 24 67 21 73 70
split_gain=0.200378 0.354845 0.262861 0.882236 0.874398 0.575607 0.878454 0.479662 0.469001 0.397026 0.649567 0.377814 0.329401 0.453635 0.433861 0.234888 0.16895 0.155543 0.146292 0.022367 0.0220568 0.00967859 0.00145169 0.000277538 0.0002221 0.000189694 2.23848e-05 1.96071e-07
threshold=0.00029435289247814656 0.00030746559976529216 0.5666228974065235 0.032332012400849486 66785.763378291434 0.67198463115876106 -0.00035011210551860733 0.0011777570243589951 -0.0012234216170282084 0.00058315308062073534 6970.7193286415613 0.00029738393794821537 1.7599169155764447 1.8561920870343753 0.81453197180299475 0.70806770745309888 0.15026795486988673 0.97443659341816302 -0.00052989247948681528 0.0014005743597159672 -0.00032318236223649594 0.41806360789967584 27.500000000000004 58.559130997160942 0.83686309728240926 0.0011306403535880085 2.4105639980009212 0.76821560370294628
decision_type=2 2 2 2 2 2 2 2 2 2 2 2 2 2 2 2 2 2 2 2 2 2 2 2 2 2 2 2
left_child=1 18 3 4 8 6 -4 11 -2 15 -11 -7 14 -14 -9 -8 -13 19 -1 22 -20 -5 24 -23 -3 -22 -25 -27
right_child=2 17 5 21 -6 7 9 12 -10 10 -12 16 13 -15 -16 -17 -18 -19 20 -21 25 23 -24 26 -26 27 -28 -29
leaf_value=-0.029366085904567754 -0.022621415603025722 -0.050592016888845494 0.031546972592334008 0.039152118751461483 -0.05597117493678691 -0.033846663032823833 -0.052733044209553839 0.0040854622881993218 0.05102436847927444 0.02774355817269164 -0.034126383613609403 -0.003684866377646714 0.04675135626201915 0.0059092397459555085 -0.0069061344025287521 -0.0094143166948392736 0.048843573750643784 0.01058341898629174 0.013465381407735006 -0.030426061883245425 0.053265986443192907 0.052717789435487251 -0.046090953941775696 0.050345227462692377 -0.052908244813053389 0.050065086431214961 0.051209751272654674 0.050222512045452805
leaf_weight=0.092365162679925561 0.35662517638411373 0.19977308105444536 0.75778735353378568 0.17191009456291773 0.59581205202266574 0.1970128882676353 1.4872421628388104 17.680931987124495 0.54894363490166076 0.68080494611058373 1.1256863801390862 0.18036409036722023 0.76209905836731096 6.3016212835500482 18.238837618460821 0.3963218381977639 1.0118166163010753 0.14911247882992029 0.046068281983025372 0.18975665702600963 0.11166467145085224 0.59386098833056167 0.15283076628111303 0.11407539807260036 0.21475508465664461 0.052646960597485304 0.21789364900905639 0.031681290245614946
leaf_count=21 29 32 34 15 16 5 96 1103 29 74 43 10 47 419 983 19 144 28 11 27 2 20 38 33 9 60 26 10
internal_value=6.77953e-06 -0.0198492 0.000485866 0.0159796 -0.00892922 -0.000338995 -0.0174871 0.0013799 0.0220217 -0.0275566 -0.0108097 0.0302966 0.000445331 0.0103157 -0.0014957 -0.0436183 0.0408966 -0.0360933 0.024169 -0.0452862 0.0445968 0.0500475 -0.0502563 0.0520705 -0.051792 0.0519142 0.0509127 0.0501242
internal_weight=52.6603 1.24065 51.4196 2.59912 1.50138 48.8205 4.44784 44.3727 0.905569 3.69006 1.80649 1.38919 42.9835 7.06372 35.9198 1.88356 1.19218 0.906228 0.334426 0.757116 0.242061 1.09774 0.567359 0.92583 0.414528 0.195993 0.331969 0.0843283
internal_count=3383 238 3145 168 74 2977 266 2711 58 232 117 159 2552 466 2086 115 154 134 104 106 83 94 79 79 41 72 59 70
is_linear=0
shrinkage=0.05


Tree=286
num_leaves=31
num_cat=0
split_feature=26 36 23 73 26 13 30 78 62 46 52 59 59 49 51 71 50 49 15 66 47 62 63 51 13 29 59 64 61 23
split_gain=0.200292 0.670019 0.588681 0.635359 0.628265 0.744534 1.29105 0.621842 0.561 0.520427 0.499428 0.460456 0.526108 0.498662 0.439943 0.375423 0.371101 0.491986 0.459671 0.629592 0.519939 0.364619 0.462729 0.294182 0.29147 0.299587 0.266304 0.199009 0.184797 0.388062
threshold=0.35506157892761064 0.11794400792936771 -0.0023267352691172523 1.6188238747536363 0.63752589074165067 -0.0022401199070709028 -16.733006985857902 0.37940952255126054 5.5922804255251282e-05 -0.22124826387074928 0.73803156804771575 0.00075269063014101877 0.00069015030227110089 0.96080988862496264 2.1749866704505028 0.00025069699909863191 2.3356267148025789 1.5356885837128347 -0.0021493091207724353 0.95185999338086891 0.89367737533572611 4.9541102069763475e-05 0.0023367919116175791 -0.94616570291769464 -0.00069321316296638835 -61.356720734034745 0.00033225363143718451 0.0032918528785696958 0.00066331407690356839 -0.0079866828503380432
decision_type=2 2 2 2 2 2 2 2 2 2 2 2 2 2 2 2 2 2 2 2 2 2 2 2 2 2 2 2 2 2
left_child=9 -2 4 10 21 -6 -7 8 -5 11 15 12 13 26 -15 -4 17 18 19 -11 -20 27 -23 -9 25 -19 -1 -3 -18 -30
right_child=1 2 3 7 5 6 -8 23 -10 16 -12 -13 -14 14 -16 -17 28 24 20 -21 -22 22 -24 -25 -26 -27 -28 -29 29 -31
leaf_value=0.034818628609234979 -0.042622057681617226 -0.050923021374101943 -0.0038664434222677895 0.022618804053280553 -0.047654660873674905 0.02402584794706282 -0.021137581923816508 -0.048040412227849001 0.0021154523735069427 0.018986967321498585 0.041522241893619583 0.039084909519293165 -0.043794803565994696 0.030997404118500139 -0.018103104772126288 -0.041361988363873003 -0.04900860155900124 0.051846547758922459 -0.0054034040403059275 -0.020387342406747947 -0.030731767749748923 0.029061839746554061 -0.021783620658645156 0.048951213158213269 0.045177801638487523 -0.023952020507420527 -0.03828905793136278 0.0051283263470775367 -0.052768789226609727 0.018255007129274647
leaf_weight=0.15319951853598812 0.80143356852932157 0.30674049042864071 1.714520966052081 5.4646120822144431 1.2738635583082203 2.3676071876980123 4.7710823327943217 0.082652502576820441 8.5655981908494123 2.7399216937192241 0.39588103919231787 1.0793152141850439 0.5364189677638932 2.0441336422227327 0.58727824912057247 1.0932548556738764 0.76719640166265779 0.18468045233748853 5.0257340073003416 1.6128935436136087 3.3948507429740857 2.4442845107987528 0.54774130770238105 1.4442586966833904 0.70544675854034611 0.44319018884561956 0.66641016840003431 0.32736280793324113 0.35586869338294491 0.41849213978275657
leaf_count=22 49 27 133 429 73 157 205 6 512 111 58 34 25 104 70 36 58 5 340 93 218 97 37 248 21 52 91 23 26 23
internal_value=6.89889e-06 0.00251173 0.00368616 0.00922351 -0.00494312 -0.0124422 -0.00615875 0.0133991 0.0101013 -0.00381423 -0.0110531 0.0101133 0.00227136 0.00943177 0.0200392 -0.018466 -0.00832384 -0.00577848 -0.00879528 0.0043972 -0.0156148 0.0124547 0.0197537 0.043701 0.023123 -0.0016568 -0.0246239 -0.0219859 -0.0316163 -0.014385
internal_weight=52.3159 31.6009 30.7995 18.7608 12.0387 8.41255 7.13869 15.5571 14.0302 20.715 3.20366 5.06676 3.98744 3.45102 2.63141 2.80778 15.6483 14.1067 12.7734 4.35282 8.42058 3.62613 2.99203 1.52691 1.33332 0.627871 0.81961 0.634103 1.54156 0.774361
internal_count=3383 2090 2041 1422 619 435 362 1195 941 1293 227 346 312 287 174 169 947 840 762 204 558 184 134 254 78 57 113 50 107 49
is_linear=0
shrinkage=0.05


Tree=287
num_leaves=24
num_cat=0
split_feature=62 41 41 20 22 70 55 74 14 66 74 70 59 35 31 64 56 42 36 32 31 20 31
split_gain=0.205297 0.471361 0.502966 0.273197 0.53594 0.628834 0.775542 0.298446 0.553954 0.518714 0.451467 0.918214 0.710452 0.450011 0.231311 0.225656 0.0769157 0.0550279 0.00825884 0.00294215 0.000613682 8.50741e-05 4.32962e-05
threshold=0.0002224096938931794 60.491560388612697 80.082306664335206 -0.010367814933541218 -0.0060198657627308907 0.91229231970636093 64397.023844088595 47.419934808692325 0.0045154915194057796 0.95083498262701449 25.994304896574093 0.83428252835374395 0.00038974239339957328 0.49323309308795166 4.742835893181522 0.0033130240234384659 -0.0053696799683225901 38.537548035352607 0.2994199977337117 63487.738577071599 -17.452923000191902 0.0028882113997494856 -2.3547790779205804
decision_type=2 2 2 2 2 2 2 2 2 2 2 2 2 2 2 2 2 2 2 2 2 2 2
left_child=3 18 17 15 5 14 -7 10 13 -10 12 -12 -6 -9 19 -1 -17 -3 -2 -5 -20 -8 -22
right_child=1 2 -4 4 7 6 21 8 9 -11 11 -13 -14 -15 -16 16 -18 -19 20 -21 22 -23 -24
leaf_value=-0.0068706452131885136 0.039648813412980571 -0.017683269927130471 0.037170812149886621 -0.059185585945584152 -0.014283607854569783 0.042866987913743798 -0.050347697337698061 0.0028442075527298927 -0.042000488804095397 0.0076480052430672203 0.0011086427106156691 -0.024245630056808128 0.0073107442217882294 0.029437458666533287 -0.0070824973688584569 0.022098345338020787 0.051000866947446079 -0.051600544598789926 0.054416044857730217 -0.051278255215761674 0.051525952156283916 -0.051958127551038562 0.050297651164325774
leaf_weight=0.47218845668248721 0.16763302963226923 0.19284182781120762 0.38313735369592905 0.13111276924610082 4.8572168601094772 0.61013415188062925 0.20981505437521264 3.231164714205077 0.91312622069381211 1.2411653012968598 9.4113487048889493 5.7542614590929579 17.646940399892628 3.1335958370182198 0.36775529012083996 0.49228499922901392 0.43235283333342522 0.31480474513955414 0.22227305918931961 1.1445698769821318 0.14454455953091383 0.13462740462273359 0.14244331803638488
leaf_count=26 14 27 18 1 592 14 49 215 25 86 570 284 999 153 19 27 23 26 3 165 8 5 34
internal_value=5.67467e-06 0.0178234 -0.00607627 -0.000550931 -0.00117516 -0.0232717 0.00900496 6.77157e-05 0.00851925 -0.0133962 -0.00184361 -0.00851149 0.0026499 0.015937 -0.0420193 0.0212516 0.0356129 -0.0387162 0.0492751 -0.052091 0.0524438 -0.0509771 0.0509163
internal_weight=51.7513 1.56768 0.890784 50.1837 48.7868 2.59801 0.954577 46.1888 8.51905 2.15429 37.6698 15.1656 22.5042 6.36476 1.64344 1.39683 0.924638 0.507647 0.676894 1.27568 0.509261 0.344442 0.286988
internal_count=3383 130 71 3253 3177 253 68 2924 479 111 2445 854 1591 368 185 76 50 53 59 166 45 54 42
is_linear=0
shrinkage=0.05


Tree=288
num_leaves=31
num_cat=0
split_feature=21 30 63 12 13 35 62 46 74 21 15 17 30 22 15 76 37 56 70 58 76 54 56 62 55 71 0 17 32 76
split_gain=0.199395 0.371416 0.408775 0.385976 0.358064 0.790928 0.9337 0.58537 1.15569 0.544384 0.434942 0.314567 0.312556 0.745995 0.776746 0.751059 0.645517 0.554665 0.573539 0.705443 0.81801 0.458726 0.400763 0.389438 0.366509 0.36065 0.349535 0.234946 0.224097 0.221506
threshold=-0.00021426771200661052 88.153230794695375 0.0024102302400871825 0.0015250306120372372 -0.0023877375880236858 0.48418282018493602 8.7510207339141496e-05 -0.14621855272379822 80.947360045953602 0.0046547845900838389 -0.003979851529120281 -0.00055762301286627059 -21.995334861793285 -0.0050453738056315802 -0.010367814933541218 25.500000000000004 64086.956833504388 0.0021821821879221639 0.5666228974065235 0.00056567326620785149 56.500000000000007 0.24876104587381911 -0.0041466987932660274 0.00013840468717376628 63730.606449841238 0.00047879612185441905 64200.260000000002 -0.00076732995917594405 64506.241129305003 14.500000000000002
decision_type=2 2 2 2 2 2 2 2 2 2 2 2 2 2 2 2 2 2 2 2 2 2 2 2 2 2 2 2 2 2
left_child=12 4 -3 -4 5 -2 -7 8 29 10 -9 -8 13 14 28 16 24 18 27 25 -21 -19 -17 -18 -15 -20 -24 -14 -1 -6
right_child=1 2 3 -5 7 6 11 9 -10 -11 -12 -13 17 15 -16 22 23 21 19 20 -22 -23 26 -25 -26 -27 -28 -29 -30 -31
leaf_value=-0.018430419809963974 -0.039514951632612254 -0.038656012925244995 -0.039022186321327562 0.051099894519057443 0.017944616423992955 0.047861083255161141 0.0059114899143130478 -0.0200466938297095 -0.055822045538453005 0.042989514479571778 0.0041275362803549175 -0.035910225589683674 -0.0092745334529254087 -0.012251380087544323 -0.050664451407385763 -0.02565989418534257 -0.051387407010425684 0.028324130819464877 -0.040990341688019211 -0.01347460810764399 0.056455355803860789 -0.017428826017090282 0.0033849896610502863 0.016775533933934158 0.0337999203406791 0.02979450461104028 0.036566110315888967 0.04781646069357183 0.033242551967103164 0.049361051920414567
leaf_weight=0.35733079491183195 1.450513900257653 1.0651574693620194 0.19412245042622078 0.30621238308958709 0.83319866040256929 0.89948206814006004 0.92001184402033676 2.0622678988729737 0.3667636066675185 0.83238650386920099 19.032276426507437 0.87940316752064962 0.28905009309528396 0.87293470639269999 1.1611421205161603 0.38326197792775918 0.97407402834505752 1.5418465172406279 3.0880086102988558 4.5038292822428048 0.46099255234003056 0.84978211717680086 1.0780933488276785 0.26698127714917064 0.85547021869570017 0.1910821086494251 3.0085916302050464 0.47856919618789007 0.5082739822100848 1.7177988570037994
leaf_count=33 34 36 11 37 45 23 23 99 4 167 1244 30 31 53 225 24 112 73 346 304 10 33 79 10 19 8 94 18 23 135
internal_value=4.43675e-06 0.00257722 -0.021145 0.0161339 0.00385807 -0.00973818 0.00626525 0.00612883 0.0271682 0.00332918 0.00176419 -0.0145275 -0.00376297 0.00295295 -0.0239389 0.0102792 -0.00921252 -0.00933809 -0.015019 -0.0188681 -0.00698149 0.0120674 0.0232279 -0.0367239 0.0105416 -0.0368655 0.0278127 0.0263186 0.0119114 0.0390999
internal_weight=51.4289 30.5596 1.56549 0.500335 28.9941 4.14941 2.6989 24.8447 2.91776 21.9269 21.0945 1.79942 20.8693 9.46615 2.02675 7.43941 2.96946 11.4032 9.01153 8.24391 4.96482 2.39163 4.46995 1.24106 1.7284 3.27909 4.08668 0.767619 0.865605 2.551
internal_count=3383 1888 84 48 1804 110 76 1694 184 1510 1343 53 1495 672 281 391 194 823 717 668 314 106 197 122 72 354 173 49 56 180
is_linear=0
shrinkage=0.05


Tree=289
num_leaves=29
num_cat=0
split_feature=62 34 45 32 55 1 60 45 6 24 61 55 47 22 15 58 76 15 45 0 37 1 59 51 62 69 7 0
split_gain=0.192975 0.356133 0.687859 0.256392 1.06372 0.769804 0.826902 0.72716 0.692031 0.543619 0.715686 0.652901 0.514357 0.511658 0.630489 0.595255 0.345432 0.237455 0.160742 0.141618 0.0475175 0.0269643 0.00934007 0.00255933 0.00153634 0.000527571 9.73485e-05 2.90009e-06
threshold=0.0002224096938931794 64844.933078573631 6128.3806702866414 65116.328754798204 64888.895785978581 65489.265000000007 0.0005149976560856075 7714.8273295617955 2268.5000000000005 59.22591413796227 0.00061967541144401686 64778.699569081546 0.41594544171595998 0.0019848828534145828 -0.0030982724947389291 0.00070056078688085814 18.500000000000004 0.0063742638603551125 6781.2494140462413 65717.070000000022 65374.307637924074 63386.275000000009 0.00050115222506872694 1.6455992904242183 7.8056689896142506e-05 0.65438977329351566 0.13398000000000002 65116.19000000001
decision_type=2 2 2 2 2 2 2 2 2 2 2 2 2 2 2 2 2 2 2 2 2 2 2 2 2 2 2 2
left_child=3 2 21 4 7 13 8 9 19 11 -11 -1 -10 14 15 -5 -8 -16 24 -7 -3 -2 -18 -9 25 -6 -15 -28
right_child=1 20 -4 5 18 6 16 23 12 10 -12 -13 -14 26 17 -17 22 -19 -20 -21 -22 -23 -24 -25 -26 -27 27 -29
leaf_value=-0.0012499537775172707 0.023052626413264478 0.054404817473528794 -0.052264938309087378 0.021819078715521613 0.051386875765605626 -0.0079893334801849816 -0.0016068311898820538 -0.048609211313434882 -0.048717999143137639 0.025671409235171905 -0.0014794962767080489 -0.036362330803723683 0.0094392120722749696 0.052896973802768178 -0.050033256799784924 -0.051718897650257327 0.044449127716484377 0.0026906520212521918 0.015562605678924408 -0.054249924230524674 0.028450354312964915 0.050860454037287985 0.054085594964612863 -0.054805161391366333 0.05378533297847933 0.047416177137480545 0.05071645144400462 0.050251594718069219
leaf_weight=25.807263437891383 0.13171511894324683 0.40538015961647034 0.39360080199548975 0.87824038739199817 0.20387556326750089 0.21026234645978537 0.45050042332150031 0.30952581646852095 0.4298543757759038 4.3943234961625404 5.4217514596675755 1.3955282125098154 3.2903906485589687 0.051766958087682613 2.1378086709009936 0.40074995474424213 0.39903869293630101 0.237253620289266 0.40218623052351166 0.77605419309111312 0.31212989520281553 0.25780092645436525 0.67986204754561186 0.36111052997875959 0.75114875298459083 0.14186329372751061 0.048674619290977716 0.10798888649151195
leaf_count=1380 26 7 31 77 27 31 36 32 10 550 307 114 223 1 185 28 20 8 18 55 37 29 29 10 26 19 4 63
internal_value=3.72194e-06 0.017667 -0.00564829 -0.000534066 0.00129658 -0.00763815 0.00322646 -0.000346305 -0.0071525 0.000588469 0.010675 -0.00305125 0.00271946 -0.025179 -0.0295253 -0.0012228 0.0351666 -0.0447665 0.0426016 -0.0443881 0.0431142 0.0414572 0.0505215 -0.0519455 0.0525158 0.0497576 0.0510172 0.050396
internal_weight=50.7876 1.50063 0.783117 49.287 39.1886 10.0984 6.23596 37.6895 4.70656 37.0189 9.81607 27.2028 3.72025 3.86248 3.65405 1.27899 1.5294 2.37506 1.49907 0.986317 0.71751 0.389516 1.0789 0.670636 1.09689 0.345739 0.20843 0.156664
internal_count=3383 130 86 3253 2483 770 404 2393 319 2351 857 1494 233 366 298 105 85 193 90 86 44 55 49 42 72 46 68 67
is_linear=0
shrinkage=0.05


Tree=290
num_leaves=15
num_cat=0
split_feature=66 67 67 44 64 43 66 46 38 72 57 62 28 39
split_gain=0.196616 0.235743 0.496124 0.386519 0.303388 0.604755 0.293829 0.729812 0.617624 0.241638 0.174335 0.162132 0.0786123 0.0081946
threshold=0.42832500662411516 0.71349758011480768 0.7502986249458824 6895.5027399999899 0.0055025985539910961 39.650528225809971 0.69112236994192788 -0.11789315279237024 66785.763378291434 0.00034301030754593553 0.0009502249612551079 0.00010416146767514165 0.3321086330655611 66398.659572285367
decision_type=2 2 2 2 2 2 2 2 2 2 2 2 2 2
left_child=11 9 3 12 6 -6 7 -4 -8 -2 -7 -1 -3 -11
right_child=1 2 4 -5 5 10 8 -9 -10 13 -12 -13 -14 -15
leaf_value=0.0040307733221420488 -0.022341503923370889 -0.011009280169886983 -0.034815695914641787 -0.054343209856605207 -0.028205971570727403 0.051407467839083378 -0.00035880483924721404 0.028569004789512104 -0.05056488493261483 0.042760883555296489 -0.0039345649118348296 -0.051961158493643272 0.050907396021443174 0.056433073132054437
leaf_weight=0.21302480663871293 0.15430429979460214 0.092450962314614027 0.57045731068501515 0.70234616938978434 0.41769575013313343 0.90464580967091002 43.39511509508884 2.2270514877236556 0.62133516080211748 0.19852486031595618 0.16886611317750067 0.32890792429680005 0.1150721460726345 0.24465827306266874
leaf_count=33 24 16 59 34 24 105 2795 149 20 37 20 23 37 7
internal_value=2.47214e-06 0.000328356 -5.06402e-05 -0.0366289 0.000638343 0.0228403 -6.88756e-05 0.0156438 -0.00106751 0.0315463 0.042702 -0.0299517 0.0233237 0.0503086
internal_weight=50.3545 49.8125 49.215 0.909869 48.3052 1.49121 46.814 2.79751 44.0165 0.597487 1.07351 0.541933 0.207523 0.443183
internal_count=3383 3327 3259 87 3172 149 3023 208 2815 68 125 56 53 44
is_linear=0
shrinkage=0.05


Tree=291
num_leaves=31
num_cat=0
split_feature=21 30 63 62 13 25 14 44 76 57 59 59 56 22 10 44 10 57 47 73 2 55 45 25 15 70 10 26 60 54
split_gain=0.196331 0.356124 0.37933 0.350542 0.450362 0.890178 0.52901 0.818935 0.720726 0.435551 0.32835 0.301433 0.612522 0.587897 0.495873 0.646539 0.415508 0.511604 0.495454 0.474149 0.45991 0.420266 0.57131 0.349596 0.314112 0.29642 0.250643 0.242079 0.371892 0.0291938
threshold=-0.00021426771200661052 88.153230794695375 0.0024102302400871825 0.00020778743136864051 -0.0023877375880236858 21.533063646899183 -0.00035558513439770673 5214.3737200000005 36.500000000000007 0.00083727316776553999 0.00087211619130901391 0.00046183546158899523 0.0021821821879221639 -0.0019335836723472497 -0.00028992657374216074 6883.7325499999906 0.00016498373188278406 0.00034772703885187521 0.51410388986353206 3.9389821450604439 65480.750000000007 64770.298022165152 6273.2064543581901 54.852007285879118 -0.0048518024907485682 0.8577989522565127 0.00058483052626934217 0.22320956270470024 0.00059547693574018906 -0.15342136259936787
decision_type=2 2 2 2 2 2 2 2 2 2 2 2 2 2 2 2 2 2 2 2 2 2 2 2 2 2 2 2 2 2
left_child=11 3 -3 4 5 -2 8 -8 -6 -7 29 12 13 -1 24 -16 20 -18 26 -20 21 23 -23 -13 -15 -4 -19 28 -22 -5
right_child=1 2 25 10 6 9 7 -9 -10 -11 -12 16 -14 14 15 -17 17 18 19 -21 27 22 -24 -25 -26 -27 -28 -29 -30 -31
leaf_value=-0.05075092961749901 0.031058924566974296 -0.038111029830073806 0.050943841879691323 0.033526133948849873 0.0079681052613411185 -0.040526568335588854 0.037885433280301778 -0.0016403367762207284 0.050709133784385657 0.0040980676278318381 -0.012499161226078742 0.002832336083174064 0.051605815869982252 0.052560121786774244 0.025285340794999552 -0.024687591753938379 0.042459154586188284 -0.015557973311800203 -0.0091316099000155557 -0.046326752687478059 -0.014364307050806628 0.027215739733336065 -0.039492245414653418 0.041730652829583513 -0.04549778607308682 -0.028554810979590468 0.036437711499180785 0.052960378889844187 0.054371325050639546 0.053789267015044953
leaf_weight=1.1069372803904114 0.83833741303533971 1.032756486441939 0.26565948757342983 0.25822870794218034 3.5842033568478753 1.9365701426286253 1.4175998636928842 17.341661090467824 1.3608004734851418 0.76193811022676516 0.31497600517468527 6.5612384971464035 0.33033126452937711 0.08890768140554417 1.4263844360830296 1.1849040610250083 0.39032501226756622 0.39871425833553065 1.8818275913363325 1.5730032188585026 0.49982484453357645 0.43717947718687344 1.2074048630311152 0.6333834493998437 1.0031359755084848 0.20989539753645658 0.55355128855444491 0.68230476370081306 0.32457213196903467 0.57037518062861525
leaf_count=261 18 36 37 15 213 47 70 1233 105 30 36 430 21 2 64 56 13 30 83 72 47 15 175 22 142 11 34 21 7 37
internal_value=2.31058e-06 0.00257865 -0.0210959 0.00383668 0.00269821 -0.0139453 0.00518154 0.00134655 0.0197299 -0.0279266 0.0309559 -0.00379452 -0.014256 -0.0187789 -0.00922231 0.00260951 -0.000243233 -0.0124059 -0.0172652 -0.0260668 0.00539663 0.00104423 -0.0217593 0.00625678 -0.0375145 0.0158556 0.0146671 0.0309304 0.0126975 0.0474744
internal_weight=50.1769 29.893 1.50831 28.3847 27.2411 3.53685 23.7043 18.7593 4.945 2.69851 1.14358 20.2839 5.1406 4.81027 3.70333 2.61129 15.1433 4.79742 4.4071 3.45483 10.3459 8.83921 1.64458 7.19462 1.09204 0.475555 0.952266 1.5067 0.824397 0.828604
internal_count=3383 1888 84 1804 1716 95 1621 1303 318 77 88 1495 546 525 264 120 949 232 219 155 717 642 190 452 144 48 64 75 54 52
is_linear=0
shrinkage=0.05


Tree=292
num_leaves=21
num_cat=0
split_feature=57 22 57 21 21 33 46 6 36 72 72 7 74 75 72 16 28 42 27 14
split_gain=0.183146 0.341639 0.28161 0.339409 0.312182 0.345273 0.242096 0.226863 0.59445 0.537505 0.501768 0.480266 0.421917 0.223056 0.199141 0.0619504 0.000507086 0.00030633 7.85559e-05 2.71316e-06
threshold=0.0015442346023439399 0.0013033238190381937 0.0012619587949718963 0.0051082798781301184 0.0028865151569350549 63231.630250000009 -0.14893346290571494 5391.5000000000009 1.0873316411634353 0.0010702841124314519 0.0012486711109137084 17.426145000000002 46.672192441440899 16.500000000000004 0.00056215674925759246 -8.7751724986085892e-06 0.55287677825462289 13.88956481810987 0.22510098658955471 0.0085414434131642087
decision_type=2 2 2 2 2 2 2 2 2 2 2 2 2 2 2 2 2 2 2 2
left_child=2 6 3 7 5 -4 -2 8 12 11 -11 -9 -1 15 -5 -7 -3 -10 -16 -20
right_child=1 16 4 14 -6 13 -8 9 17 10 -12 -13 -14 -15 18 -17 -18 -19 19 -21
leaf_value=-0.0016705702882706189 0.027493921844357335 0.049042789544118066 0.051712763987779242 -0.028809098295384857 -0.042327637540683305 -0.018435186949309207 -0.034921033778999098 -0.041051476210043236 0.054012098290081294 0.02302159215729932 -0.0077635579658561146 0.0034758397963436578 0.012689618890356032 0.014807941436808095 0.051779750685078833 -0.05289957362221042 0.05223611299480168 0.050608724788332407 0.050266839640907085 0.050594936012026498
leaf_weight=29.748640913705458 0.30067729414440691 0.23194502829574049 0.23718327516689786 0.093635267054195448 0.82972627526032727 0.2432899429113603 0.32147357054054626 1.7826713547692619 0.075686648837289705 1.8066659254254771 4.9503999420412583 0.91712438699323673 6.1771050664247005 0.34621270140632987 0.12744508078321815 0.28097775255446333 0.26791773637523875 0.52289454556739656 0.28646620170911774 0.080778273288160563
leaf_count=2067 32 18 14 18 23 23 31 78 3 68 262 41 401 23 6 21 23 131 89 11
internal_value=2.56199e-06 0.0199738 -0.000459392 0.00031766 -0.0191376 -0.00176642 -0.00475671 -0.000165176 0.0016219 -0.00706724 0.000467601 -0.0259255 0.000798534 -0.0163381 0.0380542 -0.0369061 0.0507544 0.0510391 0.0507102 0.050339
internal_weight=49.6289 1.12201 48.5069 46.5695 1.93739 1.10766 0.622151 45.9812 36.5243 9.45686 6.75707 2.6998 35.9257 0.87048 0.588325 0.524268 0.499863 0.598581 0.49469 0.367244
internal_count=3383 104 3279 3175 104 81 63 3051 2602 449 330 119 2468 67 124 44 41 134 106 100
is_linear=0
shrinkage=0.05


Tree=293
num_leaves=31
num_cat=0
split_feature=21 71 10 13 29 15 14 60 43 43 74 76 6 0 43 49 78 29 56 71 72 22 61 58 14 58 49 15 13 43
split_gain=0.182637 0.338136 0.351122 0.391502 0.621329 0.585533 0.55312 0.37115 0.29527 0.542603 0.427776 0.582879 0.529225 0.50067 0.426334 0.364847 0.353806 0.346691 0.560566 0.426198 0.364761 0.321143 0.311552 0.277696 0.244008 0.182057 0.160498 0.139649 0.1369 0.119673
threshold=-0.00021426771200661052 -0.00068626972868268677 -0.0024310634578730279 -0.0023877375880236858 -41.581047506348106 -0.0041240227410339605 -0.0060061083032033604 0.00049153647251630082 35.701927360314741 51.681546265195301 21.668650861026801 20.500000000000004 2710.0000000000005 64381.205000000009 53.059589504060945 0.60193584567165948 0.91597561503675362 -16.961623299983327 -0.0012485289470903565 0.00015804517922768382 0.0011495314009195702 -0.0024234837707569619 0.0010259813391451235 0.001043721221060139 -0.003229491435839837 0.00056567326620785149 1.4994931628147976 -0.0057403462001601726 0.0012258196268564172 77.293505482878956
decision_type=2 2 2 2 2 2 2 2 2 2 2 2 2 2 2 2 2 2 2 2 2 2 2 2 2 2 2 2 2 2
left_child=8 26 -3 6 -5 -6 -4 -8 16 15 11 25 29 -13 -14 21 17 18 20 -20 -1 -10 27 -19 -23 -11 28 -17 -2 -12
right_child=1 2 3 4 5 -7 7 -9 9 10 12 13 14 -15 -16 22 -18 23 19 -21 -22 24 -24 -25 -26 -27 -28 -29 -30 -31
leaf_value=-0.009033468126906476 0.016018951302302412 0.040758265265906667 0.020918543344228116 0.043619189232444511 -0.025393222266175238 0.0056800608799897579 0.0038699209427446382 -0.038676150697738929 -0.038558018898843006 0.015256030822794808 -0.051580254149975927 -0.044792562791471854 0.056055515410824978 0.012179763412735647 -0.0077260182007899691 -0.0043469554689937609 -0.050453923649077997 -0.047150022899441604 0.049222024594885672 -0.0030625550864904938 0.014276422598485895 0.049573337003687656 0.02711873572363134 0.026726337522510153 -0.0068251155336327939 0.053716687945936419 -0.037295108553296201 -0.048971199736996991 -0.02302541944334939 -0.014366951500190454
leaf_weight=4.0716567244962762 0.40384128876030689 0.62793164979666727 0.86944172903895411 1.005946960765878 1.6320076491683853 21.339564307345405 0.73987061833032131 1.6686456024181096 0.46143315135850571 0.51652880510664567 0.81720192334614716 0.5688267562072723 0.29482268344145302 1.1973248369758946 2.3532892158837058 0.19497934484388713 0.30500380622106682 0.53417112719034854 1.1904743199702359 0.57949581881985057 2.8551634386240039 0.2993274312466383 0.16492815996753041 0.1669623184716329 0.53378702927147814 0.76102599641308188 0.71924773161299527 1.7390098775504155 0.50555607327260077 0.29368408059235662
leaf_count=391 16 16 25 74 73 1568 28 41 61 36 54 25 6 47 111 15 86 71 38 29 169 8 6 10 53 23 23 232 24 24
internal_value=3.11383e-06 0.00249925 0.00379272 0.00294108 0.00515678 0.00347247 -0.0132662 -0.0256064 -0.00369887 -0.00964037 -0.00149382 0.0124401 -0.0127763 -0.00616939 -0.000625018 -0.0259713 0.00254466 0.00426469 0.00699145 0.0321038 0.000574627 -0.00509556 -0.0388468 -0.0295577 0.0134381 0.0381666 -0.0196457 -0.0444723 -0.00568676 -0.0417422
internal_weight=49.4112 29.5121 27.8834 27.2555 23.9775 22.9716 3.27796 2.40852 19.8991 10.1962 6.8027 3.04371 3.759 1.76615 2.64811 3.39346 9.70293 9.39792 8.69679 1.76997 6.92682 1.29455 2.09892 0.701133 0.833114 1.27755 1.62865 1.93399 0.909397 1.11089
internal_count=3383 1888 1825 1809 1715 1641 94 69 1495 701 326 131 195 72 117 375 794 708 627 67 560 122 253 81 61 59 63 247 40 78
is_linear=0
shrinkage=0.05


Tree=294
num_leaves=31
num_cat=0
split_feature=26 9 46 13 43 22 62 15 59 12 28 54 22 7 41 50 12 50 70 53 71 83 7 63 45 61 23 46 10 53
split_gain=0.180183 0.504901 0.437219 0.424987 0.457091 0.5504 0.594286 0.500683 0.471963 0.516135 0.403931 0.500082 0.726266 0.587212 0.360545 0.349041 0.353818 0.377084 0.382201 0.333332 0.237316 0.235077 0.198069 0.21963 0.18307 0.156557 0.337212 0.0998178 0.0585482 0.0153424
threshold=0.35506157892761064 -0.0010773092940703497 -0.22124826387074928 -0.0036971323815096486 36.336448139153177 -0.0031850154030703122 7.7600979712849478e-05 -0.0040679452996478229 0.00050706658607025128 -0.00057624271088269053 0.21253172075480378 -0.54810488622821951 0.0011445552239396364 24.781015000000004 68.081214105411775 2.3356267148025789 -0.0042768922237734755 1.824584860585704 0.92308838304002216 0.35768743957360516 -0.00012282801542823349 1.5000000000000002 4.077160000000001 0.0012836436238004257 5623.9392471325127 0.00066331407690356839 -0.0079866828503380432 -0.27995713361846708 -9.4151239586004451e-05 0.58754162744517224
decision_type=2 2 2 2 2 2 2 2 2 2 2 2 2 2 2 2 2 2 2 2 2 2 2 2 2 2 2 2 2 2
left_child=2 -2 10 14 8 6 -6 -7 9 -5 11 27 13 -13 28 16 -4 18 -18 -10 -19 -12 23 -23 -16 29 -27 -1 -3 -17
right_child=1 3 15 4 5 7 -8 -9 19 -11 21 12 -14 -15 24 25 17 20 -20 -21 -22 22 -24 -25 -26 26 -28 -29 -30 -31
leaf_value=0.011750452407096717 -0.03641262115783149 -0.026650687852551886 0.026768470610362239 -0.018259474983920106 -0.045241298916124245 -0.022761117870773791 0.0053584450402465863 0.0069741586749066638 0.0098047843271452158 0.036624156925200595 -0.0053479640794237265 -0.0501438249789561 0.025294417972885327 0.043780735736414805 0.030468823240326598 -0.037242758684968978 -0.0079849119055355796 -0.0069754184454942011 -0.051422711893734777 0.045036105280373689 0.044963890770653152 0.039415732598693416 0.047347982311091802 -0.045254581312868011 -0.018345353482377997 -0.052567333971050283 0.016074819380118163 0.049780281533670971 -0.053027219708661956 -0.053381154915529541
leaf_weight=0.2963362111186143 0.81305868783965962 0.34368421498220414 0.79970089887501572 1.2921639052219687 1.2108535266597855 1.5326443421654534 1.1142828188021665 18.546779392883746 1.0707473320653664 0.6408032511753835 0.41332849708851416 1.1502645307628006 0.73350622918223951 0.19455522624775756 0.35298022371716797 0.21148235432337859 10.990938358911075 0.37484010710613802 0.53086260368581939 1.7999332747422156 0.53214040899183679 0.17427793203387398 1.1123115023074204 0.13663657489814796 0.42134847515262663 0.32906645344337448 0.39213318645488471 0.41303750537917938 0.54244396870490763 0.48502226400887594
leaf_count=36 38 25 37 68 86 55 74 1423 71 69 24 156 23 10 21 17 706 26 48 96 23 17 39 28 39 26 23 13 25 41
internal_value=1.20205e-06 0.00244543 -0.00376357 0.00353983 0.00503851 0.0020377 -0.0209922 0.00470449 0.0190345 -6.48514e-05 0.00963983 -0.00235466 -0.0147269 -0.0365557 -0.0210175 -0.00799544 -0.00546857 -0.00754279 -0.00998629 0.031895 0.0234982 0.0278462 0.0374864 0.00220595 0.00390675 -0.0315735 -0.015245 0.0338936 -0.0427971 -0.048481
internal_weight=48.9522 29.6817 19.2704 28.8687 27.2082 22.4046 2.32514 20.0794 4.80365 1.93297 4.62425 2.7877 2.07833 1.34482 1.66046 14.6462 13.2285 12.4288 11.5218 2.87068 0.906981 1.83655 1.42323 0.310915 0.774329 1.4177 0.7212 0.709374 0.886128 0.696505
internal_count=3383 2090 1293 2052 1942 1638 160 1478 304 137 346 238 189 166 110 947 840 803 754 167 49 108 84 45 60 107 49 49 50 58
is_linear=0
shrinkage=0.05


Tree=295
num_leaves=27
num_cat=0
split_feature=57 47 45 22 4 50 61 71 21 26 57 21 62 21 65 57 67 47 74 22 46 76 57 25 63 68
split_gain=0.181744 0.21263 0.431088 0.500313 0.437691 0.429496 0.805331 0.566156 0.522959 0.49766 0.344549 0.558102 0.921178 0.584777 0.402812 0.354268 0.318202 0.43424 0.295066 0.397917 0.284884 0.257124 0.167174 0.158817 0.0585976 0.0563326
threshold=0.00012276494264133072 0.56714448201163681 7629.5802155025513 -0.0024234837707569619 4.9067550000000013 0.55679608974958128 0.0003435797266609887 0.00013060017142374483 0.0010802838931464056 0.35506157892761064 0.00064477533828658136 0.0013620118448101073 0.00011616468151288423 0.001332265100447594 0.0074750484714247055 0.0015442346023439399 0.92266868558310089 0.4864522328352317 58.828181578881235 -0.0045366410563970052 0.12348080039714257 38.500000000000007 0.0005432322759055349 50.401457060898068 0.0018753471209870534 0.00015510662150919344
decision_type=2 2 2 2 2 2 2 2 2 2 2 2 2 2 2 2 2 2 2 2 2 2 2 2 2 2
left_child=25 2 3 18 -4 6 9 21 -9 24 11 13 -13 -7 15 -12 17 -5 19 -2 -18 -8 -6 -11 -3 -1
right_child=1 5 4 16 22 10 7 8 -10 23 14 12 -14 -15 -16 -17 20 -19 -20 -21 -22 -23 -24 -25 -26 -27
leaf_value=-0.013779452001173512 0.0048797525960567866 -0.051012569870624636 0.030874093444287487 0.015240301172634431 -0.054551473648345318 0.002458377837995481 -0.0466438065908205 -0.027878766341364852 0.042118045612840237 0.0098836669210176087 -0.0046864494123212514 0.033742777232270801 -0.025699970990917555 -0.0563128715455831 -0.038841622810153437 0.03026734412876847 0.014678201420480914 0.049277853807751328 0.031095011762336124 -0.039467467404231807 -0.03458856978023684 -0.0051367141268333361 -0.013847385788721682 0.052979599357088049 -0.0093929656490952858 -0.056215076561650881
leaf_weight=0.13884723264345566 1.1131927612586883 0.19043839679215924 0.32888284942600776 2.914527227607322 0.53927011325140461 13.58562128689664 2.1674410078558148 0.59436787146842085 0.48423668558825739 0.32914675923530012 14.159805994713674 3.2224629196352899 0.81699845296679985 0.4368639104068287 0.82237550616264421 0.7640215723076843 0.86952355701941975 1.381036089689587 0.41250053804833431 0.92708067008061257 0.44287918266491033 0.45069452017196443 0.47394595434889197 0.60990825830958784 0.15213117247913033 0.17906311532715335
leaf_count=33 97 25 23 325 19 845 93 30 40 22 814 412 44 6 11 59 65 104 33 100 34 39 30 50 21 9
internal_value=-5.48736e-07 0.000248035 0.00699359 0.0113621 -0.0192437 -0.00138726 -0.0150985 -0.0269394 0.00354612 0.0190556 0.000631766 0.00534469 0.0217202 0.000627387 -0.00477428 -0.002897 0.0196002 0.0261835 -0.00747346 -0.0152712 -0.0019472 -0.0394986 -0.0355116 0.0378741 -0.0325298 -0.0376813
internal_weight=48.5073 48.1894 9.40284 8.06074 1.3421 38.7865 4.97836 3.69674 1.0786 1.28162 33.8081 18.0619 4.03946 14.0225 15.7462 14.9238 5.60797 4.29556 2.45277 2.04027 1.3124 2.61814 1.01322 0.939055 0.34257 0.31791
internal_count=3383 3341 830 758 72 2511 320 202 70 118 2191 1307 456 851 884 873 528 429 230 197 99 132 49 72 46 42
is_linear=0
shrinkage=0.05


Tree=296
num_leaves=31
num_cat=0
split_feature=21 5 67 30 42 67 37 46 43 2 11 69 55 57 35 63 63 15 14 76 46 70 14 37 50 35 14 34 12 35
split_gain=0.180887 0.507832 0.458566 0.673572 0.720041 0.958042 0.6186 0.502266 0.880142 0.737149 0.396105 0.343446 0.850167 0.565944 0.768428 0.726345 0.486973 0.441679 0.458745 1.04661 0.563553 0.751097 0.481761 0.331432 0.384766 0.288058 0.263013 0.176496 0.13489 0.131387
threshold=0.00065107709692036064 234612.54274270002 0.89010990060111317 -50.81805461937477 25.280752060207202 0.92931130009483198 63346.687924011821 0.038816158633520122 68.537172614095198 64132.590000000004 0.0027847913958016783 0.91998176234435658 64078.234371559694 0.001119586701606899 0.72453656890209228 0.0019649752563486562 0.0020239433161186125 0.0064693085185894015 -0.00047512853093056856 12.500000000000002 0.070906146323627822 0.5666228974065235 -0.0057749855548117615 63369.164451948782 0.46241703505202775 0.14891828411358213 0.00016465987088998271 62967.013596865181 0.002155559898085913 1.0485364648468998
decision_type=2 2 2 2 2 2 2 2 2 2 2 2 2 2 2 2 2 2 2 2 2 2 2 2 2 2 2 2 2 2
left_child=11 -2 7 -4 5 -5 -6 8 9 -3 25 17 23 14 15 -14 -16 18 19 -1 26 -22 -21 27 -25 -9 -20 -13 -10 -12
right_child=1 2 3 4 6 -7 -8 10 28 -11 29 12 13 -15 16 -17 -18 -19 20 22 21 -23 -24 24 -26 -27 -28 -29 -30 -31
leaf_value=-0.04941558797850687 0.049632333334982445 -0.0036599092500170429 0.051647487559780374 -0.0030403876339156841 0.051050419623463711 0.043914734038980691 -0.017451316050234127 -0.034622169033260458 -0.018545992031889304 0.051778116837359278 0.013190700667269318 0.014280604139364323 0.019720763183797556 -0.049525293275249356 -0.012546560002950919 -0.026139011052748646 0.034841859152050722 0.039185037227712591 -0.0086810760252328239 -0.05303734686676892 0.051846621806708772 -0.013947132513007868 0.0083948563572456801 0.002252975646890676 0.047591617612848913 0.040830571421811943 -0.043497591271413227 -0.049726938078038158 -0.055820305523050111 -0.043111737072651687
leaf_weight=0.97817053770995865 0.57797156591550702 1.6921434072428416 0.54698333586566583 4.4609213944786399 0.3441291543422248 1.4360212459869215 7.7895967265649233 0.13388022236176844 0.43288740324351227 0.92872658968553867 0.19863945939869143 0.2654229120817021 1.1989711404603438 0.63633900991408143 0.76481717429123852 3.0850505463313311 1.8618923868052659 0.49482328491285521 0.71917725118692155 0.33424616913544092 0.4884954469744115 3.8725085775949992 7.0608907192072357 0.64256801235023919 1.721993970335461 2.2928419480304001 2.2071835732203908 0.18124055291991681 0.5525001320274896 0.21661250665783882
leaf_count=140 147 70 50 221 46 92 339 25 30 116 33 25 89 62 38 212 77 22 57 22 24 178 555 31 97 393 138 26 16 12
internal_value=-7.21631e-07 0.00339547 0.00212448 -0.00278652 -0.00490862 0.00839411 -0.0145531 0.0132269 0.000838978 0.015985 0.0289462 -0.00276799 0.0043389 -0.00440362 -0.000248827 -0.0133042 0.0210438 -0.00732466 -0.00879421 -0.000810819 -0.0179673 -0.00657728 0.00561824 0.0278092 0.0352709 0.0366679 -0.0349411 -0.0116914 -0.0394454 -0.016179
internal_weight=48.1176 21.6039 21.0259 14.5777 14.0307 5.89694 8.13373 6.44823 3.60626 2.62087 2.84197 26.5138 10.3583 7.54707 6.91073 4.28402 2.62671 16.1555 15.6607 8.37331 7.28736 4.361 7.39514 2.81123 2.36456 2.42672 2.92636 0.446663 0.985388 0.415252
internal_count=3383 1590 1443 748 698 313 385 695 232 186 463 1793 657 478 416 301 115 1136 1114 717 397 202 577 179 128 418 195 51 46 45
is_linear=0
shrinkage=0.05


Tree=297
num_leaves=25
num_cat=0
split_feature=62 41 41 31 31 8 53 47 22 35 64 0 33 74 61 46 45 79 43 48 65 46 31 33
split_gain=0.185187 0.405011 0.412642 0.243059 0.617361 0.517448 0.420075 0.50853 0.830246 0.619783 0.322619 0.291599 0.65262 0.538423 0.210245 0.178391 0.154006 0.0543473 0.00901327 0.00603104 0.000549081 0.000382587 0.000121245 3.42747e-05
threshold=0.0002224096938931794 60.491560388612697 80.082306664335206 -12.366173433186098 -11.292808449573259 121894.68251895001 0.77509207089763532 1.0321305228145674 0.0010918636271182172 0.52934607669906275 0.0056655613726146045 65043.025000000009 64707.000250000005 7.9209605176764901 0.00050873375826893119 0.098512747684408944 6443.8274517893069 -0.12940952255126037 39.15942726815738 0.18369243201642146 0.0074164411936512992 0.47072471492550655 6.5800044326122089 63484.318750000013
decision_type=2 2 2 2 2 2 2 2 2 2 2 2 2 2 2 2 2 2 2 2 2 2 2 2
left_child=3 18 17 5 16 19 7 8 -7 -9 11 12 -6 -13 -8 -12 -5 -3 -2 -1 23 -20 -17 -21
right_child=1 2 -4 4 10 6 14 9 -10 -11 15 13 -14 -15 -16 22 -18 -19 21 20 -22 -23 -24 -25
leaf_value=-0.037994937311067657 0.037556640028919758 -0.015875871259141132 0.036172955743633703 0.01024208941893278 -0.0016202528311386388 -0.01258581010158452 0.049858490206755701 -0.048931510917857052 0.033211779108223718 -0.0036864207774287405 -0.010401358084190409 0.033869864525078758 0.019277713949832964 -0.014850676581090211 0.0045500659698875729 0.052017926855866384 0.048143780218563408 -0.052092149505810974 0.050810041831744063 -0.051633880939881895 -0.054245580227828216 0.053681623724696093 0.050391164904384528 -0.050484565935054043
leaf_weight=0.095237976347560926 0.13602591073140391 0.16995508305262774 0.33022773615084589 0.39348504960071184 24.035615774664624 3.0850059672084154 0.47683226282242663 1.389507278610836 1.4569678310072047 1.6624980987398883 0.15650060790358011 0.62795908396947098 4.4234064184856825 5.8486378693341976 0.55295567720895633 0.26186111115384847 0.84052626811899245 0.26527250261278823 0.24129744293168187 0.078908178955316544 0.14368266612291336 0.22336250357329845 0.20359085808740929 0.36459086940158159
leaf_count=8 16 29 18 27 1603 287 18 133 50 92 28 53 337 400 35 14 36 24 39 4 2 4 50 76
internal_value=2.48164e-06 0.0181445 -0.00597224 -0.000535171 0.00129081 -0.00775412 -0.00443751 -0.00850123 0.00210507 -0.0242855 8.42263e-05 -0.000551241 0.00162793 -0.0101268 0.0255296 0.035779 0.0360582 -0.0379498 0.0488766 -0.0496663 -0.0515593 0.0521904 0.0513064 -0.0506891
internal_weight=47.4639 1.36614 0.765455 46.0978 36.7916 9.30619 8.62377 7.59398 4.54197 3.05201 35.5576 34.9356 28.459 6.4766 1.02979 0.621953 1.23401 0.435228 0.600686 0.68242 0.587182 0.46466 0.465452 0.443499
internal_count=3383 130 71 3253 2548 705 615 562 337 225 2485 2393 1940 453 53 92 63 53 59 90 82 43 64 80
is_linear=0
shrinkage=0.05


Tree=298
num_leaves=19
num_cat=0
split_feature=66 45 10 53 42 70 11 67 62 12 65 36 38 47 42 62 62 62
split_gain=0.188962 0.235974 0.213601 0.381697 0.481101 0.440876 0.612859 0.351542 0.340088 0.262864 0.650402 0.573918 0.644319 0.552825 0.359402 0.257298 0.152447 0.0422913
threshold=0.42832500662411516 4740.2509986648056 -0.0010204044342681515 0.61336007785583824 33.590376509829987 0.72972061671479171 -0.0010780856417410554 0.8450884623178353 3.9650079388761862e-05 -3.1213030349752639e-05 0.0074177269372492456 0.55577087088226718 64349.102234450496 1.2018936521221975 26.998134240057151 4.0285373412428221e-05 0.00010416146767514165 0.00012972869933680417
decision_type=2 2 2 2 2 2 2 2 2 2 2 2 2 2 2 2 2 2
left_child=16 17 3 4 8 15 -7 -6 -3 10 13 14 -13 -4 -11 -5 -1 -2
right_child=1 2 9 5 7 6 -8 -9 -10 11 -12 12 -14 -15 -16 -17 -18 -19
leaf_value=0.0038657846621121868 0.020403774970077421 0.0039158071070620375 -0.0005531346940213965 0.016130532527614944 0.042482592368738047 0.019019971083629284 -0.021361157412906773 -0.012337981365637046 -0.044621471096161359 0.008480637422898776 0.052676046941832068 0.012055581701330885 -0.0062565277516923147 -0.025353736028702174 0.04455827221645986 -0.043728206395662432 -0.051919938256731184 0.056155231663348439
leaf_weight=0.20094609796069463 0.13919091335264866 0.45753361136303183 11.642767215351332 0.23714305731118646 0.40293346709222522 3.3707359788822941 1.3027463012840597 1.0663713445246683 1.7086366736912166 1.3809520507202315 0.49983162390708535 8.8777838024543616 10.467052198946474 2.7843693226750483 1.3802866570185868 0.73885749711189419 0.3135653214994818 0.20388169959187508
leaf_count=33 31 37 768 32 23 207 57 88 123 74 25 767 736 206 81 59 23 13
internal_value=3.06318e-06 0.000335354 2.93394e-05 -0.00675178 -0.0193893 0.00138056 0.00776362 0.00269569 -0.0343695 0.00172951 -0.00339687 0.00519106 0.00214731 -0.00533953 0.0265151 -0.0291841 -0.0301324 0.0416502
internal_weight=47.1756 46.6611 46.318 9.28496 3.63548 5.64948 4.67348 1.4693 2.16617 37.033 14.927 22.1061 19.3448 14.4271 2.76124 0.976001 0.514511 0.343073
internal_count=3383 3327 3283 626 271 355 264 111 160 2657 999 1658 1503 974 155 91 56 44
is_linear=0
shrinkage=0.05


Tree=299
num_leaves=17
num_cat=0
split_feature=66 66 22 6 38 45 45 29 76 58 27 26 29 68 69 65
split_gain=0.175983 0.232504 0.607397 0.503899 0.408864 0.420047 0.895234 0.443806 0.31207 0.132615 0.127841 0.0913351 0.0683939 0.00292271 0.000111264 5.50369e-06
threshold=0.42832500662411516 0.67657080579946682 -0.0016266788912107086 5091.0000000000009 66785.763378291434 7813.8370544876898 7714.8273295617955 7.9759007681714147 56.500000000000007 0.00072717872719533464 0.10959715880966124 0.27253357150551244 -2.3215155574725936 3.102615342354121e-05 0.37760659989180201 0.0057745994550301551
decision_type=2 2 2 2 2 2 2 2 2 2 2 2 2 2 2 2
left_child=9 2 3 12 5 6 8 10 -3 -1 -7 -4 -2 -8 -13 -16
right_child=1 4 11 -5 -6 7 13 -9 -10 -11 -12 14 -14 -15 15 -17
leaf_value=0.00011614123154269746 -0.051208354203705224 -0.00071366550429137997 0.0096587723359834177 0.023760698108258236 -0.041536941143525075 0.001682291411412958 -0.046237461828304481 -0.028798100505323027 0.02041782218845882 -0.051901756339786692 0.048044867681640957 0.051864054751099134 -0.017742313711514773 -0.052998065736250426 0.050513173547346468 0.05088491485486403
leaf_weight=0.21513852593488891 0.39464085979852825 39.371758794877678 0.15549286094028392 0.66668964410200715 0.59847877244464953 0.17598808152251766 0.21228547638747741 0.28645802498795081 1.8282881095656183 0.28462605772074312 0.95847324439091608 0.44994656780909281 0.24899155437015019 0.64740536303725094 0.17828562465729192 0.22550082478846889
leaf_count=37 36 2793 21 22 21 31 32 21 115 19 64 39 22 40 38 32
internal_value=2.70963e-06 0.000320584 0.0157499 -0.0067049 -0.000491344 7.3618e-05 -0.000829662 0.026811 0.000224063 -0.0295091 0.0408527 0.044904 -0.0382619 -0.0513287 0.0513233 0.0507208
internal_weight=46.8984 46.3987 2.31955 1.31032 44.0791 43.4807 42.0597 1.42092 41.2 0.499765 1.13446 1.00923 0.643632 0.859691 0.853733 0.403786
internal_count=3383 3327 210 80 3117 3096 2980 116 2908 56 95 130 58 72 109 70
is_linear=0
shrinkage=0.05


end of trees

feature_importances:
Column_21=431
Column_22=297
Column_76=253
Column_42=206
Column_62=205
Column_46=203
Column_59=195
Column_66=189
Column_45=188
Column_67=186
Column_60=180
Column_12=172
Column_70=171
Column_74=166
Column_35=165
Column_69=160
Column_23=158
Column_43=153
Column_41=150
Column_58=150
Column_30=145
Column_15=144
Column_26=135
Column_25=132
Column_14=131
Column_61=128
Column_63=126
Column_10=122
Column_31=118
Column_29=116
Column_65=116
Column_28=111
Column_44=108
Column_32=107
Column_57=101
Column_47=97
Column_56=88
Column_11=86
Column_13=84
Column_64=83
Column_73=73
Column_68=71
Column_27=68
Column_6=65
Column_9=62
Column_24=58
Column_0=53
Column_79=53
Column_34=52
Column_39=52
Column_49=52
Column_55=51
Column_33=47
Column_38=47
Column_72=47
Column_7=46
Column_51=44
Column_36=42
Column_50=42
Column_71=41
Column_75=39
Column_5=38
Column_78=38
Column_2=35
Column_37=33
Column_1=31
Column_48=29
Column_52=29
Column_19=27
Column_20=23
Column_80=22
Column_3=21
Column_8=20
Column_53=20
Column_4=17
Column_77=17
Column_18=16
Column_16=15
Column_54=15
Column_17=14
Column_83=6
Column_81=5
Column_82=5
Column_84=3

parameters:
[boosting: gbdt]
[objective: binary]
[metric: binary_logloss]
[tree_learner: serial]
[device_type: cpu]
[data_sample_strategy: bagging]
[data: ]
[valid: ]
[num_iterations: 300]
[learning_rate: 0.05]
[num_leaves: 31]
[num_threads: 2]
[seed: 42]
[deterministic: 0]
[force_col_wise: 0]
[force_row_wise: 0]
[histogram_pool_size: -1]
[max_depth: 6]
[min_data_in_leaf: 20]
[min_sum_hessian_in_leaf: 0.001]
[bagging_fraction: 0.8]
[pos_bagging_fraction: 1]
[neg_bagging_fraction: 1]
[bagging_freq: 0]
[bagging_seed: 400]
[bagging_by_query: 0]
[feature_fraction: 0.8]
[feature_fraction_bynode: 1]
[feature_fraction_seed: 30056]
[extra_trees: 0]
[extra_seed: 12879]
[early_stopping_round: 0]
[early_stopping_min_delta: 0]
[first_metric_only: 0]
[max_delta_step: 0]
[lambda_l1: 0]
[lambda_l2: 0]
[linear_lambda: 0]
[min_gain_to_split: 0]
[drop_rate: 0.1]
[max_drop: 50]
[skip_drop: 0.5]
[xgboost_dart_mode: 0]
[uniform_drop: 0]
[drop_seed: 17869]
[top_rate: 0.2]
[other_rate: 0.1]
[min_data_per_group: 100]
[max_cat_threshold: 32]
[cat_l2: 10]
[cat_smooth: 10]
[max_cat_to_onehot: 4]
[top_k: 20]
[monotone_constraints: ]
[monotone_constraints_method: basic]
[monotone_penalty: 0]
[feature_contri: ]
[forcedsplits_filename: ]
[refit_decay_rate: 0.9]
[cegb_tradeoff: 1]
[cegb_penalty_split: 0]
[cegb_penalty_feature_lazy: ]
[cegb_penalty_feature_coupled: ]
[path_smooth: 0]
[interaction_constraints: ]
[verbosity: -1]
[saved_feature_importance_type: 0]
[use_quantized_grad: 0]
[num_grad_quant_bins: 4]
[quant_train_renew_leaf: 0]
[stochastic_rounding: 1]
[linear_tree: 0]
[max_bin: 255]
[max_bin_by_feature: ]
[min_data_in_bin: 3]
[bin_construct_sample_cnt: 200000]
[data_random_seed: 175]
[is_enable_sparse: 1]
[enable_bundle: 1]
[use_missing: 1]
[zero_as_missing: 0]
[feature_pre_filter: 1]
[pre_partition: 0]
[two_round: 0]
[header: 0]
[label_column: ]
[weight_column: ]
[group_column: ]
[ignore_column: ]
[categorical_feature: ]
[forcedbins_filename: ]
[precise_float_parser: 0]
[parser_config_file: ]
[objective_seed: 16083]
[num_class: 1]
[is_unbalance: 0]
[scale_pos_weight: 1]
[sigmoid: 1]
[boost_from_average: 1]
[reg_sqrt: 0]
[alpha: 0.9]
[fair_c: 1]
[poisson_max_delta_step: 0.7]
[tweedie_variance_power: 1.5]
[lambdarank_truncation_level: 30]
[lambdarank_norm: 1]
[label_gain: ]
[lambdarank_position_bias_regularization: 0]
[eval_at: ]
[multi_error_top_k: 1]
[auc_mu_weights: ]
[num_machines: 1]
[local_listen_port: 12400]
[time_out: 120]
[machine_list_filename: ]
[machines: ]
[gpu_platform_id: -1]
[gpu_device_id: -1]
[gpu_device_id_list: ]
[gpu_use_dp: 0]
[num_gpu: 1]

end of parameters

pandas_categorical:null
